customerId,customerName,plan,monthlyPrice,tenureMonths,outages,complaints,supportCalls,latePayments,competitorAvailable,monthlyContract,speedMbps,avgMonthlyUsageGb,recentPlanChange,contractRenewalDue,region,createdMonth,churnProbability,churn
1,Jamie Patel,Basic,699,2,4,3,3,1,0,0,100,214,False,True,North,2024-04,0.4848,0
2,Alex Garcia,Plus,999,46,8,6,3,3,1,0,200,225,False,True,West,2024-06,0.7424,1
3,Jamie Lee,Basic,699,25,1,5,5,4,1,0,100,163,False,False,West,2024-02,0.8449,1
4,Alex Nguyen,Plus,999,46,1,0,3,2,0,0,200,290,False,False,West,2024-11,0.6803,1
5,Avery Nguyen,Premium,1499,45,1,2,8,5,0,0,500,147,False,False,South,2024-11,0.8404,1
6,Quinn Martinez,Basic,699,52,5,6,4,0,0,1,100,147,False,False,West,2024-03,0.5125,1
7,Casey Davis,Premium,1499,48,6,6,5,1,0,1,500,196,True,True,North,2024-03,0.8668,1
8,Taylor Khan,Basic,699,25,6,7,8,2,0,0,100,59,False,False,East,2024-11,0.8905,1
9,Alex Brown,Basic,699,47,4,2,8,0,1,0,100,109,True,False,North,2024-10,0.8141,1
10,Taylor Brown,Plus,999,4,3,1,1,5,1,0,200,116,False,False,South,2024-03,0.7821,0
11,Quinn Nguyen,Ultra,2499,14,8,3,4,3,1,1,1000,282,False,False,South,2024-04,0.6356,1
12,Jamie Davis,Plus,999,1,1,0,3,0,0,1,200,184,True,True,West,2024-04,0.6216,0
13,Avery Johnson,Ultra,2499,16,7,6,3,0,0,1,1000,141,False,False,North,2024-11,0.8398,1
14,Quinn Garcia,Premium,1499,52,1,3,3,1,1,0,500,99,False,False,South,2024-02,0.7477,0
15,Avery Johnson,Basic,699,42,8,0,1,1,0,1,100,137,False,True,West,2024-01,0.4004,0
16,Alex Patel,Premium,1499,60,7,4,6,5,1,0,500,137,False,True,North,2024-10,0.9482,1
17,Morgan Davis,Basic,699,38,7,2,0,4,0,0,100,179,True,True,South,2024-07,0.5353,0
18,Riley Lee,Basic,699,40,1,6,8,2,1,0,100,237,False,False,East,2024-07,0.5117,0
19,Quinn Brown,Basic,699,1,7,1,1,4,0,1,100,194,True,False,North,2024-04,0.8047,1
20,Alex Nguyen,Basic,699,43,8,4,1,1,1,0,100,87,False,False,South,2024-05,0.8205,1
21,Riley Martinez,Premium,1499,33,7,4,0,0,1,1,500,231,True,False,South,2024-11,0.8169,1
22,Reese Lee,Ultra,2499,36,0,1,1,5,0,0,1000,171,False,False,South,2024-07,0.381,0
23,Morgan Smith,Basic,699,58,5,3,3,5,0,1,100,76,False,False,West,2024-10,0.862,0
24,Casey Patel,Plus,999,57,6,0,2,5,1,1,200,147,False,False,South,2024-05,0.6198,0
25,Reese Lee,Ultra,2499,15,3,7,5,2,0,0,1000,204,True,True,East,2024-05,0.8423,0
26,Alex Johnson,Ultra,2499,44,8,5,0,0,1,0,1000,202,False,False,North,2024-02,0.8009,1
27,Alex Davis,Basic,699,25,3,4,0,5,1,0,100,132,False,False,South,2024-06,0.8458,0
28,Taylor Davis,Premium,1499,43,1,4,8,2,1,1,500,252,False,False,South,2024-04,0.8388,0
29,Quinn Khan,Premium,1499,26,8,0,4,2,0,1,500,121,False,False,East,2024-08,0.7947,1
30,Avery Nguyen,Plus,999,43,1,4,8,5,1,0,200,203,False,False,East,2024-04,0.8804,1
31,Quinn Khan,Ultra,2499,40,1,7,6,5,0,1,1000,146,False,True,North,2024-02,0.8862,1
32,Riley Khan,Basic,699,36,3,1,7,1,1,1,100,102,False,False,West,2024-09,0.7409,1
33,Jordan Smith,Premium,1499,49,3,4,8,3,0,1,500,236,False,False,South,2024-05,0.8747,0
34,Jamie Patel,Plus,999,15,6,2,3,0,1,1,200,174,False,False,North,2024-04,0.8116,1
35,Casey Smith,Ultra,2499,31,0,5,4,3,1,0,1000,205,False,False,West,2024-01,0.7979,1
36,Morgan Khan,Ultra,2499,59,2,0,6,4,0,0,1000,205,False,True,West,2024-03,0.5722,1
37,Avery Patel,Premium,1499,22,6,4,6,2,0,1,500,177,True,False,East,2024-04,0.9101,1
38,Jamie Garcia,Plus,999,13,0,2,3,1,1,0,200,20,False,True,East,2024-06,0.4142,0
39,Jamie Garcia,Plus,999,20,1,0,4,4,1,1,200,186,False,True,South,2024-02,0.7694,1
40,Riley Smith,Basic,699,23,8,6,5,0,1,0,100,186,False,False,North,2024-07,0.828,1
41,Riley Nguyen,Ultra,2499,12,8,4,8,3,1,1,1000,164,False,False,East,2024-04,0.9092,1
42,Reese Martinez,Ultra,2499,37,6,5,0,3,1,0,1000,283,False,False,East,2024-06,0.5968,1
43,Avery Garcia,Basic,699,34,3,1,3,5,1,1,100,123,False,True,West,2024-11,0.8285,1
44,Reese Nguyen,Premium,1499,15,6,3,4,5,1,1,500,244,False,False,East,2024-06,0.9105,1
45,Alex Smith,Basic,699,47,3,5,1,5,0,0,100,142,False,False,East,2024-02,0.8477,1
46,Riley Khan,Premium,1499,1,8,2,4,0,0,1,500,186,False,True,West,2024-02,0.8449,1
47,Jamie Brown,Ultra,2499,22,2,0,4,3,0,0,1000,130,False,True,North,2024-03,0.4282,0
48,Jordan Nguyen,Basic,699,16,1,6,3,4,1,1,100,152,False,False,West,2024-05,0.8101,1
49,Reese Brown,Plus,999,17,1,2,3,1,0,0,200,200,True,False,West,2024-05,0.368,0
50,Jamie Davis,Ultra,2499,5,3,4,3,3,0,0,1000,180,False,False,South,2024-02,0.5411,0
51,Alex Davis,Premium,1499,29,1,7,4,5,1,1,500,80,False,False,North,2024-10,0.6241,1
52,Riley Garcia,Premium,1499,2,1,3,0,5,1,0,500,156,False,True,West,2024-05,0.5074,0
53,Quinn Patel,Ultra,2499,23,6,5,5,5,0,0,1000,168,False,False,East,2024-11,0.9213,1
54,Riley Khan,Ultra,2499,6,5,4,5,0,1,0,1000,312,False,False,West,2024-01,0.5637,1
55,Quinn Johnson,Basic,699,14,4,2,4,3,1,0,100,198,True,False,South,2024-12,0.5693,1
56,Morgan Khan,Basic,699,15,1,7,1,5,0,1,100,45,False,False,East,2024-07,0.8315,0
57,Jamie Khan,Plus,999,25,3,2,1,2,1,1,200,184,False,False,North,2024-05,0.8084,0
58,Casey Patel,Plus,999,29,8,7,5,2,1,1,200,166,False,False,South,2024-10,0.8998,1
59,Quinn Khan,Premium,1499,48,7,6,6,5,0,1,500,177,False,True,East,2024-02,0.9245,1
60,Casey Lee,Basic,699,47,2,6,2,0,1,1,100,259,False,False,North,2024-06,0.7795,0
61,Taylor Brown,Ultra,2499,56,8,0,1,1,1,0,1000,235,False,False,North,2024-11,0.7376,1
62,Jamie Johnson,Basic,699,3,5,0,4,2,1,1,100,278,True,False,South,2024-03,0.4974,0
63,Riley Lee,Plus,999,32,2,3,7,5,1,1,200,221,False,True,West,2024-05,0.9088,1
64,Reese Patel,Premium,1499,41,6,4,7,2,0,1,500,110,False,True,West,2024-10,0.8782,1
65,Taylor Garcia,Ultra,2499,18,0,0,7,2,0,1,1000,186,False,True,East,2024-11,0.7036,0
66,Alex Martinez,Basic,699,20,7,0,5,5,0,0,100,71,False,False,West,2024-03,0.6295,0
67,Quinn Lee,Premium,1499,54,2,4,7,2,1,0,500,105,False,True,South,2024-11,0.8583,0
68,Alex Garcia,Basic,699,51,6,0,4,4,0,1,100,115,False,False,East,2024-10,0.8621,1
69,Avery Brown,Plus,999,31,0,5,3,5,0,1,200,125,False,False,West,2024-02,0.4979,0
70,Casey Garcia,Ultra,2499,8,1,3,8,1,1,1,1000,236,False,False,West,2024-10,0.7531,1
71,Alex Patel,Ultra,2499,40,6,4,0,5,1,0,1000,195,False,False,East,2024-02,0.9043,1
72,Quinn Nguyen,Ultra,2499,18,3,1,7,0,0,0,1000,67,True,False,South,2024-10,0.467,0
73,Avery Smith,Plus,999,53,3,5,2,4,0,1,200,198,False,True,South,2024-09,0.598,1
74,Riley Lee,Basic,699,23,3,5,0,1,1,0,100,93,True,False,North,2024-12,0.4187,0
75,Riley Garcia,Basic,699,29,8,3,0,5,1,1,100,216,False,True,West,2024-07,0.8823,1
76,Jordan Martinez,Basic,699,21,2,1,2,2,1,1,100,197,False,False,West,2024-09,0.7275,1
77,Taylor Khan,Plus,999,28,7,3,6,2,1,1,200,132,False,True,West,2024-06,0.8874,1
78,Alex Johnson,Basic,699,6,1,1,6,0,1,0,100,200,False,False,East,2024-11,0.3414,0
79,Reese Davis,Basic,699,19,4,5,1,4,0,0,100,310,False,True,North,2024-06,0.8571,1
80,Taylor Davis,Plus,999,52,6,0,4,0,0,1,200,96,False,False,East,2024-06,0.435,0
81,Jamie Davis,Ultra,2499,5,2,0,1,5,0,1,1000,111,False,False,East,2024-05,0.7938,1
82,Quinn Garcia,Basic,699,57,0,2,2,4,0,0,100,261,False,False,West,2024-10,0.6893,1
83,Taylor Brown,Premium,1499,28,1,4,7,4,1,0,500,247,False,False,North,2024-01,0.6111,0
84,Alex Garcia,Premium,1499,21,1,0,7,5,1,0,500,237,True,False,South,2024-09,0.8737,1
85,Avery Lee,Ultra,2499,56,0,6,0,3,0,1,1000,162,False,False,West,2024-05,0.3982,0
86,Morgan Lee,Plus,999,52,7,5,1,3,0,0,200,117,False,False,North,2024-07,0.8317,1
87,Taylor Davis,Plus,999,5,8,1,8,4,0,1,200,174,False,False,South,2024-04,0.655,1
88,Reese Brown,Plus,999,49,1,2,7,3,1,1,200,199,False,False,South,2024-08,0.5235,1
89,Jamie Davis,Basic,699,23,8,1,4,3,1,0,100,180,True,False,North,2024-11,0.8857,1
90,Alex Garcia,Ultra,2499,30,8,0,7,4,0,1,1000,161,False,False,North,2024-08,0.7002,0
91,Alex Garcia,Plus,999,3,3,7,7,4,0,1,200,223,False,False,West,2024-06,0.8809,1
92,Casey Smith,Premium,1499,7,8,6,4,2,0,1,500,105,True,False,East,2024-05,0.9022,1
93,Riley Nguyen,Basic,699,20,8,6,5,1,0,1,100,164,False,True,East,2024-03,0.8877,1
94,Jamie Smith,Plus,999,9,2,1,4,0,0,1,200,213,False,False,West,2024-03,0.3272,0
95,Riley Khan,Ultra,2499,3,6,5,3,3,1,1,1000,120,False,True,West,2024-04,0.8921,0
96,Quinn Garcia,Premium,1499,50,6,6,2,1,0,1,500,148,True,False,East,2024-09,0.8753,1
97,Casey Martinez,Premium,1499,6,2,4,7,4,0,1,500,194,True,False,West,2024-06,0.8485,1
98,Riley Smith,Premium,1499,16,6,1,5,1,0,1,500,192,False,False,East,2024-03,0.5244,1
99,Jordan Patel,Ultra,2499,29,0,1,0,2,0,0,1000,118,False,False,West,2024-02,0.6185,1
100,Taylor Garcia,Plus,999,27,7,1,1,3,0,0,200,184,False,False,North,2024-10,0.7592,1
101,Jordan Davis,Premium,1499,5,8,0,6,3,0,1,500,205,False,False,North,2024-06,0.8715,1
102,Riley Patel,Premium,1499,9,0,5,8,2,0,1,500,255,False,False,South,2024-03,0.532,0
103,Alex Patel,Premium,1499,13,0,3,0,2,1,1,500,83,False,False,East,2024-01,0.6614,1
104,Jordan Johnson,Premium,1499,18,1,5,6,3,1,1,500,216,False,True,West,2024-06,0.8729,1
105,Avery Lee,Basic,699,28,2,4,5,0,0,1,100,216,False,False,West,2024-03,0.8345,1
106,Morgan Lee,Ultra,2499,18,0,1,6,2,0,0,1000,219,True,False,West,2024-01,0.4577,0
107,Jordan Patel,Premium,1499,25,0,2,7,2,1,1,500,246,False,False,East,2024-07,0.7838,1
108,Jordan Smith,Plus,999,32,8,6,8,0,1,1,200,157,False,True,East,2024-12,0.897,1
109,Taylor Lee,Basic,699,29,2,7,1,5,1,1,100,125,False,False,East,2024-05,0.85,1
110,Casey Khan,Plus,999,8,3,2,3,3,0,1,200,146,False,False,South,2024-10,0.7794,1
111,Taylor Johnson,Ultra,2499,50,6,1,2,2,0,1,1000,342,False,False,South,2024-09,0.7427,1
112,Quinn Brown,Basic,699,54,1,2,4,1,0,1,100,228,False,True,East,2024-02,0.3182,0
113,Jordan Patel,Plus,999,41,4,1,8,5,0,0,200,146,True,False,East,2024-10,0.6555,0
114,Taylor Khan,Premium,1499,42,3,6,0,3,1,1,500,184,False,False,West,2024-05,0.8097,1
115,Quinn Garcia,Ultra,2499,31,7,3,5,4,0,1,1000,129,False,False,East,2024-07,0.6818,1
116,Taylor Lee,Premium,1499,16,7,1,4,3,0,0,500,128,True,False,West,2024-10,0.8572,0
117,Jamie Lee,Premium,1499,13,2,7,8,3,1,1,500,183,False,True,West,2024-09,0.8779,1
118,Jamie Martinez,Basic,699,4,4,7,7,2,0,0,100,330,False,False,East,2024-07,0.8844,1
119,Alex Martinez,Plus,999,24,8,4,1,3,1,1,200,38,False,False,North,2024-03,0.8697,1
120,Quinn Smith,Premium,1499,49,2,3,8,3,0,0,500,133,True,False,West,2024-09,0.8542,1
121,Avery Lee,Premium,1499,60,5,2,6,4,1,1,500,124,False,False,West,2024-12,0.8862,1
122,Quinn Davis,Premium,1499,44,1,6,4,5,0,1,500,215,False,False,South,2024-12,0.6341,1
123,Riley Patel,Ultra,2499,10,3,0,1,1,0,1,1000,95,False,True,South,2024-07,0.677,1
124,Reese Davis,Plus,999,34,3,5,7,4,1,1,200,146,False,False,East,2024-09,0.8757,1
125,Reese Brown,Ultra,2499,13,3,4,8,2,0,1,1000,303,False,False,West,2024-06,0.8403,1
126,Riley Nguyen,Basic,699,37,8,6,6,2,0,1,100,91,True,False,North,2024-06,0.9119,1
127,Morgan Nguyen,Plus,999,53,8,4,8,5,1,0,200,328,True,False,South,2024-04,0.79,0
128,Riley Khan,Basic,699,7,6,5,7,0,0,0,100,73,False,False,South,2024-07,0.8491,0
129,Avery Johnson,Plus,999,49,4,5,4,5,0,0,200,268,False,True,North,2024-03,0.8801,1
130,Morgan Garcia,Ultra,2499,12,4,0,0,2,0,1,1000,211,False,False,West,2024-03,0.7224,1
131,Casey Martinez,Premium,1499,11,7,4,2,0,1,1,500,115,False,False,South,2024-10,0.8222,0
132,Alex Brown,Premium,1499,6,6,1,2,1,1,1,500,20,False,True,West,2024-04,0.8063,1
133,Reese Lee,Basic,699,17,5,3,0,5,0,1,100,162,False,False,East,2024-12,0.5032,0
134,Jordan Martinez,Plus,999,15,2,7,2,3,1,1,200,294,False,False,South,2024-04,0.795,1
135,Riley Garcia,Ultra,2499,34,5,1,1,0,0,0,1000,149,True,False,West,2024-02,0.731,1
136,Reese Patel,Ultra,2499,52,0,7,2,4,1,1,1000,280,False,False,East,2024-12,0.4837,0
137,Taylor Johnson,Plus,999,38,1,0,6,2,0,0,200,261,False,True,West,2024-01,0.7274,1
138,Morgan Patel,Premium,1499,58,6,7,6,3,0,0,500,111,False,False,South,2024-09,0.9145,1
139,Casey Davis,Basic,699,20,7,6,8,3,0,0,100,193,False,True,South,2024-12,0.9029,1
140,Morgan Martinez,Basic,699,16,3,1,1,4,0,1,100,184,False,False,North,2024-04,0.7393,1
141,Quinn Nguyen,Plus,999,49,0,2,8,2,0,1,200,187,False,False,East,2024-04,0.7426,1
142,Alex Johnson,Ultra,2499,20,4,0,8,4,0,1,1000,291,False,True,East,2024-11,0.8197,1
143,Casey Martinez,Ultra,2499,10,4,6,2,4,1,0,1000,329,False,False,South,2024-08,0.8503,1
144,Jamie Patel,Plus,999,25,3,4,3,2,0,1,200,169,False,True,South,2024-01,0.5171,0
145,Riley Nguyen,Basic,699,13,8,3,7,1,1,1,100,199,False,True,South,2024-12,0.5979,0
146,Riley Lee,Plus,999,26,3,5,4,3,1,1,200,165,False,False,West,2024-08,0.5686,0
147,Casey Davis,Plus,999,24,5,6,0,4,0,0,200,138,True,False,West,2024-05,0.6474,1
148,Quinn Patel,Plus,999,32,8,5,4,3,1,1,200,204,True,False,South,2024-03,0.8934,1
149,Jamie Khan,Basic,699,54,1,0,0,3,0,0,100,242,True,True,South,2024-09,0.6913,1
150,Jordan Martinez,Ultra,2499,2,0,6,0,0,1,1,1000,236,True,False,West,2024-03,0.4438,0
151,Jordan Patel,Plus,999,16,3,4,5,2,1,0,200,121,False,False,South,2024-12,0.5265,0
152,Jordan Martinez,Basic,699,26,6,6,8,3,0,0,100,232,False,True,West,2024-11,0.9177,1
153,Morgan Davis,Basic,699,15,3,7,4,0,0,1,100,178,False,False,North,2024-03,0.7854,1
154,Jordan Martinez,Plus,999,49,6,1,4,1,0,1,200,269,False,False,West,2024-12,0.448,0
155,Casey Johnson,Premium,1499,4,1,6,3,0,1,1,500,218,False,False,East,2024-08,0.7841,1
156,Jordan Patel,Plus,999,44,6,1,4,1,0,0,200,164,False,False,South,2024-12,0.8092,1
157,Jordan Davis,Premium,1499,29,5,4,1,1,0,0,500,237,False,False,West,2024-02,0.5055,1
158,Taylor Smith,Premium,1499,56,6,0,4,3,1,0,500,271,False,False,South,2024-10,0.8446,1
159,Morgan Khan,Premium,1499,20,4,7,2,0,0,1,500,227,False,False,North,2024-06,0.4684,0
160,Jamie Smith,Plus,999,30,1,2,4,0,1,1,200,202,False,False,East,2024-08,0.6836,0
161,Reese Johnson,Premium,1499,21,3,7,5,1,1,1,500,186,False,False,West,2024-10,0.8605,1
162,Reese Nguyen,Premium,1499,8,3,2,8,0,1,0,500,122,False,False,North,2024-07,0.8298,1
163,Alex Martinez,Premium,1499,43,2,6,6,0,1,1,500,109,False,False,West,2024-09,0.492,0
164,Quinn Martinez,Basic,699,7,3,5,2,5,0,1,100,261,False,False,West,2024-02,0.6151,1
165,Taylor Lee,Plus,999,29,5,6,7,5,0,1,200,223,False,False,East,2024-07,0.9223,1
166,Jordan Patel,Premium,1499,22,7,3,8,3,1,1,500,179,True,False,West,2024-06,0.676,1
167,Taylor Johnson,Premium,1499,42,1,2,3,4,0,0,500,185,False,False,West,2024-04,0.75,1
168,Taylor Lee,Ultra,2499,2,3,7,6,3,0,0,1000,248,False,False,North,2024-10,0.6498,0
169,Taylor Brown,Premium,1499,13,7,1,4,5,1,1,500,122,False,False,North,2024-06,0.8831,1
170,Casey Smith,Basic,699,44,2,5,1,1,1,0,100,208,False,False,West,2024-07,0.736,1
171,Avery Khan,Ultra,2499,41,8,2,8,1,1,1,1000,122,True,False,West,2024-10,0.6287,1
172,Morgan Brown,Plus,999,13,6,7,6,5,1,1,200,197,False,False,South,2024-02,0.9292,1
173,Riley Martinez,Basic,699,18,3,4,2,3,1,0,100,147,False,False,East,2024-09,0.8212,1
174,Jamie Lee,Plus,999,28,1,3,4,0,1,1,200,78,False,False,West,2024-02,0.6854,1
175,Quinn Garcia,Ultra,2499,11,2,3,3,0,1,1,1000,129,False,True,East,2024-05,0.7518,0
176,Reese Johnson,Plus,999,49,6,0,4,5,0,0,200,201,False,False,South,2024-11,0.8767,1
177,Alex Garcia,Ultra,2499,29,1,1,6,4,1,1,1000,240,False,False,North,2024-12,0.5165,0
178,Avery Garcia,Ultra,2499,14,6,3,7,2,1,1,1000,178,False,False,West,2024-06,0.8653,1
179,Reese Garcia,Ultra,2499,2,1,2,7,3,0,1,1000,178,False,False,South,2024-11,0.8001,0
180,Jordan Patel,Premium,1499,17,1,5,2,0,1,1,500,202,False,False,West,2024-11,0.3742,0
181,Morgan Johnson,Plus,999,31,1,2,3,4,1,0,200,216,True,False,North,2024-07,0.8348,1
182,Quinn Davis,Basic,699,47,1,1,5,2,1,0,100,172,False,False,South,2024-11,0.7522,1
183,Jordan Davis,Basic,699,40,2,7,5,5,0,0,100,228,False,False,West,2024-04,0.6177,1
184,Reese Nguyen,Ultra,2499,23,6,5,2,1,1,0,1000,195,False,False,East,2024-12,0.5871,0
185,Alex Lee,Plus,999,48,6,4,0,1,1,1,200,186,True,False,North,2024-09,0.8044,1
186,Avery Patel,Plus,999,25,6,5,8,5,0,1,200,181,False,False,North,2024-10,0.7455,1
187,Morgan Smith,Ultra,2499,33,4,6,6,5,1,0,1000,281,False,False,South,2024-05,0.7745,1
188,Taylor Garcia,Premium,1499,26,1,4,6,5,0,0,500,330,False,False,North,2024-08,0.8409,1
189,Avery Lee,Basic,699,46,2,0,2,3,1,1,100,241,True,True,East,2024-12,0.7716,1
190,Jordan Davis,Ultra,2499,18,8,1,4,5,0,1,1000,333,False,False,West,2024-10,0.5984,1
191,Quinn Johnson,Basic,699,15,8,0,0,0,0,0,100,121,False,False,South,2024-03,0.6525,0
192,Avery Johnson,Plus,999,21,3,6,5,2,0,1,200,31,True,False,North,2024-03,0.5941,1
193,Jamie Khan,Basic,699,57,7,4,4,2,0,1,100,126,True,True,East,2024-12,0.8768,1
194,Reese Garcia,Plus,999,47,8,3,2,0,1,0,200,203,False,False,North,2024-06,0.5527,0
195,Jordan Davis,Plus,999,34,3,6,7,0,0,1,200,246,True,False,West,2024-12,0.8136,1
196,Casey Lee,Basic,699,33,2,6,1,4,0,1,100,117,False,True,East,2024-05,0.8394,0
197,Morgan Khan,Premium,1499,29,4,3,1,1,0,0,500,87,True,True,West,2024-06,0.8285,1
198,Casey Martinez,Premium,1499,30,4,1,1,1,1,0,500,262,False,False,South,2024-02,0.723,0
199,Jordan Patel,Basic,699,44,4,4,2,0,1,1,100,60,False,False,North,2024-08,0.5233,0
200,Riley Smith,Basic,699,54,3,2,3,3,1,0,100,171,False,False,North,2024-01,0.8257,1
201,Casey Smith,Basic,699,58,5,1,0,3,0,0,100,68,False,False,West,2024-08,0.4329,0
202,Avery Garcia,Premium,1499,14,2,4,4,3,0,0,500,180,False,False,East,2024-08,0.8126,1
203,Jamie Martinez,Premium,1499,25,2,6,3,5,0,0,500,148,False,False,East,2024-08,0.8758,1
204,Morgan Smith,Premium,1499,25,4,2,0,2,0,0,500,105,False,False,North,2024-08,0.7347,0
205,Taylor Smith,Basic,699,16,3,4,8,5,0,0,100,188,False,False,West,2024-06,0.8826,0
206,Jordan Patel,Plus,999,38,5,5,0,5,1,0,200,229,False,True,West,2024-09,0.8678,1
207,Alex Patel,Plus,999,39,3,0,8,3,0,1,200,72,False,True,South,2024-06,0.8391,0
208,Taylor Johnson,Basic,699,10,2,1,8,2,0,1,100,203,False,False,North,2024-06,0.7345,1
209,Taylor Patel,Ultra,2499,42,5,2,8,5,1,0,1000,288,False,False,West,2024-05,0.9027,1
210,Jordan Lee,Ultra,2499,55,0,2,5,4,0,0,1000,262,False,True,North,2024-04,0.7942,1
211,Taylor Johnson,Ultra,2499,1,4,3,3,5,0,1,1000,324,False,True,North,2024-01,0.9083,1
212,Avery Brown,Ultra,2499,57,6,5,8,3,0,1,1000,162,False,False,South,2024-03,0.9126,1
213,Riley Patel,Basic,699,21,4,1,1,2,0,1,100,225,True,True,North,2024-06,0.7966,1
214,Avery Johnson,Ultra,2499,42,2,6,2,0,0,1,1000,112,False,True,East,2024-11,0.7829,1
215,Morgan Smith,Ultra,2499,10,0,5,0,3,0,1,1000,254,False,False,West,2024-04,0.3466,0
216,Taylor Khan,Premium,1499,6,7,1,4,3,1,1,500,97,False,False,West,2024-03,0.8197,1
217,Casey Davis,Basic,699,17,7,7,4,1,1,0,100,161,True,False,North,2024-02,0.8964,1
218,Jamie Davis,Plus,999,36,0,6,8,3,1,0,200,285,False,True,North,2024-09,0.8533,1
219,Jamie Brown,Plus,999,8,7,2,2,1,0,0,200,294,True,True,West,2024-04,0.7743,1
220,Casey Garcia,Premium,1499,59,1,1,6,4,1,1,500,60,False,False,North,2024-12,0.8294,1
221,Jamie Khan,Ultra,2499,10,2,1,1,4,0,1,1000,206,False,False,West,2024-05,0.7475,1
222,Alex Patel,Basic,699,12,4,6,2,4,1,0,100,35,False,False,South,2024-01,0.8846,0
223,Jordan Nguyen,Premium,1499,53,4,4,4,3,0,0,500,88,True,False,West,2024-06,0.6273,1
224,Jamie Patel,Ultra,2499,14,6,7,8,2,0,0,1000,205,True,False,West,2024-03,0.8946,1
225,Jordan Patel,Plus,999,13,3,0,3,0,1,0,200,144,False,False,East,2024-06,0.6436,1
226,Jamie Nguyen,Plus,999,24,7,7,2,3,1,1,200,175,True,False,North,2024-05,0.7137,1
227,Jamie Patel,Plus,999,42,3,3,4,5,1,0,200,110,False,False,North,2024-08,0.8705,1
228,Alex Martinez,Plus,999,17,4,4,6,3,1,1,200,142,False,False,West,2024-10,0.6013,1
229,Morgan Patel,Premium,1499,20,1,7,1,2,1,1,500,172,False,False,East,2024-04,0.439,0
230,Jamie Nguyen,Ultra,2499,43,5,2,0,5,1,1,1000,141,False,False,West,2024-12,0.5375,0
231,Reese Martinez,Premium,1499,47,3,7,5,4,1,0,500,317,False,False,South,2024-05,0.6803,1
232,Jordan Khan,Plus,999,44,5,1,3,2,0,1,200,131,False,False,East,2024-05,0.7777,1
233,Jamie Khan,Basic,699,56,1,7,3,4,0,1,100,172,False,False,South,2024-03,0.8156,1
234,Taylor Khan,Plus,999,21,2,1,7,2,0,1,200,222,False,True,East,2024-04,0.7881,1
235,Quinn Nguyen,Basic,699,9,6,6,6,3,1,1,100,142,True,False,East,2024-01,0.9194,1
236,Avery Brown,Basic,699,44,0,3,3,5,1,1,100,160,True,False,East,2024-03,0.4414,0
237,Casey Patel,Premium,1499,30,8,5,6,5,0,1,500,73,False,False,South,2024-03,0.9419,1
238,Quinn Davis,Plus,999,15,2,3,0,4,0,0,200,295,False,False,North,2024-07,0.7432,1
239,Avery Brown,Basic,699,39,0,1,0,0,0,1,100,220,False,True,East,2024-08,0.5614,1
240,Quinn Nguyen,Ultra,2499,43,1,4,2,3,0,0,1000,395,False,False,West,2024-04,0.7938,1
241,Jordan Garcia,Premium,1499,46,6,4,2,0,1,0,500,171,False,False,South,2024-01,0.4917,0
242,Taylor Patel,Ultra,2499,10,1,1,1,2,0,1,1000,67,False,False,West,2024-01,0.3591,0
243,Jamie Brown,Premium,1499,24,5,6,1,0,0,0,500,127,False,False,South,2024-06,0.7589,1
244,Jordan Smith,Basic,699,24,5,2,1,3,1,1,100,134,False,False,West,2024-07,0.7838,0
245,Taylor Khan,Basic,699,55,2,1,6,4,1,1,100,298,False,False,East,2024-10,0.5652,0
246,Jamie Garcia,Ultra,2499,8,6,7,0,0,1,1,1000,179,True,False,South,2024-11,0.8724,1
247,Riley Khan,Ultra,2499,43,3,7,5,5,1,0,1000,185,False,False,North,2024-01,0.8967,1
248,Riley Davis,Plus,999,5,7,5,3,2,1,0,200,286,False,False,West,2024-07,0.888,1
249,Reese Martinez,Ultra,2499,6,7,7,5,0,1,0,1000,107,True,False,North,2024-02,0.8851,0
250,Jordan Garcia,Plus,999,42,7,5,5,0,0,1,200,118,False,False,West,2024-12,0.8042,1
251,Reese Davis,Plus,999,1,5,5,4,4,1,0,200,244,True,True,South,2024-12,0.9391,1
252,Quinn Smith,Plus,999,13,1,6,3,3,0,1,200,82,True,False,North,2024-08,0.8298,1
253,Alex Martinez,Ultra,2499,1,8,0,8,3,1,0,1000,134,False,True,South,2024-02,0.8784,1
254,Quinn Nguyen,Ultra,2499,27,3,4,6,2,1,1,1000,138,False,True,East,2024-12,0.8482,1
255,Casey Martinez,Plus,999,14,4,5,2,5,0,1,200,183,False,False,West,2024-10,0.8475,1
256,Reese Brown,Premium,1499,57,6,0,8,0,0,1,500,198,True,False,South,2024-05,0.801,1
257,Quinn Brown,Plus,999,54,0,4,3,4,0,1,200,163,False,True,South,2024-12,0.762,1
258,Alex Davis,Basic,699,60,6,6,6,5,1,0,100,139,True,False,West,2024-04,0.947,1
259,Reese Martinez,Plus,999,50,3,4,7,1,0,0,200,215,False,False,North,2024-07,0.4584,0
260,Riley Davis,Premium,1499,9,2,4,0,2,1,0,500,186,True,False,North,2024-11,0.7994,1
261,Alex Lee,Premium,1499,5,5,3,2,4,0,0,500,63,False,False,North,2024-06,0.6414,1
262,Jordan Johnson,Premium,1499,19,3,7,8,5,0,0,500,133,False,False,South,2024-01,0.9093,1
263,Taylor Martinez,Premium,1499,35,4,0,8,2,1,1,500,126,True,False,South,2024-06,0.7891,0
264,Taylor Patel,Basic,699,41,1,3,3,5,1,0,100,66,False,False,West,2024-11,0.8344,1
265,Casey Johnson,Ultra,2499,46,5,0,1,0,0,0,1000,198,False,False,South,2024-05,0.6512,1
266,Jordan Brown,Premium,1499,2,6,1,8,0,0,0,500,224,False,True,North,2024-05,0.791,1
267,Alex Patel,Ultra,2499,25,6,0,7,1,0,0,1000,175,False,False,East,2024-11,0.4597,0
268,Quinn Smith,Plus,999,8,0,0,6,4,0,1,200,134,False,False,East,2024-04,0.7459,1
269,Jordan Brown,Plus,999,12,3,4,3,0,0,0,200,119,False,False,West,2024-11,0.7196,1
270,Reese Davis,Basic,699,13,7,5,5,1,0,0,100,250,False,True,South,2024-06,0.8549,1
271,Alex Khan,Plus,999,37,5,5,6,1,0,1,200,238,False,True,West,2024-05,0.839,1
272,Jordan Garcia,Ultra,2499,29,5,4,7,4,0,0,1000,217,False,True,East,2024-03,0.9195,1
273,Morgan Davis,Basic,699,55,8,0,6,4,0,0,100,20,False,False,West,2024-11,0.8507,1
274,Jamie Davis,Premium,1499,9,7,1,6,2,0,0,500,220,False,False,South,2024-09,0.5571,1
275,Alex Johnson,Plus,999,48,7,5,0,1,1,0,200,205,True,False,North,2024-11,0.5348,0
276,Taylor Johnson,Ultra,2499,59,7,0,0,5,1,0,1000,186,False,False,East,2024-12,0.5564,1
277,Riley Smith,Ultra,2499,24,1,4,6,1,1,1,1000,261,False,False,West,2024-10,0.502,0
278,Jordan Khan,Plus,999,5,8,4,3,1,0,0,200,203,False,False,North,2024-11,0.5345,0
279,Taylor Patel,Ultra,2499,31,3,2,6,0,0,0,1000,145,True,False,South,2024-11,0.7641,0
280,Jamie Smith,Plus,999,17,2,6,0,5,1,0,200,207,False,False,West,2024-08,0.5565,0
281,Quinn Martinez,Plus,999,40,8,4,2,5,1,1,200,200,False,True,West,2024-07,0.7579,1
282,Alex Patel,Ultra,2499,53,2,1,2,3,0,0,1000,240,True,False,North,2024-11,0.7448,1
283,Casey Brown,Ultra,2499,15,7,6,5,4,0,1,1000,264,True,False,South,2024-02,0.9182,1
284,Jamie Brown,Plus,999,1,0,1,8,0,1,0,200,37,False,False,East,2024-02,0.3495,0
285,Reese Brown,Premium,1499,55,8,6,5,4,1,1,500,49,False,False,West,2024-03,0.9281,1
286,Quinn Davis,Premium,1499,50,6,2,1,5,0,1,500,181,False,False,North,2024-04,0.8841,1
287,Casey Davis,Basic,699,11,6,0,1,1,1,1,100,202,True,False,East,2024-02,0.7698,1
288,Jamie Martinez,Premium,1499,46,0,2,7,3,0,0,500,238,False,False,East,2024-04,0.3655,0
289,Morgan Martinez,Plus,999,40,2,0,5,1,0,0,200,196,True,False,West,2024-06,0.7341,1
290,Reese Smith,Basic,699,48,1,1,8,2,1,1,100,76,False,False,South,2024-08,0.8024,1
291,Riley Nguyen,Ultra,2499,33,1,1,8,2,1,0,1000,203,False,False,East,2024-12,0.7591,1
292,Casey Lee,Premium,1499,50,7,7,0,3,0,1,500,224,True,False,South,2024-11,0.9073,1
293,Reese Smith,Basic,699,45,4,3,4,0,1,1,100,192,True,False,West,2024-06,0.8033,0
294,Jordan Khan,Plus,999,32,3,3,3,2,0,0,200,147,False,True,East,2024-03,0.76,1
295,Quinn Brown,Basic,699,49,8,0,7,2,1,1,100,238,False,False,East,2024-08,0.5254,0
296,Riley Lee,Ultra,2499,15,2,0,8,3,1,0,1000,185,False,False,South,2024-08,0.7856,1
297,Taylor Khan,Basic,699,1,3,6,1,2,1,1,100,213,False,False,East,2024-08,0.8389,1
298,Quinn Johnson,Ultra,2499,14,6,5,5,3,1,1,1000,252,True,True,South,2024-02,0.9179,1
299,Jamie Patel,Ultra,2499,13,2,2,7,0,0,1,1000,161,False,False,East,2024-08,0.7012,1
300,Reese Lee,Ultra,2499,7,2,0,3,2,1,0,1000,148,False,False,East,2024-06,0.7401,0
301,Jamie Brown,Basic,699,27,1,5,3,4,0,1,100,232,False,False,West,2024-12,0.7827,1
302,Jamie Johnson,Ultra,2499,41,2,2,5,3,1,0,1000,240,True,False,East,2024-06,0.8598,1
303,Jordan Nguyen,Premium,1499,57,7,5,8,3,1,0,500,208,False,True,South,2024-11,0.7911,1
304,Taylor Garcia,Plus,999,26,1,1,1,3,0,0,200,125,False,False,North,2024-02,0.2959,0
305,Riley Khan,Ultra,2499,20,3,3,4,3,0,0,1000,55,False,True,North,2024-11,0.8704,0
306,Jordan Khan,Premium,1499,36,7,2,8,1,1,1,500,225,False,False,East,2024-06,0.8534,1
307,Riley Khan,Premium,1499,24,6,4,2,2,0,0,500,199,False,False,South,2024-06,0.8132,1
308,Casey Johnson,Premium,1499,1,6,4,3,0,1,0,500,351,False,False,West,2024-04,0.5767,0
309,Taylor Brown,Plus,999,17,1,6,3,4,1,1,200,187,False,False,East,2024-07,0.5936,1
310,Taylor Khan,Basic,699,41,7,7,4,5,1,0,100,213,False,True,North,2024-03,0.9324,1
311,Alex Garcia,Basic,699,15,1,2,0,3,0,1,100,124,False,False,West,2024-06,0.6923,0
312,Morgan Johnson,Plus,999,4,4,6,1,4,1,0,200,311,False,False,West,2024-01,0.6839,0
313,Quinn Martinez,Ultra,2499,16,0,3,7,5,0,0,1000,291,False,False,East,2024-06,0.5208,0
314,Jamie Garcia,Basic,699,17,7,4,3,2,0,0,100,110,False,True,West,2024-06,0.5796,0
315,Avery Patel,Ultra,2499,51,3,0,0,4,1,0,1000,183,False,True,South,2024-08,0.5035,0
316,Casey Lee,Premium,1499,42,2,1,2,3,0,1,500,61,False,False,East,2024-08,0.7907,1
317,Jamie Martinez,Plus,999,17,0,7,7,4,1,1,200,168,False,True,East,2024-06,0.8613,1
318,Alex Davis,Plus,999,5,8,2,7,2,1,1,200,109,False,False,West,2024-12,0.5773,1
319,Avery Smith,Plus,999,21,1,6,3,4,1,0,200,237,False,False,East,2024-02,0.5698,0
320,Jamie Brown,Plus,999,56,0,3,1,3,0,0,200,89,True,False,West,2024-11,0.6739,1
321,Alex Patel,Basic,699,24,3,1,0,1,1,0,100,156,False,False,East,2024-09,0.7311,0
322,Morgan Davis,Premium,1499,34,0,1,4,0,0,0,500,161,True,True,West,2024-04,0.2879,0
323,Quinn Lee,Plus,999,36,8,6,1,5,1,1,200,162,False,False,North,2024-03,0.9011,1
324,Casey Martinez,Plus,999,35,7,5,5,4,1,1,200,20,False,False,East,2024-10,0.7353,1
325,Alex Patel,Premium,1499,24,7,7,6,0,0,1,500,163,False,False,East,2024-01,0.8792,1
326,Jamie Johnson,Premium,1499,59,8,2,1,0,1,1,500,309,True,False,South,2024-04,0.5297,1
327,Alex Lee,Plus,999,47,1,5,7,1,1,0,200,161,False,False,West,2024-02,0.7728,0
328,Avery Johnson,Ultra,2499,27,1,3,0,5,1,0,1000,360,False,True,South,2024-06,0.8114,1
329,Reese Garcia,Ultra,2499,49,8,1,3,3,1,1,1000,180,True,False,West,2024-10,0.8613,1
330,Alex Davis,Ultra,2499,33,6,2,2,3,0,1,1000,193,False,False,South,2024-04,0.5395,0
331,Riley Davis,Basic,699,8,6,6,5,2,0,1,100,139,False,False,East,2024-03,0.8752,1
332,Jamie Smith,Plus,999,29,0,3,3,5,1,0,200,177,False,False,North,2024-12,0.4771,0
333,Quinn Khan,Premium,1499,1,5,1,4,3,1,0,500,130,False,False,South,2024-04,0.8564,1
334,Jordan Johnson,Plus,999,45,0,6,8,0,1,0,200,162,True,True,East,2024-01,0.8423,0
335,Jordan Smith,Premium,1499,43,5,1,0,2,1,0,500,20,False,False,North,2024-06,0.8136,1
336,Reese Nguyen,Plus,999,33,7,0,0,1,1,1,200,267,False,False,North,2024-06,0.668,1
337,Jamie Nguyen,Premium,1499,52,0,4,6,0,1,0,500,156,True,False,South,2024-02,0.7639,1
338,Taylor Brown,Ultra,2499,16,2,6,4,4,1,1,1000,81,False,True,South,2024-10,0.8736,1
339,Casey Brown,Plus,999,28,2,2,5,0,0,0,200,102,False,False,North,2024-06,0.7508,1
340,Morgan Nguyen,Ultra,2499,48,4,2,3,0,0,0,1000,245,True,False,East,2024-10,0.7876,1
341,Casey Patel,Basic,699,23,1,7,2,4,1,1,100,230,False,False,West,2024-03,0.5052,1
342,Avery Davis,Premium,1499,27,3,3,3,0,0,1,500,143,False,False,East,2024-08,0.7414,1
343,Avery Martinez,Ultra,2499,47,5,6,8,4,0,0,1000,94,False,False,North,2024-04,0.9189,1
344,Quinn Smith,Ultra,2499,34,0,3,4,3,1,1,1000,163,False,False,South,2024-07,0.771,0
345,Morgan Khan,Ultra,2499,54,7,1,8,0,0,0,1000,229,False,False,North,2024-03,0.8095,0
346,Taylor Johnson,Basic,699,17,5,2,1,0,0,1,100,154,False,True,West,2024-12,0.7602,1
347,Reese Smith,Ultra,2499,3,2,5,2,1,0,0,1000,104,False,True,East,2024-05,0.8041,0
348,Jamie Khan,Basic,699,58,2,3,0,4,1,0,100,221,False,False,North,2024-10,0.7692,1
349,Avery Davis,Ultra,2499,27,7,1,0,1,1,0,1000,202,True,True,East,2024-01,0.4557,0
350,Avery Garcia,Premium,1499,22,1,0,1,3,0,0,500,244,False,False,South,2024-08,0.662,1
351,Morgan Davis,Premium,1499,21,5,6,1,3,0,1,500,143,False,True,East,2024-06,0.8847,1
352,Riley Khan,Basic,699,7,8,1,7,5,1,1,100,130,False,False,East,2024-03,0.8775,1
353,Alex Lee,Plus,999,57,3,4,3,0,0,0,200,71,False,False,South,2024-10,0.7669,1
354,Jamie Davis,Plus,999,1,3,4,4,0,1,1,200,90,False,False,North,2024-02,0.8352,1
355,Quinn Lee,Basic,699,54,2,3,5,2,1,1,100,34,False,False,West,2024-03,0.8487,0
356,Avery Lee,Ultra,2499,51,6,0,8,2,1,0,1000,194,False,False,East,2024-02,0.8449,1
357,Morgan Lee,Ultra,2499,41,8,2,6,1,0,1,1000,141,False,False,North,2024-05,0.8429,1
358,Riley Martinez,Ultra,2499,54,4,3,8,2,0,0,1000,177,False,True,South,2024-02,0.8682,1
359,Quinn Garcia,Plus,999,13,5,7,8,2,1,0,200,187,False,True,South,2024-04,0.9031,1
360,Morgan Lee,Basic,699,20,0,1,5,3,0,0,100,154,False,False,East,2024-01,0.7133,1
361,Jordan Nguyen,Plus,999,13,4,4,8,2,1,0,200,201,False,True,North,2024-01,0.8366,1
362,Riley Patel,Premium,1499,36,5,4,2,5,1,0,500,85,True,False,East,2024-09,0.9106,1
363,Jordan Khan,Basic,699,25,0,1,6,3,0,1,100,191,False,False,South,2024-12,0.7256,0
364,Alex Lee,Plus,999,6,7,1,7,2,1,1,200,181,False,True,East,2024-06,0.8713,1
365,Casey Garcia,Ultra,2499,32,0,1,7,0,1,1,1000,142,False,True,East,2024-10,0.6885,1
366,Jamie Johnson,Premium,1499,36,1,4,8,3,1,1,500,193,False,True,South,2024-08,0.8325,1
367,Reese Johnson,Ultra,2499,37,5,3,2,5,0,1,1000,208,True,False,East,2024-09,0.5756,1
368,Reese Johnson,Basic,699,39,1,6,5,3,0,0,100,252,False,True,North,2024-03,0.847,1
369,Casey Smith,Ultra,2499,13,3,5,4,4,1,1,1000,197,False,False,North,2024-10,0.672,0
370,Alex Johnson,Premium,1499,4,5,0,0,5,1,0,500,296,False,False,South,2024-07,0.856,1
371,Taylor Smith,Ultra,2499,25,6,3,2,3,0,0,1000,51,False,False,East,2024-07,0.5469,0
372,Casey Davis,Basic,699,5,0,2,7,5,1,0,100,136,True,False,West,2024-08,0.8524,1
373,Quinn Brown,Plus,999,30,8,6,8,3,1,1,200,216,False,False,North,2024-10,0.9056,1
374,Reese Khan,Ultra,2499,60,8,5,0,0,1,1,1000,193,True,False,North,2024-03,0.811,1
375,Jamie Lee,Basic,699,34,1,3,7,5,0,1,100,137,False,False,North,2024-08,0.8004,0
376,Reese Davis,Ultra,2499,23,4,4,2,0,1,1,1000,115,True,False,South,2024-10,0.447,0
377,Taylor Davis,Basic,699,19,7,1,2,4,0,1,100,111,False,False,East,2024-05,0.574,1
378,Jamie Smith,Plus,999,43,7,5,2,2,0,1,200,113,False,False,North,2024-06,0.8864,0
379,Jordan Patel,Ultra,2499,49,6,6,3,5,1,0,1000,214,False,False,East,2024-01,0.9254,1
380,Reese Khan,Plus,999,30,6,7,4,3,0,1,200,119,False,False,East,2024-03,0.8971,1
381,Reese Davis,Ultra,2499,44,5,0,1,4,1,1,1000,139,False,False,East,2024-06,0.5221,0
382,Riley Lee,Ultra,2499,30,3,3,8,2,0,1,1000,359,False,False,North,2024-01,0.8154,1
383,Jordan Garcia,Plus,999,47,4,4,3,0,0,0,200,260,True,False,South,2024-10,0.7567,1
384,Alex Brown,Plus,999,25,2,1,2,2,1,1,200,177,False,True,West,2024-05,0.7851,1
385,Morgan Davis,Plus,999,50,1,4,0,3,1,1,200,136,False,False,East,2024-03,0.7961,1
386,Jordan Davis,Ultra,2499,12,7,1,2,4,1,0,1000,229,False,True,West,2024-12,0.5952,1
387,Riley Khan,Premium,1499,50,7,0,7,1,0,0,500,224,False,False,East,2024-07,0.8272,1
388,Jordan Lee,Ultra,2499,26,1,3,0,3,1,0,1000,223,False,False,East,2024-06,0.6973,1
389,Jordan Khan,Premium,1499,6,7,4,3,1,0,1,500,129,False,False,West,2024-02,0.8282,1
390,Riley Patel,Plus,999,9,0,3,0,5,0,1,200,174,False,False,East,2024-08,0.7546,0
391,Jamie Nguyen,Basic,699,22,0,5,0,3,0,0,100,192,False,False,West,2024-11,0.6725,1
392,Jordan Khan,Basic,699,3,2,7,0,3,0,0,100,206,False,True,South,2024-11,0.5378,1
393,Jamie Martinez,Plus,999,54,1,1,1,3,0,0,200,219,False,False,West,2024-06,0.3733,0
394,Morgan Davis,Plus,999,21,3,0,2,2,0,0,200,238,False,False,South,2024-12,0.7045,1
395,Casey Khan,Basic,699,9,1,6,2,0,1,0,100,175,True,True,North,2024-12,0.7312,0
396,Jordan Brown,Plus,999,14,2,4,8,3,1,0,200,210,False,False,North,2024-10,0.5796,1
397,Reese Patel,Premium,1499,27,0,3,3,0,0,1,500,199,False,False,South,2024-08,0.6055,0
398,Riley Patel,Plus,999,8,2,7,7,1,0,0,200,104,True,False,South,2024-07,0.5837,0
399,Alex Nguyen,Basic,699,48,0,2,2,0,1,0,100,177,True,True,West,2024-10,0.6968,1
400,Taylor Nguyen,Basic,699,21,3,1,3,5,1,0,100,181,False,True,West,2024-10,0.8395,0
401,Taylor Garcia,Ultra,2499,12,6,5,2,3,0,1,1000,245,False,True,South,2024-01,0.8702,1
402,Jordan Johnson,Ultra,2499,30,6,2,5,1,1,0,1000,186,False,False,South,2024-10,0.8349,0
403,Jamie Smith,Ultra,2499,56,3,7,7,2,0,1,1000,149,False,True,East,2024-07,0.8646,0
404,Avery Johnson,Basic,699,27,0,0,7,5,0,1,100,195,False,False,North,2024-08,0.7518,1
405,Riley Khan,Plus,999,9,5,4,3,5,0,0,200,267,False,False,West,2024-10,0.8589,1
406,Reese Davis,Plus,999,56,6,2,5,5,1,0,200,166,False,True,East,2024-09,0.6908,1
407,Jordan Martinez,Plus,999,51,1,5,0,4,1,0,200,281,True,False,North,2024-06,0.8145,1
408,Casey Brown,Plus,999,9,5,3,8,0,1,0,200,252,False,False,East,2024-06,0.787,1
409,Jordan Nguyen,Basic,699,5,5,5,7,3,0,1,100,198,False,False,East,2024-08,0.9058,1
410,Avery Brown,Ultra,2499,6,1,6,2,2,0,0,1000,185,True,True,South,2024-08,0.5547,1
411,Quinn Lee,Ultra,2499,44,8,2,7,2,1,1,1000,143,False,True,South,2024-02,0.6945,0
412,Alex Brown,Ultra,2499,38,5,5,7,4,1,1,1000,340,False,True,East,2024-03,0.918,1
413,Alex Davis,Basic,699,10,5,4,7,1,0,1,100,148,False,True,South,2024-03,0.6383,1
414,Jordan Patel,Plus,999,29,4,5,2,1,0,1,200,290,False,True,West,2024-09,0.7861,1
415,Reese Davis,Ultra,2499,60,7,2,7,2,0,0,1000,150,False,False,East,2024-11,0.8478,1
416,Riley Lee,Plus,999,52,7,5,1,5,1,0,200,85,True,False,East,2024-01,0.894,1
417,Quinn Johnson,Basic,699,21,0,3,8,1,1,0,100,109,True,False,West,2024-11,0.7455,1
418,Quinn Garcia,Plus,999,32,5,0,5,3,0,1,200,177,False,False,East,2024-06,0.8108,0
419,Quinn Lee,Plus,999,47,7,6,7,2,0,1,200,288,False,False,North,2024-03,0.6295,1
420,Quinn Khan,Basic,699,60,6,1,0,3,1,1,100,248,True,False,South,2024-04,0.5195,1
421,Riley Garcia,Basic,699,53,4,4,7,4,1,0,100,176,True,True,East,2024-05,0.9162,1
422,Reese Khan,Premium,1499,27,2,7,3,0,0,1,500,101,False,False,East,2024-10,0.7716,1
423,Reese Lee,Basic,699,24,8,0,4,1,0,0,100,191,False,False,South,2024-06,0.4635,0
424,Alex Brown,Ultra,2499,41,5,0,4,2,0,0,1000,200,False,True,North,2024-10,0.8517,1
425,Taylor Garcia,Premium,1499,44,5,1,8,4,1,0,500,135,True,False,East,2024-08,0.8819,0
426,Alex Smith,Plus,999,10,8,3,3,4,0,1,200,136,False,True,South,2024-01,0.8661,1
427,Taylor Nguyen,Ultra,2499,57,8,5,2,5,1,0,1000,135,False,True,South,2024-12,0.7664,1
428,Reese Patel,Plus,999,6,6,1,1,0,1,1,200,279,True,True,North,2024-08,0.4537,0
429,Jamie Lee,Basic,699,20,0,1,1,4,0,0,100,121,False,False,North,2024-03,0.6923,0
430,Quinn Patel,Premium,1499,11,8,3,8,4,0,0,500,141,False,False,South,2024-12,0.6974,1
431,Casey Garcia,Basic,699,60,3,7,5,5,0,1,100,194,False,True,East,2024-07,0.8735,1
432,Reese Khan,Premium,1499,8,7,1,8,1,1,1,500,288,False,False,North,2024-02,0.8775,1
433,Riley Garcia,Premium,1499,44,7,3,8,3,1,1,500,137,False,True,West,2024-11,0.8995,1
434,Morgan Davis,Ultra,2499,29,8,1,1,1,1,1,1000,200,False,False,South,2024-02,0.7892,1
435,Riley Garcia,Ultra,2499,8,3,6,7,2,1,1,1000,226,False,False,West,2024-08,0.9073,1
436,Casey Davis,Basic,699,17,7,7,3,5,0,0,100,167,True,True,North,2024-08,0.9137,0
437,Quinn Martinez,Premium,1499,10,4,1,1,5,1,1,500,83,False,False,West,2024-09,0.5276,1
438,Reese Smith,Basic,699,49,0,6,1,3,1,1,100,177,False,False,North,2024-01,0.5298,0
439,Avery Johnson,Ultra,2499,28,2,4,6,3,0,1,1000,143,False,False,West,2024-08,0.8394,1
440,Alex Johnson,Premium,1499,32,6,5,4,2,0,0,500,178,False,True,East,2024-06,0.8983,1
441,Alex Smith,Basic,699,28,5,5,6,2,0,0,100,356,False,False,North,2024-12,0.594,1
442,Jamie Garcia,Basic,699,35,5,0,7,5,1,1,100,145,False,False,North,2024-06,0.8896,1
443,Jordan Martinez,Ultra,2499,7,3,5,7,4,1,0,1000,227,False,False,West,2024-04,0.9174,1
444,Quinn Khan,Plus,999,19,4,0,4,4,1,0,200,220,False,False,North,2024-10,0.8109,1
445,Quinn Smith,Ultra,2499,14,5,1,4,4,1,1,1000,221,False,False,West,2024-07,0.6402,1
446,Morgan Lee,Basic,699,41,8,2,7,1,1,1,100,237,False,False,West,2024-10,0.854,1
447,Taylor Brown,Ultra,2499,10,3,2,4,3,1,1,1000,254,False,False,South,2024-07,0.5831,1
448,Avery Nguyen,Plus,999,26,3,1,2,1,0,0,200,276,False,False,West,2024-09,0.7021,1
449,Jamie Brown,Plus,999,18,2,0,4,2,0,0,200,168,False,False,North,2024-01,0.7031,1
450,Quinn Brown,Basic,699,58,6,5,1,3,0,0,100,264,True,False,North,2024-09,0.8478,1
451,Taylor Nguyen,Ultra,2499,57,1,3,1,2,1,1,1000,205,False,False,West,2024-04,0.3896,0
452,Alex Khan,Premium,1499,29,6,4,0,3,1,0,500,182,False,False,South,2024-05,0.8767,0
453,Morgan Khan,Premium,1499,53,4,0,0,5,0,0,500,193,False,False,East,2024-11,0.4668,0
454,Casey Patel,Ultra,2499,1,6,4,4,0,0,1,1000,84,False,False,West,2024-11,0.8535,1
455,Alex Johnson,Premium,1499,56,1,7,7,5,1,1,500,225,False,False,North,2024-03,0.9209,1
456,Morgan Martinez,Premium,1499,30,0,0,2,5,1,0,500,158,True,True,East,2024-06,0.793,1
457,Taylor Johnson,Plus,999,55,6,5,7,3,0,1,200,197,True,False,East,2024-05,0.7459,1
458,Reese Smith,Ultra,2499,54,3,0,0,4,0,0,1000,173,False,True,South,2024-01,0.758,1
459,Reese Brown,Basic,699,24,2,1,0,5,1,1,100,222,False,False,South,2024-12,0.4546,0
460,Reese Nguyen,Ultra,2499,25,2,6,3,4,0,1,1000,148,False,True,South,2024-07,0.864,1
461,Casey Johnson,Ultra,2499,59,3,5,7,0,0,1,1000,255,True,False,West,2024-11,0.4965,0
462,Jamie Johnson,Premium,1499,5,1,0,0,2,0,1,500,189,False,False,North,2024-01,0.2901,0
463,Alex Martinez,Premium,1499,26,5,2,8,0,0,1,500,263,True,False,East,2024-08,0.4629,0
464,Jamie Brown,Ultra,2499,10,4,1,5,0,0,1,1000,140,False,False,East,2024-07,0.7589,0
465,Riley Johnson,Premium,1499,28,2,5,7,1,1,0,500,289,False,True,South,2024-01,0.8429,1
466,Reese Smith,Basic,699,58,7,0,7,2,1,1,100,141,False,False,South,2024-02,0.8713,1
467,Reese Garcia,Plus,999,48,8,4,3,4,0,0,200,78,False,True,West,2024-11,0.5963,1
468,Avery Lee,Ultra,2499,24,1,5,2,0,0,1,1000,210,False,False,West,2024-11,0.6867,1
469,Casey Brown,Basic,699,42,7,5,2,1,0,1,100,108,False,True,North,2024-09,0.8489,1
470,Reese Davis,Plus,999,16,6,1,0,1,0,1,200,197,False,False,South,2024-02,0.7059,0
471,Jamie Smith,Plus,999,23,1,5,8,1,1,1,200,90,False,False,West,2024-02,0.8207,1
472,Jordan Brown,Ultra,2499,41,6,1,0,4,1,1,1000,225,False,False,South,2024-08,0.8313,1
473,Jordan Patel,Ultra,2499,28,1,7,4,1,0,1,1000,309,False,False,East,2024-10,0.4254,0
474,Taylor Johnson,Basic,699,33,6,6,1,3,1,1,100,73,False,True,North,2024-02,0.8876,1
475,Jamie Brown,Basic,699,6,6,4,5,4,1,1,100,176,False,False,South,2024-04,0.7102,0
476,Riley Brown,Basic,699,28,8,0,0,3,0,0,100,163,True,False,West,2024-11,0.788,1
477,Morgan Johnson,Premium,1499,45,6,4,1,1,0,0,500,92,False,False,South,2024-01,0.5589,0
478,Jamie Nguyen,Plus,999,6,4,7,2,3,1,0,200,174,True,False,West,2024-08,0.8907,1
479,Jamie Davis,Plus,999,19,6,0,5,0,0,1,200,203,False,False,East,2024-01,0.7665,1
480,Alex Khan,Ultra,2499,15,0,0,6,4,1,0,1000,219,False,False,West,2024-02,0.792,0
481,Riley Smith,Ultra,2499,2,2,4,3,3,1,1,1000,224,False,True,East,2024-10,0.8765,1
482,Riley Garcia,Premium,1499,47,6,6,5,3,0,0,500,193,False,False,West,2024-03,0.7163,1
483,Avery Garcia,Ultra,2499,32,4,3,3,4,0,0,1000,173,False,False,South,2024-03,0.8672,0
484,Taylor Martinez,Premium,1499,28,1,3,1,4,0,1,500,132,False,False,East,2024-01,0.8038,1
485,Alex Smith,Basic,699,46,0,7,7,0,0,0,100,177,False,True,North,2024-03,0.7242,0
486,Avery Nguyen,Premium,1499,46,7,7,1,1,1,1,500,188,False,True,South,2024-08,0.8542,1
487,Casey Johnson,Ultra,2499,22,4,2,1,2,1,1,1000,238,False,False,South,2024-09,0.7635,1
488,Taylor Johnson,Ultra,2499,58,7,5,0,3,0,0,1000,148,False,False,North,2024-02,0.8079,1
489,Avery Brown,Basic,699,26,0,2,0,5,1,1,100,148,False,False,East,2024-12,0.6652,0
490,Quinn Lee,Plus,999,45,6,7,3,4,1,1,200,69,False,False,West,2024-04,0.923,1
491,Reese Johnson,Ultra,2499,47,2,4,3,0,1,1,1000,235,False,True,North,2024-09,0.7814,1
492,Riley Lee,Basic,699,47,0,5,4,5,1,0,100,112,True,False,North,2024-08,0.856,1
493,Alex Khan,Plus,999,52,8,3,5,2,1,0,200,179,False,False,South,2024-02,0.8424,1
494,Jamie Martinez,Basic,699,10,6,6,1,0,0,1,100,285,False,False,West,2024-02,0.8266,1
495,Quinn Martinez,Ultra,2499,56,4,7,6,3,1,1,1000,164,False,True,South,2024-08,0.91,1
496,Jamie Brown,Basic,699,45,3,7,7,0,0,1,100,194,False,True,West,2024-02,0.4585,0
497,Reese Brown,Basic,699,34,2,1,5,2,1,1,100,162,False,True,South,2024-03,0.7627,1
498,Casey Khan,Plus,999,12,7,0,1,4,1,0,200,109,False,False,East,2024-10,0.8127,1
499,Quinn Patel,Plus,999,49,2,7,7,5,1,0,200,305,False,False,West,2024-07,0.7039,1
500,Avery Davis,Ultra,2499,48,4,1,2,5,0,1,1000,140,False,True,North,2024-04,0.8463,1
501,Casey Davis,Plus,999,49,7,0,1,5,0,0,200,277,False,True,West,2024-02,0.8505,1
502,Jordan Martinez,Basic,699,32,0,5,6,1,1,0,100,184,False,False,East,2024-02,0.4435,0
503,Avery Brown,Plus,999,19,2,2,4,0,0,1,200,228,False,False,North,2024-10,0.694,1
504,Morgan Khan,Ultra,2499,7,5,2,6,2,1,1,1000,242,False,False,North,2024-04,0.626,1
505,Jordan Nguyen,Ultra,2499,8,4,0,5,3,1,0,1000,253,False,False,South,2024-01,0.5124,0
506,Quinn Khan,Plus,999,20,6,7,1,5,0,0,200,272,False,False,South,2024-09,0.8938,0
507,Quinn Brown,Basic,699,1,7,4,2,0,0,1,100,325,False,False,West,2024-06,0.7869,1
508,Quinn Lee,Basic,699,11,8,1,4,0,1,0,100,301,False,False,East,2024-07,0.4799,0
509,Avery Davis,Premium,1499,41,4,7,4,1,1,1,500,134,False,False,East,2024-01,0.8452,1
510,Riley Garcia,Ultra,2499,1,0,2,6,4,1,1,1000,157,False,False,North,2024-09,0.5655,0
511,Reese Lee,Premium,1499,53,6,5,6,1,0,0,500,216,False,False,West,2024-01,0.6068,1
512,Casey Garcia,Plus,999,6,4,3,3,3,1,0,200,178,False,False,South,2024-01,0.6251,0
513,Morgan Martinez,Premium,1499,37,8,7,2,4,0,0,500,300,True,True,North,2024-03,0.7321,1
514,Reese Garcia,Premium,1499,13,0,4,8,3,0,1,500,182,False,False,North,2024-06,0.8019,0
515,Avery Nguyen,Ultra,2499,32,5,0,3,0,1,1,1000,222,False,False,West,2024-04,0.7143,0
516,Alex Brown,Ultra,2499,5,3,3,2,2,1,0,1000,161,False,True,West,2024-07,0.7824,1
517,Jordan Patel,Plus,999,7,7,3,5,0,1,0,200,207,False,False,West,2024-02,0.8412,1
518,Reese Johnson,Basic,699,25,5,1,2,0,1,0,100,146,False,False,North,2024-02,0.7766,1
519,Avery Khan,Ultra,2499,7,6,3,0,3,1,1,1000,94,False,False,North,2024-06,0.8146,1
520,Riley Smith,Premium,1499,38,3,1,1,0,0,0,500,195,False,True,East,2024-06,0.7062,0
521,Reese Lee,Plus,999,9,0,0,2,2,1,1,200,297,False,False,South,2024-03,0.6344,1
522,Riley Davis,Basic,699,34,2,0,3,4,0,1,100,255,False,False,South,2024-02,0.7377,1
523,Morgan Nguyen,Premium,1499,55,5,4,6,2,0,0,500,167,False,False,North,2024-08,0.6394,1
524,Quinn Garcia,Ultra,2499,40,3,3,7,5,1,1,1000,225,False,True,North,2024-06,0.6303,1
525,Morgan Smith,Plus,999,19,7,3,5,0,0,0,200,283,False,True,East,2024-12,0.581,0
526,Alex Smith,Plus,999,2,2,4,1,0,0,1,200,136,False,False,East,2024-04,0.7129,1
527,Avery Davis,Ultra,2499,57,1,1,2,1,0,0,1000,214,False,False,East,2024-10,0.6546,1
528,Morgan Garcia,Plus,999,55,8,4,2,2,0,0,200,141,False,False,South,2024-09,0.8114,0
529,Riley Khan,Ultra,2499,51,1,2,8,3,1,1,1000,178,False,True,East,2024-09,0.8489,1
530,Alex Brown,Premium,1499,38,6,0,3,1,0,1,500,218,False,False,East,2024-07,0.7548,1
531,Alex Khan,Basic,699,9,1,4,7,4,1,0,100,234,False,False,East,2024-07,0.7829,1
532,Jordan Brown,Premium,1499,18,6,0,2,3,0,1,500,260,False,False,North,2024-05,0.7538,1
533,Reese Nguyen,Plus,999,7,1,1,5,0,0,1,200,154,False,False,East,2024-12,0.6182,0
534,Quinn Smith,Plus,999,55,8,4,0,2,1,1,200,89,False,False,West,2024-10,0.8487,1
535,Morgan Khan,Ultra,2499,15,3,3,7,1,1,1,1000,147,False,True,South,2024-07,0.8405,1
536,Casey Martinez,Ultra,2499,55,8,0,5,1,0,1,1000,176,False,True,East,2024-06,0.5279,1
537,Jordan Lee,Premium,1499,21,0,0,2,1,1,1,500,185,False,True,West,2024-02,0.6077,1
538,Casey Brown,Ultra,2499,41,4,1,2,0,0,0,1000,249,False,False,North,2024-03,0.3421,0
539,Jordan Smith,Plus,999,15,4,1,7,0,1,0,200,71,True,False,West,2024-07,0.4914,0
540,Jamie Nguyen,Ultra,2499,31,1,6,3,1,0,1,1000,285,False,False,West,2024-03,0.7871,0
541,Jamie Patel,Ultra,2499,18,3,0,2,3,0,1,1000,155,False,True,East,2024-10,0.7441,1
542,Jamie Garcia,Basic,699,19,7,5,4,3,0,1,100,157,False,False,West,2024-08,0.9065,1
543,Jordan Lee,Ultra,2499,45,0,3,2,2,1,0,1000,206,False,False,South,2024-08,0.7378,0
544,Riley Johnson,Basic,699,49,1,5,6,3,0,1,100,252,False,True,North,2024-02,0.8397,1
545,Jordan Garcia,Premium,1499,48,6,3,6,0,0,1,500,161,True,False,East,2024-11,0.8416,1
546,Taylor Garcia,Plus,999,46,7,2,7,2,0,0,200,174,False,False,South,2024-05,0.5682,0
547,Quinn Garcia,Basic,699,44,4,2,7,2,0,0,100,230,False,False,South,2024-08,0.8097,0
548,Avery Johnson,Ultra,2499,45,4,7,0,4,0,0,1000,231,False,False,South,2024-06,0.8466,1
549,Jamie Nguyen,Basic,699,1,5,3,1,1,0,0,100,185,False,True,North,2024-06,0.735,1
550,Jordan Brown,Ultra,2499,28,1,3,3,0,1,1,1000,244,True,False,East,2024-01,0.7431,1
551,Casey Smith,Premium,1499,3,1,3,6,2,1,0,500,249,False,False,South,2024-05,0.7457,1
552,Morgan Patel,Premium,1499,12,5,7,1,2,0,1,500,326,False,False,South,2024-09,0.8347,0
553,Morgan Davis,Basic,699,20,3,6,3,4,0,0,100,257,True,False,South,2024-03,0.8486,1
554,Morgan Nguyen,Ultra,2499,48,5,2,4,2,0,1,1000,222,False,False,North,2024-04,0.7895,1
555,Taylor Nguyen,Basic,699,59,3,3,6,4,1,0,100,136,False,True,West,2024-02,0.9035,1
556,Reese Brown,Plus,999,6,2,3,3,4,0,1,200,166,False,False,South,2024-04,0.8026,1
557,Taylor Khan,Ultra,2499,41,3,4,7,0,1,1,1000,240,False,False,West,2024-09,0.8241,1
558,Jordan Lee,Basic,699,49,6,6,1,2,0,0,100,190,False,False,West,2024-05,0.85,1
559,Casey Lee,Plus,999,46,7,3,2,1,0,0,200,348,False,False,East,2024-08,0.7877,1
560,Alex Martinez,Ultra,2499,32,4,1,6,0,0,1,1000,194,False,True,West,2024-05,0.8018,1
561,Taylor Brown,Ultra,2499,41,5,0,6,3,0,0,1000,257,False,False,East,2024-11,0.853,1
562,Jordan Martinez,Ultra,2499,44,2,4,3,4,0,0,1000,224,True,True,West,2024-07,0.8276,0
563,Alex Smith,Plus,999,57,6,2,6,2,1,1,200,294,False,False,North,2024-02,0.84,1
564,Casey Smith,Premium,1499,48,3,6,4,0,0,1,500,201,True,True,West,2024-09,0.8126,1
565,Taylor Nguyen,Plus,999,24,2,2,3,3,0,0,200,175,False,False,South,2024-04,0.4377,0
566,Riley Khan,Premium,1499,58,6,7,1,5,0,0,500,202,False,False,East,2024-02,0.9041,1
567,Reese Khan,Basic,699,1,0,4,0,5,0,0,100,292,False,False,West,2024-10,0.7804,0
568,Alex Garcia,Ultra,2499,49,5,6,5,2,1,1,1000,162,False,False,West,2024-07,0.905,0
569,Riley Martinez,Basic,699,30,6,2,0,4,0,1,100,263,False,False,South,2024-06,0.7851,1
570,Jamie Garcia,Ultra,2499,43,3,0,5,0,1,0,1000,221,False,False,West,2024-04,0.7494,1
571,Quinn Khan,Premium,1499,28,7,1,6,2,0,0,500,159,False,False,North,2024-03,0.866,1
572,Taylor Lee,Plus,999,58,7,1,7,5,0,0,200,169,False,False,North,2024-02,0.8828,1
573,Morgan Davis,Ultra,2499,50,4,3,4,5,1,0,1000,167,False,False,West,2024-02,0.8842,1
574,Morgan Garcia,Basic,699,42,5,6,6,5,1,0,100,103,False,True,North,2024-02,0.7338,0
575,Taylor Martinez,Premium,1499,9,5,6,0,2,0,0,500,291,False,False,East,2024-06,0.8074,0
576,Reese Smith,Plus,999,7,6,0,8,3,1,0,200,110,False,False,South,2024-08,0.8095,1
577,Casey Patel,Basic,699,39,5,4,8,5,0,1,100,135,False,False,West,2024-11,0.8788,1
578,Riley Lee,Premium,1499,10,3,3,0,1,1,1,500,294,False,False,South,2024-01,0.7706,1
579,Jamie Smith,Ultra,2499,26,1,4,4,5,0,1,1000,131,True,False,North,2024-12,0.8887,1
580,Casey Johnson,Ultra,2499,45,7,4,2,1,0,0,1000,248,False,True,North,2024-11,0.8251,0
581,Casey Nguyen,Plus,999,60,0,1,5,3,0,0,200,20,True,False,East,2024-10,0.8151,1
582,Reese Khan,Basic,699,8,3,6,7,2,0,1,100,82,False,False,North,2024-08,0.818,1
583,Jamie Smith,Premium,1499,1,1,1,1,0,1,0,500,251,True,False,West,2024-05,0.7532,1
584,Quinn Martinez,Ultra,2499,31,6,4,2,0,1,0,1000,276,False,False,South,2024-07,0.8313,1
585,Avery Smith,Ultra,2499,5,8,1,3,5,0,0,1000,221,False,False,North,2024-09,0.8878,1
586,Avery Nguyen,Plus,999,42,2,1,8,2,0,0,200,233,False,False,East,2024-09,0.4359,0
587,Jordan Patel,Premium,1499,3,8,4,8,3,0,1,500,187,False,False,East,2024-10,0.9021,1
588,Taylor Johnson,Plus,999,3,3,2,4,1,0,0,200,127,False,False,West,2024-02,0.7461,1
589,Quinn Davis,Ultra,2499,6,4,6,2,4,0,0,1000,61,False,False,South,2024-12,0.8771,1
590,Jordan Lee,Plus,999,27,2,5,6,3,0,0,200,110,True,True,North,2024-11,0.8448,1
591,Quinn Brown,Premium,1499,50,4,2,3,2,0,0,500,192,False,False,West,2024-02,0.8159,1
592,Quinn Martinez,Ultra,2499,7,8,5,4,4,1,0,1000,244,False,True,West,2024-03,0.8997,1
593,Alex Nguyen,Ultra,2499,31,2,4,0,5,0,0,1000,110,True,False,East,2024-01,0.8431,1
594,Reese Johnson,Ultra,2499,46,7,2,7,2,1,1,1000,111,False,False,South,2024-05,0.8672,1
595,Avery Johnson,Premium,1499,55,1,1,1,5,0,0,500,218,True,True,East,2024-09,0.7604,0
596,Quinn Davis,Plus,999,31,7,1,6,0,0,0,200,187,False,False,East,2024-04,0.7502,1
597,Alex Garcia,Basic,699,39,7,2,8,1,0,0,100,137,False,True,East,2024-01,0.844,1
598,Quinn Patel,Premium,1499,59,3,1,4,2,1,1,500,68,False,True,West,2024-04,0.8258,0
599,Jordan Johnson,Ultra,2499,58,7,0,5,0,1,1,1000,178,False,True,East,2024-12,0.5332,1
600,Casey Smith,Ultra,2499,13,1,2,6,0,1,0,1000,195,True,False,South,2024-08,0.7949,1
601,Casey Johnson,Premium,1499,7,7,7,2,1,1,1,500,188,True,False,South,2024-02,0.6308,1
602,Casey Martinez,Premium,1499,58,0,2,3,3,1,0,500,188,False,False,South,2024-06,0.7634,0
603,Jamie Patel,Ultra,2499,9,1,1,0,1,0,1,1000,183,False,False,South,2024-01,0.6168,1
604,Reese Nguyen,Ultra,2499,31,4,4,7,0,1,0,1000,130,False,False,South,2024-04,0.8162,1
605,Reese Nguyen,Ultra,2499,13,7,1,8,4,0,0,1000,81,False,False,South,2024-04,0.6905,1
606,Quinn Johnson,Plus,999,28,0,3,1,0,1,1,200,92,False,False,South,2024-04,0.6049,1
607,Alex Nguyen,Basic,699,20,1,4,5,2,1,1,100,129,False,False,South,2024-01,0.521,0
608,Taylor Lee,Premium,1499,31,4,1,6,1,1,1,500,159,False,False,North,2024-11,0.5541,1
609,Avery Davis,Premium,1499,48,5,5,3,5,1,0,500,132,False,True,North,2024-03,0.9177,1
610,Morgan Johnson,Plus,999,13,7,1,1,4,1,1,200,121,False,False,South,2024-09,0.8734,1
611,Taylor Brown,Premium,1499,58,8,5,5,3,0,1,500,96,True,False,North,2024-03,0.9078,1
612,Avery Smith,Basic,699,37,0,3,6,3,0,0,100,224,False,False,West,2024-07,0.7794,1
613,Quinn Nguyen,Plus,999,38,0,7,8,5,1,1,200,167,False,False,East,2024-09,0.6249,1
614,Alex Lee,Premium,1499,3,2,4,2,2,0,0,500,183,False,True,North,2024-01,0.7922,1
615,Taylor Brown,Basic,699,46,8,4,2,3,1,1,100,247,False,False,North,2024-06,0.686,0
616,Casey Lee,Basic,699,35,1,6,4,5,0,1,100,140,False,False,West,2024-03,0.8227,1
617,Reese Smith,Plus,999,58,7,1,7,1,1,0,200,173,False,True,West,2024-12,0.6631,1
618,Avery Davis,Plus,999,53,6,3,1,1,0,1,200,123,False,False,West,2024-02,0.8155,1
619,Avery Garcia,Basic,699,25,6,0,1,0,0,0,100,297,False,True,South,2024-11,0.6936,0
620,Quinn Garcia,Premium,1499,55,1,3,2,3,1,0,500,219,False,False,South,2024-01,0.8137,1
621,Reese Nguyen,Basic,699,53,0,1,8,2,0,1,100,153,True,False,North,2024-04,0.721,1
622,Jordan Patel,Ultra,2499,44,1,7,2,0,0,0,1000,139,False,False,North,2024-10,0.6916,1
623,Riley Lee,Plus,999,12,6,5,2,5,1,0,200,134,False,False,East,2024-06,0.8856,1
624,Casey Brown,Premium,1499,52,1,0,2,5,0,1,500,182,True,False,West,2024-02,0.4169,0
625,Morgan Johnson,Plus,999,6,5,2,2,3,1,1,200,196,False,False,West,2024-10,0.7903,1
626,Morgan Patel,Ultra,2499,36,7,7,8,4,0,1,1000,203,True,False,South,2024-12,0.7833,1
627,Quinn Johnson,Premium,1499,36,7,2,1,0,1,1,500,40,False,False,South,2024-05,0.8,0
628,Jordan Davis,Plus,999,14,3,0,2,0,0,1,200,265,False,False,West,2024-06,0.257,0
629,Taylor Martinez,Basic,699,31,2,0,2,2,0,0,100,297,False,True,West,2024-03,0.6991,1
630,Avery Johnson,Premium,1499,31,6,5,7,5,0,1,500,130,True,True,North,2024-10,0.9365,1
631,Morgan Johnson,Ultra,2499,44,7,4,8,2,0,1,1000,219,False,False,North,2024-09,0.8778,0
632,Casey Nguyen,Basic,699,15,6,2,8,4,0,1,100,217,False,False,West,2024-07,0.6039,0
633,Avery Brown,Premium,1499,7,1,1,5,4,1,0,500,191,False,True,North,2024-02,0.4745,0
634,Avery Lee,Plus,999,36,3,0,3,2,0,0,200,172,False,False,North,2024-01,0.678,0
635,Taylor Patel,Premium,1499,26,8,3,5,3,1,0,500,128,False,True,West,2024-12,0.9134,1
636,Taylor Martinez,Ultra,2499,31,0,4,2,1,1,0,1000,256,False,True,South,2024-04,0.7542,1
637,Jordan Smith,Premium,1499,29,2,5,4,2,1,0,500,103,False,False,West,2024-04,0.5306,0
638,Jamie Lee,Ultra,2499,7,0,2,4,4,0,1,1000,264,True,False,East,2024-03,0.4828,0
639,Alex Brown,Premium,1499,6,1,2,7,2,1,1,500,342,False,False,South,2024-02,0.802,1
640,Avery Davis,Ultra,2499,27,2,7,5,4,1,1,1000,193,True,False,West,2024-05,0.8913,0
641,Jordan Lee,Basic,699,48,3,0,2,0,1,1,100,189,True,False,North,2024-04,0.6829,1
642,Alex Davis,Ultra,2499,30,8,7,1,0,0,0,1000,229,False,False,West,2024-04,0.8353,1
643,Casey Patel,Ultra,2499,14,7,1,4,3,0,0,1000,124,False,True,South,2024-06,0.8235,0
644,Jordan Brown,Premium,1499,51,6,7,3,0,0,0,500,51,False,False,East,2024-05,0.8601,1
645,Morgan Lee,Ultra,2499,6,4,7,6,4,0,1,1000,102,False,True,West,2024-06,0.8815,1
646,Taylor Lee,Ultra,2499,31,7,2,6,2,1,0,1000,207,False,False,South,2024-02,0.9075,1
647,Taylor Khan,Premium,1499,1,2,7,2,3,1,0,500,179,False,False,East,2024-09,0.8671,0
648,Alex Patel,Basic,699,3,3,3,6,5,0,1,100,185,False,True,South,2024-11,0.8865,1
649,Taylor Khan,Premium,1499,58,4,1,7,5,1,1,500,244,False,False,West,2024-09,0.8751,1
650,Jordan Garcia,Ultra,2499,24,2,2,8,3,1,1,1000,198,False,False,West,2024-11,0.8346,1
651,Riley Martinez,Basic,699,6,0,6,1,3,0,1,100,133,False,False,East,2024-07,0.4697,0
652,Quinn Brown,Ultra,2499,8,3,7,1,2,1,1,1000,167,False,False,West,2024-01,0.8125,1
653,Quinn Davis,Premium,1499,57,4,4,6,5,0,0,500,217,False,False,North,2024-01,0.6469,1
654,Casey Smith,Premium,1499,22,2,6,3,4,1,0,500,181,False,False,North,2024-10,0.8663,0
655,Taylor Lee,Ultra,2499,58,5,2,6,1,0,0,1000,256,False,False,West,2024-11,0.828,0
656,Taylor Khan,Plus,999,6,1,0,6,0,0,0,200,178,False,False,North,2024-10,0.6732,0
657,Jamie Garcia,Premium,1499,12,3,3,4,1,0,1,500,277,False,False,East,2024-02,0.7831,1
658,Avery Johnson,Basic,699,30,1,1,2,2,1,0,100,180,True,False,East,2024-04,0.6755,1
659,Avery Garcia,Basic,699,32,1,3,6,3,1,1,100,105,False,True,North,2024-03,0.8212,1
660,Alex Garcia,Premium,1499,23,7,0,2,4,1,0,500,137,False,True,North,2024-09,0.8509,1
661,Riley Khan,Plus,999,2,5,2,3,0,0,1,200,183,False,True,North,2024-06,0.794,1
662,Riley Johnson,Ultra,2499,33,6,3,4,1,0,1,1000,175,False,True,East,2024-03,0.8498,0
663,Quinn Brown,Ultra,2499,28,4,5,1,4,1,1,1000,184,False,False,North,2024-08,0.5383,1
664,Alex Lee,Ultra,2499,19,8,5,6,0,0,0,1000,114,False,False,South,2024-06,0.5886,1
665,Jamie Nguyen,Plus,999,50,5,1,0,2,0,1,200,95,False,False,East,2024-04,0.7446,1
666,Reese Johnson,Plus,999,7,8,4,1,4,1,1,200,287,False,False,South,2024-01,0.8931,1
667,Casey Patel,Basic,699,8,7,2,5,4,1,0,100,165,False,False,North,2024-08,0.905,1
668,Jamie Patel,Basic,699,22,0,1,7,0,1,1,100,190,False,False,West,2024-02,0.6636,1
669,Casey Nguyen,Ultra,2499,20,7,7,1,2,0,0,1000,137,False,False,South,2024-02,0.8474,0
670,Jamie Johnson,Plus,999,6,3,5,8,0,0,1,200,152,False,True,North,2024-05,0.5239,1
671,Quinn Nguyen,Premium,1499,45,2,2,7,0,0,1,500,191,False,False,West,2024-11,0.7311,1
672,Morgan Garcia,Ultra,2499,43,7,4,5,5,1,0,1000,210,True,False,North,2024-06,0.9398,1
673,Jamie Martinez,Basic,699,32,0,3,0,5,0,1,100,246,False,True,North,2024-06,0.3722,0
674,Morgan Garcia,Premium,1499,49,4,7,2,4,0,0,500,20,False,False,West,2024-10,0.8928,1
675,Riley Martinez,Premium,1499,28,2,4,1,1,1,0,500,84,False,True,West,2024-03,0.4394,0
676,Alex Garcia,Ultra,2499,23,4,1,8,0,1,1,1000,98,False,False,West,2024-09,0.7349,1
677,Morgan Garcia,Basic,699,42,6,6,3,2,0,1,100,217,True,False,West,2024-09,0.8883,1
678,Reese Khan,Plus,999,8,0,0,4,1,0,0,200,139,False,False,West,2024-07,0.5178,1
679,Morgan Smith,Plus,999,11,3,5,4,5,1,0,200,141,True,False,West,2024-12,0.901,0
680,Reese Garcia,Premium,1499,44,1,2,2,2,1,0,500,76,False,False,West,2024-06,0.4298,0
681,Morgan Martinez,Plus,999,44,0,5,7,4,0,1,200,178,False,False,North,2024-01,0.8357,0
682,Avery Lee,Plus,999,49,2,1,1,2,1,1,200,188,False,False,East,2024-11,0.6691,1
683,Casey Lee,Premium,1499,46,5,7,1,2,0,0,500,263,False,False,South,2024-06,0.8343,1
684,Alex Lee,Plus,999,48,1,3,6,5,0,1,200,178,False,False,West,2024-09,0.515,0
685,Reese Garcia,Ultra,2499,38,6,4,4,1,0,1,1000,148,False,True,West,2024-10,0.8358,1
686,Jamie Garcia,Basic,699,32,2,7,2,4,1,0,100,167,False,False,East,2024-01,0.8773,1
687,Taylor Garcia,Basic,699,32,4,0,6,2,0,0,100,83,False,False,East,2024-09,0.7307,0
688,Reese Brown,Premium,1499,10,3,6,1,2,0,0,500,282,False,False,West,2024-07,0.7972,0
689,Riley Martinez,Premium,1499,12,6,5,2,5,0,1,500,133,True,False,East,2024-05,0.7381,1
690,Casey Khan,Plus,999,25,6,1,2,4,1,1,200,137,False,False,East,2024-08,0.877,1
691,Reese Patel,Basic,699,59,8,0,6,0,0,1,100,227,False,False,East,2024-03,0.7553,0
692,Jamie Khan,Ultra,2499,9,6,0,7,4,1,0,1000,331,True,False,North,2024-06,0.8828,1
693,Taylor Brown,Premium,1499,56,0,1,8,5,0,0,500,231,False,False,West,2024-03,0.5012,0
694,Riley Patel,Premium,1499,47,0,7,3,0,0,0,500,271,True,False,North,2024-04,0.4686,0
695,Jamie Garcia,Ultra,2499,26,0,1,4,3,1,0,1000,182,False,False,East,2024-10,0.7225,0
696,Jordan Davis,Ultra,2499,10,0,2,2,5,0,0,1000,212,False,False,South,2024-08,0.7385,1
697,Avery Davis,Ultra,2499,24,4,6,6,5,0,1,1000,320,False,False,North,2024-05,0.9138,1
698,Alex Martinez,Premium,1499,3,7,0,5,1,1,1,500,154,False,False,East,2024-09,0.8386,1
699,Riley Johnson,Ultra,2499,33,1,2,2,2,1,1,1000,85,False,False,East,2024-11,0.6994,1
700,Morgan Garcia,Ultra,2499,39,2,4,2,5,1,1,1000,264,False,False,North,2024-01,0.5576,0
701,Reese Garcia,Basic,699,32,7,5,3,5,0,0,100,106,False,True,West,2024-07,0.9122,1
702,Morgan Nguyen,Basic,699,55,1,7,5,4,0,0,100,262,False,False,West,2024-03,0.8567,1
703,Jordan Nguyen,Premium,1499,32,7,4,3,1,0,1,500,249,False,False,South,2024-02,0.8125,1
704,Riley Martinez,Basic,699,52,2,0,5,3,0,1,100,80,False,False,West,2024-04,0.7833,1
705,Morgan Patel,Premium,1499,23,8,2,1,3,1,1,500,157,False,False,South,2024-09,0.8337,1
706,Quinn Davis,Premium,1499,2,3,4,4,3,1,0,500,272,False,True,East,2024-02,0.8822,1
707,Quinn Lee,Premium,1499,26,0,1,7,2,0,0,500,211,False,False,East,2024-01,0.4662,0
708,Avery Garcia,Basic,699,16,7,1,0,2,0,1,100,134,False,False,North,2024-09,0.7754,1
709,Morgan Martinez,Basic,699,32,8,3,5,3,1,1,100,183,False,False,South,2024-01,0.8839,1
710,Alex Lee,Ultra,2499,44,0,7,0,3,1,0,1000,286,False,False,South,2024-02,0.7902,0
711,Avery Garcia,Plus,999,22,6,0,3,1,0,0,200,217,False,False,North,2024-01,0.7792,1
712,Jordan Garcia,Basic,699,9,7,2,4,0,1,1,100,154,False,False,East,2024-03,0.7848,1
713,Quinn Brown,Basic,699,17,8,3,7,5,1,0,100,106,False,False,East,2024-09,0.8865,1
714,Quinn Nguyen,Premium,1499,45,8,1,0,2,1,1,500,323,False,True,South,2024-09,0.4662,0
715,Casey Brown,Basic,699,24,2,0,3,5,1,1,100,164,False,True,North,2024-05,0.4971,0
716,Reese Patel,Basic,699,4,4,6,7,0,1,1,100,201,False,True,West,2024-03,0.8872,1
717,Avery Garcia,Premium,1499,60,0,5,4,4,0,0,500,240,False,False,West,2024-07,0.7978,0
718,Reese Garcia,Ultra,2499,47,4,7,6,4,1,0,1000,168,False,False,South,2024-03,0.9162,1
719,Jordan Brown,Plus,999,50,8,4,5,4,1,0,200,162,False,False,East,2024-11,0.9221,1
720,Casey Patel,Premium,1499,54,4,2,7,3,0,1,500,214,True,True,East,2024-08,0.8798,1
721,Jamie Patel,Basic,699,18,8,5,1,3,0,1,100,226,False,False,West,2024-03,0.6215,1
722,Alex Martinez,Plus,999,8,0,2,8,3,1,0,200,192,False,True,East,2024-05,0.4392,0
723,Casey Garcia,Basic,699,39,3,5,1,0,1,0,100,207,False,True,East,2024-10,0.7488,0
724,Avery Smith,Ultra,2499,57,4,2,0,2,1,1,1000,142,False,False,East,2024-08,0.7821,1
725,Taylor Johnson,Premium,1499,3,4,2,0,0,0,1,500,266,False,False,East,2024-04,0.7095,1
726,Reese Nguyen,Basic,699,5,3,6,8,5,0,0,100,201,False,False,West,2024-06,0.7494,0
727,Jordan Lee,Premium,1499,16,5,3,7,2,0,0,500,196,False,False,West,2024-06,0.6749,1
728,Reese Lee,Ultra,2499,39,3,7,6,1,0,0,1000,219,False,False,South,2024-10,0.499,0
729,Reese Martinez,Premium,1499,8,1,6,6,4,0,1,500,232,False,False,South,2024-08,0.6288,1
730,Quinn Nguyen,Ultra,2499,48,1,2,0,3,0,0,1000,270,False,True,West,2024-07,0.7352,1
731,Casey Brown,Premium,1499,8,5,5,1,5,0,0,500,170,False,False,West,2024-07,0.8552,1
732,Jamie Brown,Ultra,2499,45,2,2,8,0,0,0,1000,165,False,False,West,2024-07,0.7052,1
733,Morgan Johnson,Basic,699,15,4,7,5,0,1,1,100,139,False,False,South,2024-03,0.5789,0
734,Jamie Garcia,Premium,1499,37,5,1,5,2,0,0,500,296,False,False,South,2024-03,0.8204,0
735,Alex Nguyen,Plus,999,43,4,2,1,1,0,0,200,96,False,True,South,2024-01,0.744,0
736,Jordan Smith,Premium,1499,37,6,7,8,1,1,1,500,263,False,False,North,2024-08,0.8888,1
737,Jordan Lee,Premium,1499,47,1,5,1,5,0,0,500,170,False,False,East,2024-08,0.8149,1
738,Riley Smith,Basic,699,28,1,5,3,4,0,0,100,125,False,False,South,2024-11,0.5293,1
739,Casey Brown,Ultra,2499,19,2,3,1,4,0,0,1000,171,False,False,South,2024-12,0.4807,0
740,Alex Martinez,Ultra,2499,41,3,5,7,4,0,1,1000,117,False,False,West,2024-08,0.8715,1
741,Jordan Lee,Ultra,2499,19,1,3,1,2,1,1,1000,230,False,False,North,2024-03,0.7219,1
742,Reese Lee,Ultra,2499,46,2,7,7,4,1,0,1000,300,True,False,South,2024-07,0.6835,0
743,Taylor Martinez,Ultra,2499,26,7,6,6,2,0,1,1000,195,False,True,North,2024-05,0.9168,1
744,Avery Martinez,Plus,999,50,1,5,2,4,0,0,200,80,False,True,East,2024-06,0.7642,1
745,Morgan Patel,Plus,999,24,8,3,2,4,1,0,200,73,False,True,East,2024-06,0.9072,1
746,Reese Garcia,Basic,699,55,0,1,8,3,1,0,100,141,True,False,South,2024-11,0.8394,1
747,Quinn Davis,Ultra,2499,42,6,2,4,0,0,0,1000,140,False,False,West,2024-01,0.4869,0
748,Casey Brown,Plus,999,7,6,3,4,2,1,0,200,287,False,False,North,2024-05,0.888,1
749,Casey Lee,Ultra,2499,6,3,6,8,2,1,1,1000,324,False,False,South,2024-07,0.6816,1
750,Jordan Garcia,Basic,699,29,3,0,6,1,1,1,100,251,False,True,East,2024-06,0.4797,0
751,Reese Lee,Plus,999,14,7,3,1,1,1,1,200,234,False,False,South,2024-01,0.7871,1
752,Quinn Garcia,Plus,999,3,5,6,0,2,0,1,200,122,False,False,South,2024-06,0.8333,1
753,Quinn Khan,Basic,699,28,1,6,2,0,0,0,100,168,True,False,North,2024-01,0.7175,1
754,Jamie Smith,Plus,999,48,8,6,6,0,1,0,200,228,False,False,East,2024-09,0.8902,1
755,Avery Lee,Plus,999,19,8,3,5,4,1,1,200,186,False,False,South,2024-03,0.9131,1
756,Jamie Khan,Ultra,2499,12,2,7,1,0,1,0,1000,100,False,True,West,2024-06,0.4554,0
757,Casey Brown,Plus,999,5,5,3,5,5,0,0,200,129,False,False,West,2024-10,0.8606,1
758,Jamie Brown,Plus,999,5,2,1,3,2,0,1,200,174,False,True,West,2024-06,0.7449,0
759,Avery Smith,Ultra,2499,14,2,0,3,1,0,0,1000,285,True,False,North,2024-06,0.381,0
760,Quinn Lee,Ultra,2499,28,7,5,4,4,0,0,1000,108,False,False,West,2024-12,0.9212,1
761,Alex Smith,Basic,699,57,3,2,4,5,0,1,100,265,False,False,East,2024-11,0.5664,0
762,Avery Nguyen,Basic,699,56,5,7,5,5,1,0,100,164,False,False,South,2024-07,0.9094,0
763,Avery Brown,Ultra,2499,24,8,3,0,4,1,1,1000,153,True,False,East,2024-09,0.8903,1
764,Quinn Garcia,Ultra,2499,26,0,4,4,5,0,0,1000,311,False,False,West,2024-08,0.5821,0
765,Quinn Brown,Basic,699,24,0,2,2,1,0,1,100,145,False,True,West,2024-11,0.6064,1
766,Jordan Nguyen,Plus,999,42,0,5,5,5,0,1,200,189,False,False,West,2024-07,0.7916,1
767,Avery Brown,Plus,999,47,4,1,2,3,0,1,200,202,False,False,West,2024-03,0.7573,0
768,Avery Smith,Premium,1499,36,5,1,5,3,0,1,500,147,True,False,South,2024-12,0.5202,1
769,Avery Johnson,Basic,699,14,5,7,1,5,0,1,100,215,False,False,South,2024-12,0.8699,1
770,Riley Lee,Premium,1499,12,4,2,5,3,0,0,500,98,False,True,East,2024-05,0.7772,1
771,Reese Nguyen,Premium,1499,23,8,7,2,0,1,0,500,178,False,True,West,2024-06,0.8885,1
772,Taylor Khan,Premium,1499,45,8,4,1,4,0,1,500,296,False,False,North,2024-09,0.8546,1
773,Jordan Smith,Premium,1499,24,6,0,5,5,0,1,500,137,False,True,West,2024-08,0.888,1
774,Reese Lee,Premium,1499,20,2,7,8,1,0,1,500,110,False,False,West,2024-12,0.8299,0
775,Reese Davis,Premium,1499,31,6,4,0,1,0,1,500,233,False,False,West,2024-10,0.531,1
776,Taylor Nguyen,Plus,999,37,2,2,5,0,0,1,200,172,False,True,East,2024-08,0.7129,1
777,Riley Martinez,Plus,999,20,4,1,2,1,0,1,200,118,True,True,East,2024-01,0.7263,1
778,Casey Davis,Ultra,2499,45,3,7,6,3,0,0,1000,164,False,False,South,2024-07,0.8803,0
779,Avery Davis,Ultra,2499,35,1,5,7,5,0,0,1000,243,False,True,South,2024-06,0.8652,1
780,Reese Brown,Ultra,2499,59,1,3,2,3,0,0,1000,284,False,False,East,2024-07,0.7387,1
781,Jordan Johnson,Ultra,2499,44,7,0,4,3,0,0,1000,178,False,False,North,2024-08,0.8066,1
782,Reese Garcia,Basic,699,11,5,2,8,3,1,0,100,20,False,False,West,2024-07,0.8892,1
783,Jamie Brown,Ultra,2499,33,5,7,5,4,1,0,1000,231,False,False,West,2024-11,0.7207,1
784,Reese Johnson,Plus,999,33,7,6,0,3,1,0,200,184,True,False,East,2024-01,0.8897,1
785,Alex Patel,Premium,1499,44,4,0,8,2,0,1,500,70,False,True,East,2024-05,0.8086,1
786,Morgan Martinez,Ultra,2499,16,2,1,8,0,0,0,1000,235,False,False,East,2024-06,0.6708,0
787,Casey Johnson,Ultra,2499,3,1,5,5,0,0,0,1000,200,False,False,North,2024-06,0.7304,0
788,Riley Nguyen,Basic,699,12,4,1,6,0,0,1,100,212,False,False,South,2024-12,0.7417,1
789,Casey Smith,Ultra,2499,18,2,4,8,5,0,1,1000,66,False,False,East,2024-01,0.898,1
790,Jamie Johnson,Premium,1499,18,7,5,1,1,0,0,500,128,False,True,East,2024-12,0.8173,0
791,Quinn Smith,Premium,1499,35,6,7,8,0,1,1,500,194,False,False,South,2024-08,0.9005,1
792,Riley Patel,Ultra,2499,17,6,0,1,5,1,1,1000,108,True,False,East,2024-05,0.8652,1
793,Jamie Garcia,Plus,999,40,2,5,6,3,0,1,200,210,False,False,South,2024-07,0.8512,1
794,Casey Davis,Basic,699,26,3,3,1,4,1,0,100,192,False,False,West,2024-09,0.8014,1
795,Taylor Johnson,Premium,1499,21,5,1,5,4,1,0,500,122,False,False,West,2024-05,0.8702,1
796,Morgan Smith,Premium,1499,1,8,5,7,5,0,0,500,104,False,False,West,2024-07,0.6774,1
797,Casey Martinez,Basic,699,39,6,0,5,4,0,0,100,210,False,False,North,2024-06,0.6024,1
798,Avery Nguyen,Plus,999,55,2,7,5,5,0,0,200,20,False,False,South,2024-06,0.6198,1
799,Avery Patel,Ultra,2499,30,3,7,3,1,1,0,1000,223,False,False,South,2024-04,0.8675,0
800,Reese Johnson,Ultra,2499,56,8,7,6,0,1,1,1000,181,False,False,North,2024-08,0.8722,1
801,Alex Smith,Basic,699,24,6,7,6,0,0,0,100,167,False,False,North,2024-12,0.6471,1
802,Alex Khan,Plus,999,51,7,3,4,0,1,0,200,134,False,False,South,2024-05,0.7974,1
803,Taylor Davis,Premium,1499,37,4,0,2,1,1,0,500,146,False,False,East,2024-12,0.7041,0
804,Jamie Brown,Premium,1499,31,7,4,2,5,0,0,500,188,False,False,East,2024-11,0.7117,0
805,Alex Martinez,Plus,999,38,0,4,5,5,1,1,200,202,False,True,East,2024-11,0.5774,0
806,Taylor Brown,Premium,1499,25,7,2,8,3,0,1,500,159,False,True,North,2024-06,0.5904,1
807,Quinn Garcia,Basic,699,42,3,5,7,3,0,0,100,241,False,False,North,2024-07,0.8517,0
808,Avery Davis,Premium,1499,36,8,1,0,3,0,0,500,167,False,False,South,2024-04,0.858,1
809,Riley Garcia,Premium,1499,36,4,1,3,5,0,0,500,200,False,True,South,2024-04,0.8302,1
810,Jamie Johnson,Basic,699,21,1,3,7,0,1,0,100,150,False,True,South,2024-10,0.7896,1
811,Reese Brown,Basic,699,47,7,3,7,0,1,1,100,187,False,False,South,2024-06,0.8076,1
812,Jordan Johnson,Plus,999,22,4,4,7,0,0,1,200,244,True,False,West,2024-08,0.4949,0
813,Reese Davis,Premium,1499,7,7,5,8,1,0,0,500,311,False,True,East,2024-06,0.8986,1
814,Jamie Johnson,Plus,999,37,2,5,2,1,1,0,200,148,False,False,South,2024-06,0.7993,0
815,Casey Patel,Premium,1499,15,4,7,4,2,0,1,500,184,False,False,East,2024-08,0.8685,1
816,Casey Johnson,Ultra,2499,4,6,5,2,3,1,0,1000,213,False,True,East,2024-05,0.8912,1
817,Riley Patel,Premium,1499,36,8,3,3,4,1,1,500,134,True,True,East,2024-12,0.9187,1
818,Jordan Khan,Ultra,2499,45,7,3,4,4,1,0,1000,156,True,False,East,2024-09,0.8993,0
819,Reese Martinez,Plus,999,57,1,5,6,1,0,1,200,113,False,False,West,2024-04,0.7864,1
820,Alex Lee,Premium,1499,45,0,2,1,5,1,1,500,324,False,False,South,2024-03,0.7407,1
821,Quinn Lee,Plus,999,44,4,4,0,1,0,1,200,181,False,False,North,2024-09,0.4581,0
822,Jordan Martinez,Basic,699,37,6,0,8,2,1,1,100,174,False,False,North,2024-10,0.5739,1
823,Taylor Lee,Plus,999,52,8,1,7,4,0,0,200,105,False,False,East,2024-08,0.8726,0
824,Taylor Brown,Basic,699,12,5,7,8,5,1,0,100,166,False,False,West,2024-01,0.7821,1
825,Avery Smith,Plus,999,38,5,7,3,4,1,0,200,263,False,True,East,2024-03,0.7753,1
826,Alex Patel,Premium,1499,5,5,5,3,5,0,0,500,220,False,False,East,2024-04,0.9063,1
827,Casey Davis,Plus,999,57,7,1,6,0,1,0,200,193,False,False,West,2024-04,0.4993,0
828,Jordan Martinez,Basic,699,6,2,1,2,1,0,1,100,203,False,False,East,2024-07,0.3155,0
829,Jordan Johnson,Premium,1499,31,4,1,7,0,0,1,500,191,False,False,North,2024-06,0.7921,1
830,Taylor Khan,Premium,1499,15,1,6,7,0,1,1,500,109,True,False,South,2024-10,0.5796,1
831,Alex Garcia,Basic,699,4,3,4,5,4,1,0,100,272,False,True,South,2024-12,0.8862,1
832,Taylor Johnson,Plus,999,2,7,3,4,3,1,1,200,31,False,True,North,2024-06,0.6789,1
833,Casey Martinez,Basic,699,35,6,2,2,0,0,1,100,270,False,True,North,2024-02,0.7643,1
834,Jamie Nguyen,Ultra,2499,9,0,4,7,3,1,0,1000,110,False,False,North,2024-08,0.8107,0
835,Taylor Brown,Plus,999,15,8,2,2,1,0,0,200,238,False,False,North,2024-04,0.4755,0
836,Avery Nguyen,Premium,1499,46,7,4,2,2,1,1,500,163,False,False,North,2024-12,0.85,1
837,Jamie Johnson,Plus,999,1,2,0,3,1,1,1,200,152,True,False,East,2024-04,0.7072,0
838,Alex Khan,Ultra,2499,14,7,4,8,3,0,1,1000,293,False,False,East,2024-06,0.8861,1
839,Jordan Garcia,Ultra,2499,43,1,5,8,2,0,1,1000,265,False,True,South,2024-02,0.5958,1
840,Avery Nguyen,Premium,1499,9,5,4,7,3,0,0,500,249,False,False,South,2024-03,0.8716,1
841,Taylor Martinez,Premium,1499,34,2,0,8,2,0,0,500,208,False,True,South,2024-11,0.7643,1
842,Reese Patel,Ultra,2499,55,3,4,0,3,1,1,1000,116,False,False,West,2024-08,0.8113,1
843,Morgan Johnson,Basic,699,17,8,4,3,5,0,0,100,97,False,True,West,2024-03,0.912,1
844,Taylor Nguyen,Plus,999,42,6,6,3,1,1,0,200,147,False,False,South,2024-07,0.6178,0
845,Jordan Martinez,Ultra,2499,10,4,5,0,5,0,1,1000,199,False,False,West,2024-04,0.8521,1
846,Reese Nguyen,Ultra,2499,10,1,5,4,0,1,1,1000,221,True,False,South,2024-12,0.7771,0
847,Quinn Lee,Basic,699,6,5,3,7,5,1,1,100,240,True,True,East,2024-12,0.907,1
848,Riley Martinez,Ultra,2499,43,4,5,1,0,0,1,1000,188,False,False,West,2024-11,0.5077,0
849,Jamie Johnson,Ultra,2499,39,8,6,0,4,0,0,1000,109,False,True,South,2024-06,0.8764,1
850,Taylor Patel,Ultra,2499,46,0,5,7,3,0,1,1000,215,False,False,West,2024-11,0.8186,1
851,Alex Khan,Premium,1499,7,4,6,0,5,1,1,500,204,False,False,East,2024-04,0.6711,0
852,Jamie Martinez,Premium,1499,50,2,3,8,4,1,1,500,224,False,False,South,2024-08,0.8783,1
853,Alex Lee,Plus,999,21,4,1,1,5,1,1,200,208,False,False,West,2024-04,0.5184,0
854,Jordan Nguyen,Ultra,2499,58,5,2,2,2,0,0,1000,227,False,False,East,2024-09,0.8327,1
855,Reese Davis,Basic,699,6,6,4,2,5,1,1,100,170,False,False,North,2024-12,0.8822,0
856,Morgan Smith,Basic,699,21,3,7,0,1,0,1,100,257,True,True,South,2024-04,0.7862,1
857,Casey Brown,Basic,699,19,3,0,7,3,1,0,100,27,False,False,West,2024-11,0.8371,0
858,Morgan Martinez,Premium,1499,52,4,6,5,2,0,1,500,142,False,True,South,2024-06,0.8729,0
859,Riley Davis,Plus,999,7,8,7,8,2,0,0,200,203,False,False,South,2024-08,0.6701,0
860,Reese Davis,Ultra,2499,32,6,1,2,0,1,0,1000,229,False,False,South,2024-02,0.7585,1
861,Quinn Johnson,Premium,1499,58,0,7,6,5,0,1,500,215,False,False,East,2024-06,0.6037,0
862,Taylor Nguyen,Plus,999,50,8,5,0,4,0,1,200,231,False,False,North,2024-10,0.6159,1
863,Casey Johnson,Plus,999,39,2,2,0,5,1,0,200,114,False,True,West,2024-10,0.8253,1
864,Morgan Lee,Ultra,2499,9,5,2,1,2,1,0,1000,142,False,False,West,2024-02,0.5278,1
865,Quinn Patel,Basic,699,22,7,1,8,2,0,0,100,205,False,True,East,2024-02,0.6355,0
866,Jordan Smith,Basic,699,21,6,4,0,4,1,0,100,164,False,True,West,2024-03,0.8673,0
867,Taylor Davis,Premium,1499,37,2,7,2,4,0,1,500,178,True,True,North,2024-05,0.8599,1
868,Jordan Lee,Plus,999,58,1,7,3,4,0,1,200,235,False,False,West,2024-08,0.782,1
869,Jordan Martinez,Plus,999,24,2,3,7,1,1,0,200,106,False,False,West,2024-11,0.7595,0
870,Casey Johnson,Basic,699,43,5,6,8,5,0,1,100,246,False,False,South,2024-05,0.9332,1
871,Avery Nguyen,Basic,699,32,0,7,1,2,1,1,100,172,False,False,East,2024-11,0.7474,1
872,Casey Martinez,Basic,699,20,8,2,5,5,0,0,100,184,True,False,South,2024-06,0.9101,1
873,Morgan Davis,Plus,999,33,5,0,3,0,1,0,200,115,False,False,North,2024-12,0.4075,0
874,Alex Johnson,Basic,699,3,6,3,1,2,0,0,100,248,False,False,East,2024-03,0.8257,0
875,Casey Johnson,Basic,699,10,2,3,4,3,1,0,100,193,False,False,East,2024-07,0.8292,1
876,Jordan Garcia,Premium,1499,54,3,7,4,4,0,1,500,20,True,False,South,2024-11,0.9039,1
877,Jamie Brown,Plus,999,58,7,1,2,4,1,0,200,134,False,False,West,2024-05,0.8046,1
878,Casey Smith,Basic,699,49,1,6,3,0,1,0,100,215,True,False,West,2024-08,0.509,1
879,Morgan Nguyen,Basic,699,49,1,3,6,4,1,1,100,170,False,False,North,2024-11,0.8523,1
880,Quinn Garcia,Premium,1499,3,0,2,5,2,0,1,500,292,False,False,North,2024-07,0.7837,0
881,Alex Patel,Plus,999,12,3,5,7,0,1,0,200,294,False,False,East,2024-09,0.5502,1
882,Avery Johnson,Basic,699,44,1,6,8,4,0,0,100,185,False,False,North,2024-03,0.8205,1
883,Jamie Johnson,Basic,699,37,0,6,1,1,0,0,100,162,True,False,West,2024-10,0.6929,1
884,Taylor Johnson,Ultra,2499,59,3,7,4,2,1,1,1000,331,False,True,East,2024-04,0.6139,0
885,Morgan Johnson,Premium,1499,57,2,5,0,3,1,0,500,188,True,False,South,2024-07,0.548,0
886,Morgan Nguyen,Ultra,2499,57,6,7,7,3,1,1,1000,183,False,False,West,2024-03,0.9373,1
887,Jamie Johnson,Plus,999,56,5,7,8,3,1,1,200,136,False,True,North,2024-09,0.9152,1
888,Jamie Smith,Basic,699,13,3,5,8,1,1,1,100,128,False,False,South,2024-07,0.8072,1
889,Quinn Patel,Ultra,2499,37,3,2,6,2,1,0,1000,137,False,True,West,2024-06,0.8381,1
890,Reese Garcia,Basic,699,51,1,1,0,0,0,1,100,149,False,False,East,2024-04,0.529,0
891,Jamie Johnson,Premium,1499,40,5,7,7,2,0,1,500,81,False,False,South,2024-03,0.6519,1
892,Casey Khan,Plus,999,36,8,7,4,5,0,0,200,74,False,True,West,2024-02,0.9343,1
893,Jordan Smith,Ultra,2499,31,2,0,5,3,0,1,1000,185,False,False,East,2024-06,0.7153,0
894,Avery Davis,Plus,999,40,4,6,2,0,0,1,200,158,False,False,North,2024-06,0.7553,0
895,Riley Johnson,Ultra,2499,11,5,4,3,4,1,0,1000,202,False,False,North,2024-11,0.6966,1
896,Morgan Khan,Premium,1499,3,4,7,1,2,0,0,500,48,False,False,North,2024-12,0.8503,1
897,Reese Brown,Ultra,2499,25,0,4,6,2,1,1,1000,168,False,False,East,2024-12,0.5227,1
898,Taylor Davis,Basic,699,59,7,1,5,4,0,0,100,194,False,False,North,2024-04,0.5664,1
899,Riley Lee,Plus,999,50,1,1,0,5,0,1,200,157,False,False,South,2024-10,0.6901,0
900,Avery Garcia,Basic,699,40,1,0,2,1,0,0,100,255,True,False,North,2024-07,0.6326,1
901,Taylor Nguyen,Ultra,2499,21,8,3,7,1,1,0,1000,313,False,False,North,2024-08,0.6132,1
902,Reese Davis,Premium,1499,10,8,3,1,5,0,0,500,130,False,False,South,2024-03,0.8393,1
903,Jordan Khan,Ultra,2499,33,4,3,6,2,1,0,1000,53,False,False,East,2024-05,0.8365,1
904,Jamie Garcia,Premium,1499,58,0,6,1,5,1,0,500,198,False,False,East,2024-10,0.8437,0
905,Jamie Smith,Premium,1499,47,5,7,5,5,1,1,500,69,False,False,East,2024-09,0.9407,1
906,Casey Patel,Basic,699,45,5,6,7,3,1,1,100,146,False,False,West,2024-03,0.7052,0
907,Jordan Patel,Plus,999,51,5,6,2,3,1,0,200,292,False,False,South,2024-03,0.8874,1
908,Jamie Khan,Ultra,2499,31,2,4,5,1,0,1,1000,161,False,False,East,2024-04,0.432,0
909,Riley Nguyen,Ultra,2499,28,2,7,0,2,0,0,1000,29,False,False,East,2024-03,0.4482,0
910,Taylor Lee,Ultra,2499,32,0,4,2,2,1,1,1000,165,False,False,East,2024-06,0.7154,0
911,Reese Martinez,Ultra,2499,5,0,7,5,3,0,0,1000,170,False,False,East,2024-11,0.8336,0
912,Casey Smith,Premium,1499,37,5,3,2,2,0,0,500,164,False,True,West,2024-01,0.8057,0
913,Avery Khan,Premium,1499,6,8,7,7,4,1,0,500,191,False,False,East,2024-12,0.7784,0
914,Morgan Davis,Plus,999,15,0,5,5,4,1,0,200,103,False,False,West,2024-06,0.8608,1
915,Avery Patel,Basic,699,19,0,3,8,4,1,0,100,173,False,False,North,2024-05,0.5232,1
916,Jamie Khan,Ultra,2499,6,5,7,2,3,1,0,1000,229,False,False,North,2024-05,0.8854,1
917,Casey Lee,Premium,1499,11,2,5,0,0,0,1,500,246,False,False,East,2024-12,0.7095,1
918,Jordan Martinez,Ultra,2499,12,5,0,4,2,0,0,1000,137,False,False,West,2024-02,0.7915,1
919,Casey Smith,Plus,999,46,3,1,5,2,1,0,200,99,False,False,West,2024-07,0.7869,1
920,Riley Patel,Basic,699,53,3,7,2,0,1,0,100,177,False,False,North,2024-01,0.7754,1
921,Avery Johnson,Basic,699,15,3,2,2,4,1,1,100,171,False,False,West,2024-01,0.7591,1
922,Morgan Smith,Basic,699,3,3,0,3,1,1,0,100,141,False,True,East,2024-09,0.751,1
923,Casey Garcia,Basic,699,59,4,4,8,2,1,0,100,191,False,False,East,2024-06,0.5587,0
924,Jamie Brown,Premium,1499,29,0,7,8,3,0,0,500,268,True,False,North,2024-12,0.8278,1
925,Morgan Khan,Plus,999,57,4,5,7,0,0,1,200,247,False,True,North,2024-04,0.8354,0
926,Avery Davis,Ultra,2499,47,5,7,6,4,0,1,1000,134,False,False,South,2024-02,0.93,1
927,Casey Lee,Basic,699,55,0,4,0,2,1,1,100,96,False,False,North,2024-01,0.7247,1
928,Avery Khan,Basic,699,18,6,0,4,0,0,1,100,250,True,False,South,2024-02,0.7426,0
929,Casey Johnson,Plus,999,1,1,1,3,3,1,1,200,277,True,False,North,2024-12,0.776,1
930,Morgan Brown,Basic,699,3,7,6,7,3,0,0,100,200,False,True,North,2024-05,0.9212,1
931,Morgan Patel,Basic,699,43,4,3,3,5,1,0,100,170,False,True,West,2024-09,0.8901,1
932,Taylor Davis,Premium,1499,24,1,5,7,3,0,1,500,235,False,False,South,2024-06,0.7921,1
933,Riley Khan,Ultra,2499,24,7,5,4,1,1,1,1000,271,False,False,East,2024-03,0.8403,1
934,Morgan Johnson,Plus,999,57,0,5,8,5,0,1,200,252,False,False,South,2024-10,0.6104,0
935,Alex Khan,Basic,699,53,6,1,8,4,0,0,100,103,False,False,South,2024-12,0.5983,0
936,Morgan Patel,Basic,699,21,5,6,8,5,1,0,100,102,False,False,North,2024-04,0.924,1
937,Avery Brown,Basic,699,32,2,1,4,1,1,1,100,158,False,False,North,2024-04,0.4175,0
938,Casey Lee,Basic,699,14,2,1,1,2,1,0,100,271,False,False,West,2024-01,0.7426,1
939,Quinn Garcia,Plus,999,20,6,7,0,5,1,0,200,140,False,False,East,2024-12,0.8946,1
940,Jordan Khan,Ultra,2499,45,5,7,0,3,0,1,1000,62,False,True,East,2024-09,0.5937,1
941,Taylor Davis,Ultra,2499,48,5,3,7,0,1,1,1000,247,False,False,West,2024-04,0.8644,1
942,Riley Smith,Basic,699,60,8,7,1,4,0,1,100,93,False,False,North,2024-05,0.8666,1
943,Casey Smith,Ultra,2499,19,2,0,4,4,1,1,1000,178,True,True,North,2024-04,0.8337,1
944,Jamie Davis,Ultra,2499,3,4,2,3,2,1,0,1000,123,False,False,North,2024-02,0.5483,1
945,Jordan Brown,Basic,699,29,7,5,6,0,1,0,100,146,False,True,West,2024-09,0.8752,1
946,Quinn Brown,Premium,1499,31,6,3,2,0,0,0,500,218,True,True,South,2024-08,0.8147,1
947,Avery Garcia,Ultra,2499,5,2,6,1,4,0,0,1000,149,False,False,West,2024-01,0.838,1
948,Jordan Smith,Premium,1499,38,8,0,4,1,1,0,500,173,False,False,South,2024-11,0.7949,1
949,Casey Lee,Ultra,2499,36,8,1,2,5,0,0,1000,161,False,True,North,2024-10,0.6681,1
950,Morgan Smith,Plus,999,53,4,6,0,3,0,1,200,219,False,True,East,2024-07,0.8257,0
951,Taylor Patel,Ultra,2499,40,8,6,2,1,1,1,1000,228,False,False,North,2024-07,0.5987,1
952,Jamie Martinez,Premium,1499,18,6,4,7,5,1,1,500,262,False,False,East,2024-08,0.9299,1
953,Alex Nguyen,Plus,999,31,5,1,7,2,0,1,200,172,False,False,East,2024-10,0.8216,1
954,Reese Nguyen,Plus,999,23,4,3,5,4,1,1,200,70,False,False,South,2024-10,0.8607,1
955,Alex Smith,Premium,1499,46,8,5,3,3,0,0,500,96,False,False,South,2024-04,0.8788,1
956,Quinn Johnson,Ultra,2499,24,3,6,7,5,1,1,1000,301,False,True,North,2024-05,0.8029,1
957,Riley Johnson,Basic,699,5,3,4,7,3,1,1,100,224,False,True,West,2024-11,0.8924,1
958,Jordan Johnson,Ultra,2499,21,1,2,2,0,1,0,1000,53,True,True,North,2024-09,0.7208,1
959,Avery Martinez,Plus,999,3,0,0,1,2,1,1,200,124,False,True,East,2024-09,0.6563,1
960,Morgan Johnson,Premium,1499,49,3,2,6,1,0,0,500,168,True,False,East,2024-08,0.4773,0
961,Riley Nguyen,Plus,999,16,7,2,2,1,1,0,200,41,True,False,West,2024-10,0.8458,0
962,Riley Johnson,Plus,999,7,1,6,7,3,0,1,200,104,False,False,North,2024-09,0.8437,1
963,Taylor Johnson,Premium,1499,21,0,7,8,4,1,1,500,325,False,False,North,2024-10,0.8497,1
964,Jordan Khan,Plus,999,14,5,5,6,2,0,1,200,20,False,False,West,2024-01,0.8718,1
965,Alex Brown,Basic,699,25,5,5,6,0,1,1,100,257,False,False,North,2024-07,0.6511,1
966,Jamie Martinez,Ultra,2499,11,2,3,8,4,0,0,1000,93,False,False,South,2024-02,0.85,1
967,Jordan Nguyen,Basic,699,17,1,4,7,1,1,0,100,147,False,False,South,2024-04,0.7814,1
968,Jordan Brown,Basic,699,40,0,2,4,4,1,1,100,365,False,True,South,2024-10,0.7511,1
969,Quinn Patel,Plus,999,35,1,7,8,2,0,0,200,197,False,True,North,2024-06,0.8389,1
970,Riley Smith,Basic,699,26,2,2,0,3,0,0,100,256,False,False,East,2024-10,0.7057,1
971,Casey Martinez,Basic,699,46,3,2,0,0,1,0,100,201,True,False,West,2024-11,0.6838,1
972,Reese Garcia,Ultra,2499,42,8,5,6,2,1,0,1000,198,False,False,North,2024-04,0.681,0
973,Jamie Smith,Ultra,2499,25,6,4,5,0,1,1,1000,223,False,True,West,2024-11,0.8575,1
974,Casey Patel,Premium,1499,26,3,2,0,1,1,1,500,206,False,False,West,2024-06,0.7162,1
975,Quinn Martinez,Plus,999,10,1,4,5,0,1,1,200,258,False,False,West,2024-02,0.7488,1
976,Avery Patel,Ultra,2499,3,7,1,5,2,0,1,1000,55,False,True,North,2024-03,0.8908,1
977,Jamie Garcia,Plus,999,41,8,5,0,3,1,1,200,116,False,False,East,2024-05,0.8445,1
978,Taylor Nguyen,Ultra,2499,49,7,6,8,0,0,0,1000,138,False,False,West,2024-12,0.8896,1
979,Taylor Johnson,Basic,699,40,6,4,6,1,0,0,100,30,False,False,South,2024-07,0.9098,1
980,Riley Garcia,Premium,1499,59,3,0,1,1,0,1,500,253,False,False,South,2024-08,0.6667,1
981,Quinn Brown,Basic,699,43,7,5,5,3,1,1,100,176,False,False,South,2024-11,0.9032,1
982,Reese Garcia,Plus,999,15,0,6,7,2,1,1,200,216,False,False,West,2024-01,0.833,1
983,Reese Garcia,Plus,999,36,3,3,3,3,0,0,200,218,False,False,West,2024-12,0.7914,1
984,Reese Nguyen,Plus,999,11,7,1,5,0,1,1,200,166,False,True,West,2024-01,0.8142,1
985,Casey Garcia,Ultra,2499,57,7,6,3,3,1,0,1000,166,False,False,South,2024-06,0.7271,1
986,Taylor Patel,Basic,699,6,1,0,2,4,1,1,100,221,False,False,South,2024-01,0.3055,0
987,Morgan Smith,Plus,999,19,5,5,1,0,0,1,200,225,False,True,North,2024-01,0.7874,0
988,Quinn Garcia,Ultra,2499,53,7,1,4,4,1,0,1000,178,False,False,North,2024-08,0.8667,1
989,Casey Johnson,Ultra,2499,39,3,4,0,3,1,0,1000,258,False,False,East,2024-09,0.8252,1
990,Riley Smith,Plus,999,51,4,5,3,1,1,0,200,125,False,True,North,2024-10,0.8417,1
991,Jamie Brown,Plus,999,47,1,4,5,5,1,0,200,111,False,False,North,2024-11,0.8268,1
992,Casey Lee,Plus,999,58,7,0,5,1,1,0,200,136,False,True,East,2024-07,0.5596,1
993,Alex Smith,Ultra,2499,9,5,6,5,4,0,0,1000,246,False,True,East,2024-07,0.7344,0
994,Alex Davis,Basic,699,57,2,3,8,4,1,1,100,230,False,False,West,2024-01,0.8591,1
995,Jamie Davis,Premium,1499,22,0,1,7,4,0,0,500,135,True,False,East,2024-09,0.8029,1
996,Riley Davis,Plus,999,28,0,7,8,2,1,0,200,236,False,True,North,2024-08,0.8485,1
997,Avery Nguyen,Plus,999,60,5,3,7,2,1,0,200,263,False,False,East,2024-07,0.6263,1
998,Reese Davis,Ultra,2499,16,6,0,6,0,0,1,1000,204,False,False,West,2024-01,0.8085,0
999,Morgan Khan,Basic,699,32,3,4,1,1,1,1,100,178,True,False,North,2024-11,0.7536,1
1000,Reese Brown,Basic,699,7,2,4,2,5,1,1,100,168,False,False,South,2024-12,0.542,1
1001,Quinn Khan,Basic,699,5,2,1,0,1,0,1,100,132,False,True,West,2024-06,0.3292,0
1002,Jamie Garcia,Basic,699,31,4,1,5,0,1,0,100,124,False,True,East,2024-12,0.4462,0
1003,Casey Garcia,Basic,699,11,2,5,2,4,0,1,100,47,False,False,East,2024-01,0.8351,1
1004,Alex Nguyen,Ultra,2499,14,2,3,7,4,0,0,1000,180,False,False,West,2024-09,0.8231,1
1005,Alex Khan,Basic,699,3,7,3,0,4,1,0,100,226,False,False,East,2024-07,0.8777,1
1006,Reese Patel,Basic,699,9,1,1,2,3,1,1,100,67,True,False,East,2024-04,0.7476,0
1007,Reese Johnson,Basic,699,4,4,2,4,3,0,1,100,126,False,False,North,2024-09,0.8036,1
1008,Alex Lee,Basic,699,2,4,5,2,5,0,0,100,238,False,False,North,2024-06,0.625,0
1009,Quinn Brown,Basic,699,12,3,1,3,0,1,1,100,161,False,False,North,2024-12,0.634,1
1010,Jordan Khan,Premium,1499,7,6,0,4,3,0,1,500,224,False,True,North,2024-02,0.8152,1
1011,Jamie Garcia,Basic,699,31,5,6,8,0,1,0,100,184,False,False,South,2024-02,0.8666,1
1012,Morgan Khan,Basic,699,31,3,2,2,5,0,1,100,275,True,False,East,2024-10,0.7931,1
1013,Jordan Johnson,Plus,999,4,6,3,6,1,1,1,200,20,True,False,West,2024-10,0.8973,1
1014,Morgan Nguyen,Premium,1499,42,7,0,1,3,0,1,500,306,False,False,North,2024-11,0.5214,0
1015,Jordan Lee,Basic,699,47,1,6,2,1,1,0,100,194,False,False,North,2024-12,0.4246,0
1016,Taylor Nguyen,Plus,999,29,2,2,1,2,1,1,200,236,False,False,East,2024-08,0.6908,0
1017,Avery Khan,Ultra,2499,23,3,3,7,3,1,1,1000,213,True,True,West,2024-03,0.665,0
1018,Reese Nguyen,Premium,1499,14,6,1,4,1,1,1,500,254,True,False,West,2024-09,0.6556,1
1019,Quinn Martinez,Ultra,2499,13,4,7,6,2,0,1,1000,207,False,False,North,2024-04,0.8634,1
1020,Jordan Nguyen,Plus,999,8,4,5,8,2,0,1,200,178,False,False,East,2024-12,0.8183,1
1021,Taylor Garcia,Premium,1499,17,3,2,7,4,0,0,500,131,False,False,West,2024-10,0.8346,1
1022,Morgan Lee,Premium,1499,47,6,4,4,4,0,1,500,143,False,False,East,2024-02,0.8912,1
1023,Taylor Nguyen,Basic,699,55,5,5,7,1,1,1,100,122,False,False,North,2024-12,0.6543,1
1024,Morgan Nguyen,Ultra,2499,56,0,3,7,3,0,0,1000,180,False,False,West,2024-12,0.4697,0
1025,Morgan Davis,Premium,1499,7,0,4,0,4,1,0,500,157,False,False,West,2024-04,0.4535,0
1026,Casey Lee,Basic,699,6,4,3,0,3,1,0,100,237,False,False,North,2024-08,0.7721,1
1027,Jamie Patel,Basic,699,6,8,3,4,0,1,1,100,133,False,False,South,2024-01,0.8137,0
1028,Morgan Davis,Premium,1499,13,2,2,3,5,0,0,500,85,False,True,South,2024-05,0.808,1
1029,Avery Martinez,Plus,999,3,1,3,5,5,1,1,200,146,True,True,South,2024-08,0.8958,1
1030,Quinn Martinez,Plus,999,44,6,1,1,1,0,0,200,198,True,True,South,2024-12,0.784,1
1031,Avery Nguyen,Premium,1499,57,7,2,8,5,0,1,500,239,False,False,West,2024-05,0.8965,1
1032,Jamie Smith,Ultra,2499,19,6,7,1,4,0,0,1000,207,False,True,North,2024-09,0.8933,0
1033,Alex Martinez,Basic,699,34,2,3,2,1,0,0,100,198,False,False,East,2024-09,0.6797,1
1034,Riley Garcia,Plus,999,53,2,0,6,3,0,0,200,20,False,True,North,2024-09,0.48,0
1035,Avery Patel,Ultra,2499,47,8,1,5,3,0,1,1000,279,False,False,North,2024-01,0.8652,1
1036,Jamie Patel,Basic,699,21,2,1,1,5,0,1,100,247,False,True,East,2024-01,0.803,1
1037,Reese Khan,Plus,999,23,5,6,1,4,1,1,200,186,False,True,South,2024-10,0.8928,1
1038,Avery Brown,Basic,699,10,2,4,8,4,0,1,100,136,False,True,West,2024-08,0.5897,0
1039,Morgan Lee,Plus,999,25,5,5,1,2,1,0,200,223,False,False,South,2024-07,0.5964,1
1040,Jamie Davis,Premium,1499,43,0,5,4,1,1,0,500,170,False,True,West,2024-01,0.7725,1
1041,Quinn Martinez,Ultra,2499,40,5,0,8,1,0,0,1000,180,True,False,North,2024-07,0.5275,0
1042,Morgan Smith,Basic,699,17,4,2,8,3,1,0,100,78,False,False,South,2024-09,0.8154,1
1043,Quinn Johnson,Basic,699,10,6,4,2,4,1,1,100,141,False,True,West,2024-12,0.6311,0
1044,Reese Patel,Plus,999,7,4,4,1,3,0,1,200,144,False,False,West,2024-03,0.8002,1
1045,Casey Brown,Plus,999,26,3,5,5,4,0,1,200,148,False,False,North,2024-11,0.6543,1
1046,Riley Davis,Premium,1499,33,8,0,3,5,0,1,500,202,False,False,South,2024-05,0.8563,0
1047,Jamie Lee,Basic,699,44,5,0,4,5,0,1,100,223,False,False,South,2024-06,0.5123,0
1048,Morgan Nguyen,Basic,699,26,3,2,1,0,0,1,100,252,False,False,North,2024-09,0.3162,0
1049,Jamie Martinez,Basic,699,41,3,7,3,1,1,1,100,226,False,True,West,2024-01,0.8068,0
1050,Casey Garcia,Ultra,2499,49,5,6,1,3,1,0,1000,71,True,True,North,2024-01,0.9147,1
1051,Jordan Johnson,Plus,999,54,8,0,3,5,1,1,200,206,False,False,East,2024-12,0.8422,0
1052,Jamie Brown,Basic,699,57,3,6,5,4,1,0,100,119,False,True,North,2024-02,0.912,1
1053,Morgan Davis,Basic,699,35,4,3,3,3,1,1,100,96,False,False,West,2024-04,0.6074,0
1054,Taylor Martinez,Plus,999,5,3,7,4,2,1,1,200,116,True,False,North,2024-12,0.8865,1
1055,Taylor Johnson,Ultra,2499,48,0,5,0,2,0,1,1000,156,False,False,North,2024-09,0.7212,1
1056,Riley Garcia,Basic,699,3,3,0,8,1,1,1,100,141,False,False,North,2024-07,0.459,0
1057,Riley Johnson,Premium,1499,48,3,1,2,1,1,1,500,182,False,False,South,2024-07,0.6984,1
1058,Alex Brown,Plus,999,40,3,4,4,5,0,0,200,231,False,False,North,2024-09,0.8459,1
1059,Alex Khan,Plus,999,31,8,2,6,0,0,0,200,163,False,False,North,2024-01,0.4628,0
1060,Jamie Davis,Basic,699,39,0,5,1,2,1,0,100,20,False,False,West,2024-05,0.7467,1
1061,Morgan Smith,Ultra,2499,50,6,4,8,5,1,0,1000,348,False,False,East,2024-10,0.9339,0
1062,Morgan Brown,Premium,1499,37,1,4,0,4,1,0,500,178,False,False,North,2024-03,0.7808,0
1063,Avery Khan,Plus,999,50,6,6,8,0,1,0,200,181,False,False,West,2024-11,0.653,0
1064,Taylor Martinez,Plus,999,48,3,4,8,5,0,0,200,97,False,False,East,2024-11,0.6698,0
1065,Taylor Johnson,Basic,699,54,4,0,5,3,0,0,100,230,False,False,West,2024-06,0.5019,0
1066,Jordan Smith,Premium,1499,35,2,6,4,0,1,1,500,210,False,False,South,2024-01,0.8011,0
1067,Quinn Brown,Plus,999,52,8,5,5,0,1,0,200,227,False,False,South,2024-04,0.8652,1
1068,Avery Garcia,Basic,699,55,0,2,7,1,0,0,100,155,False,False,West,2024-07,0.3394,0
1069,Avery Davis,Ultra,2499,33,3,1,1,5,0,1,1000,187,False,False,North,2024-01,0.8253,1
1070,Taylor Patel,Premium,1499,6,4,1,5,0,1,1,500,93,False,False,South,2024-10,0.7349,1
1071,Casey Johnson,Premium,1499,15,4,4,0,3,1,1,500,191,False,False,North,2024-12,0.8231,0
1072,Jamie Garcia,Plus,999,39,2,5,0,4,0,1,200,192,False,False,West,2024-01,0.7919,1
1073,Morgan Lee,Premium,1499,2,6,4,1,1,0,0,500,164,False,True,South,2024-06,0.8634,0
1074,Casey Nguyen,Ultra,2499,7,7,1,7,0,0,0,1000,67,False,True,South,2024-01,0.8109,1
1075,Jamie Patel,Premium,1499,9,7,7,8,4,1,1,500,172,True,True,North,2024-11,0.9304,1
1076,Morgan Brown,Plus,999,56,5,0,2,3,1,0,200,167,False,True,East,2024-05,0.8428,1
1077,Jamie Martinez,Basic,699,26,7,1,2,3,1,0,100,181,False,True,South,2024-11,0.5707,1
1078,Morgan Martinez,Plus,999,7,3,4,8,3,0,1,200,91,False,False,West,2024-04,0.8317,0
1079,Jamie Martinez,Plus,999,57,1,2,8,5,1,1,200,153,True,True,West,2024-12,0.604,0
1080,Avery Lee,Ultra,2499,26,1,7,7,5,0,1,1000,269,False,False,West,2024-09,0.8873,1
1081,Alex Patel,Basic,699,25,8,2,1,5,0,0,100,102,False,False,South,2024-02,0.8503,1
1082,Jamie Johnson,Premium,1499,35,7,1,4,3,0,0,500,214,False,False,South,2024-02,0.8595,1
1083,Morgan Martinez,Ultra,2499,49,0,4,3,3,1,0,1000,290,False,True,North,2024-06,0.7752,0
1084,Avery Khan,Ultra,2499,47,4,4,2,2,1,0,1000,123,False,False,West,2024-11,0.796,1
1085,Casey Garcia,Basic,699,23,2,3,8,3,1,1,100,163,False,False,South,2024-01,0.8402,1
1086,Taylor Lee,Basic,699,47,7,7,8,3,1,0,100,249,False,False,West,2024-09,0.9136,1
1087,Alex Johnson,Plus,999,32,0,5,8,0,1,0,200,157,False,False,East,2024-01,0.76,0
1088,Quinn Johnson,Ultra,2499,47,5,7,0,0,0,0,1000,121,False,False,East,2024-06,0.5482,1
1089,Reese Johnson,Ultra,2499,38,6,3,2,2,1,0,1000,67,False,False,South,2024-11,0.8603,1
1090,Riley Smith,Plus,999,56,3,1,5,3,0,1,200,321,True,False,East,2024-03,0.8023,1
1091,Quinn Garcia,Premium,1499,25,2,2,6,4,0,0,500,166,False,False,East,2024-02,0.5266,0
1092,Reese Brown,Ultra,2499,24,5,0,7,4,1,1,1000,167,False,False,North,2024-10,0.8885,1
1093,Alex Davis,Plus,999,1,3,4,1,5,0,0,200,25,False,False,South,2024-01,0.6388,0
1094,Morgan Smith,Plus,999,18,0,1,5,1,1,1,200,80,True,False,North,2024-06,0.7047,1
1095,Taylor Garcia,Premium,1499,40,3,6,7,5,0,0,500,149,False,False,East,2024-01,0.7126,1
1096,Avery Davis,Premium,1499,50,1,0,5,1,1,1,500,68,False,False,North,2024-12,0.7426,1
1097,Taylor Lee,Plus,999,49,7,0,4,2,0,0,200,321,False,False,East,2024-07,0.4294,0
1098,Reese Martinez,Ultra,2499,27,0,5,8,3,1,1,1000,193,False,False,South,2024-08,0.8221,1
1099,Alex Patel,Premium,1499,47,6,5,5,5,1,0,500,209,False,False,North,2024-02,0.9278,1
1100,Jordan Lee,Plus,999,60,0,0,0,1,1,1,200,135,False,False,South,2024-02,0.5898,1
1101,Reese Brown,Premium,1499,5,3,0,5,2,1,0,500,306,False,False,West,2024-09,0.7927,1
1102,Riley Brown,Premium,1499,55,8,6,6,4,1,0,500,230,False,False,South,2024-07,0.9165,1
1103,Taylor Martinez,Ultra,2499,10,0,2,5,4,0,1,1000,113,False,False,North,2024-09,0.4852,0
1104,Casey Patel,Basic,699,48,2,3,1,1,0,0,100,283,False,False,East,2024-10,0.3574,0
1105,Quinn Garcia,Basic,699,34,3,6,4,3,0,0,100,158,False,False,North,2024-09,0.5744,1
1106,Jamie Patel,Ultra,2499,12,2,5,7,3,1,1,1000,92,False,False,East,2024-08,0.6366,1
1107,Riley Smith,Premium,1499,10,1,7,6,5,0,0,500,241,False,False,South,2024-12,0.8713,1
1108,Jamie Davis,Basic,699,30,3,3,7,5,0,0,100,147,False,False,East,2024-03,0.6177,1
1109,Taylor Lee,Plus,999,48,6,2,1,5,1,1,200,149,False,False,East,2024-04,0.863,1
1110,Taylor Johnson,Premium,1499,45,3,3,5,4,1,1,500,326,False,False,West,2024-12,0.8597,1
1111,Taylor Khan,Premium,1499,16,0,5,4,2,1,0,500,154,False,False,West,2024-01,0.4583,0
1112,Quinn Nguyen,Basic,699,11,0,5,3,5,1,1,100,232,False,True,East,2024-03,0.8446,1
1113,Riley Martinez,Plus,999,10,0,1,2,2,1,0,200,134,False,True,North,2024-05,0.7287,1
1114,Reese Nguyen,Ultra,2499,23,3,5,8,2,0,0,1000,279,False,False,North,2024-01,0.5523,1
1115,Jordan Patel,Ultra,2499,42,1,5,1,3,0,1,1000,49,False,True,South,2024-12,0.8251,0
1116,Avery Davis,Plus,999,42,2,5,0,0,1,0,200,132,False,False,South,2024-01,0.7327,1
1117,Jordan Khan,Ultra,2499,31,1,3,7,0,0,0,1000,42,False,False,South,2024-02,0.4536,0
1118,Jamie Patel,Ultra,2499,30,2,0,1,4,0,0,1000,95,True,False,South,2024-03,0.4476,0
1119,Taylor Khan,Ultra,2499,9,5,7,3,1,0,0,1000,180,False,True,West,2024-06,0.554,1
1120,Avery Davis,Premium,1499,50,8,1,2,2,0,0,500,151,True,True,West,2024-11,0.8406,0
1121,Avery Nguyen,Premium,1499,9,2,4,6,1,0,0,500,187,False,False,East,2024-12,0.8065,1
1122,Reese Smith,Premium,1499,9,7,0,1,1,1,0,500,318,True,True,East,2024-09,0.7605,1
1123,Jamie Smith,Plus,999,55,0,4,1,5,0,0,200,293,True,False,North,2024-07,0.4789,0
1124,Casey Nguyen,Ultra,2499,15,8,7,4,0,0,0,1000,117,False,False,North,2024-07,0.8206,1
1125,Avery Nguyen,Plus,999,9,4,1,5,2,1,0,200,166,False,False,North,2024-04,0.8247,0
1126,Alex Lee,Basic,699,8,0,5,6,3,1,1,100,171,False,False,North,2024-06,0.859,1
1127,Jordan Martinez,Premium,1499,28,2,3,4,3,0,0,500,78,False,False,West,2024-01,0.5145,0
1128,Quinn Patel,Basic,699,3,3,0,6,4,0,0,100,92,False,False,North,2024-08,0.5386,1
1129,Avery Johnson,Basic,699,52,5,7,1,1,0,0,100,242,False,False,West,2024-02,0.4892,0
1130,Riley Brown,Ultra,2499,7,3,0,7,5,0,1,1000,20,True,True,East,2024-06,0.8808,0
1131,Riley Johnson,Plus,999,52,6,2,1,5,0,0,200,210,True,False,East,2024-09,0.8677,1
1132,Riley Brown,Ultra,2499,39,4,7,0,1,0,0,1000,266,False,False,South,2024-10,0.7576,0
1133,Casey Johnson,Ultra,2499,57,6,6,2,0,1,0,1000,227,False,False,West,2024-01,0.6198,0
1134,Reese Davis,Ultra,2499,7,4,5,0,0,0,0,1000,55,False,False,West,2024-02,0.7699,1
1135,Jamie Davis,Plus,999,35,8,1,4,4,0,1,200,144,False,False,North,2024-06,0.8439,1
1136,Jamie Martinez,Basic,699,52,4,7,6,4,1,0,100,204,False,True,West,2024-11,0.7103,1
1137,Taylor Lee,Premium,1499,7,6,6,1,1,0,1,500,132,False,True,West,2024-10,0.5879,1
1138,Taylor Patel,Ultra,2499,12,3,4,1,4,1,0,1000,103,True,False,East,2024-03,0.8302,0
1139,Jordan Martinez,Plus,999,30,0,7,8,1,0,0,200,227,False,False,North,2024-11,0.7403,1
1140,Jordan Martinez,Basic,699,16,5,7,2,0,0,1,100,226,False,False,East,2024-11,0.8068,0
1141,Jamie Khan,Ultra,2499,58,4,4,8,1,0,0,1000,59,False,False,East,2024-09,0.829,0
1142,Jordan Brown,Premium,1499,29,0,2,0,0,1,0,500,263,False,False,North,2024-03,0.5702,1
1143,Riley Patel,Ultra,2499,6,1,2,8,3,1,0,1000,147,False,False,South,2024-08,0.8204,1
1144,Reese Martinez,Premium,1499,3,5,3,1,2,0,1,500,234,True,False,West,2024-09,0.8252,1
1145,Casey Johnson,Plus,999,22,6,5,1,3,1,0,200,138,False,True,West,2024-12,0.8987,1
1146,Taylor Lee,Plus,999,47,4,6,0,2,1,1,200,301,True,False,South,2024-09,0.8553,1
1147,Quinn Nguyen,Plus,999,53,6,4,8,4,0,0,200,185,False,False,South,2024-05,0.8848,1
1148,Jamie Garcia,Basic,699,57,6,2,4,3,1,0,100,121,False,False,West,2024-10,0.8686,1
1149,Morgan Khan,Basic,699,20,1,3,1,4,0,1,100,209,False,False,South,2024-04,0.7808,1
1150,Taylor Lee,Ultra,2499,58,0,5,2,1,0,1,1000,225,False,False,West,2024-06,0.658,0
1151,Jamie Johnson,Premium,1499,49,4,7,2,2,0,0,500,253,False,False,South,2024-12,0.81,1
1152,Avery Johnson,Ultra,2499,55,1,7,7,5,0,0,1000,153,False,False,North,2024-09,0.8826,0
1153,Casey Johnson,Ultra,2499,54,8,2,1,2,0,1,1000,319,False,False,North,2024-04,0.8613,1
1154,Alex Davis,Premium,1499,35,6,3,6,5,1,1,500,222,False,False,East,2024-12,0.917,1
1155,Casey Patel,Premium,1499,21,0,1,1,4,0,0,500,217,True,False,West,2024-06,0.419,0
1156,Taylor Garcia,Premium,1499,8,1,7,1,3,0,0,500,157,False,False,West,2024-04,0.8277,1
1157,Reese Smith,Premium,1499,21,5,0,6,3,0,0,500,196,True,False,East,2024-03,0.855,0
1158,Reese Lee,Basic,699,19,6,6,4,5,1,1,100,226,False,True,West,2024-05,0.7779,0
1159,Jamie Patel,Ultra,2499,56,5,7,7,2,0,1,1000,238,False,False,East,2024-04,0.6335,1
1160,Casey Lee,Ultra,2499,9,3,5,4,3,1,0,1000,140,False,True,West,2024-06,0.8538,1
1161,Riley Brown,Premium,1499,15,0,0,6,1,0,0,500,210,True,False,West,2024-07,0.7185,1
1162,Quinn Brown,Ultra,2499,9,5,1,6,0,0,0,1000,212,True,False,North,2024-02,0.8363,0
1163,Jamie Lee,Ultra,2499,4,0,0,1,3,1,1,1000,179,False,False,South,2024-04,0.7232,1
1164,Jordan Smith,Ultra,2499,60,0,4,7,1,1,1,1000,103,False,False,West,2024-02,0.4482,0
1165,Taylor Lee,Basic,699,14,8,4,3,5,1,1,100,228,False,False,West,2024-09,0.7186,1
1166,Casey Brown,Premium,1499,33,2,4,2,0,0,1,500,159,False,False,East,2024-01,0.3703,0
1167,Riley Brown,Premium,1499,42,5,4,7,2,0,0,500,73,False,True,South,2024-04,0.6425,0
1168,Quinn Martinez,Ultra,2499,44,1,7,7,3,0,0,1000,242,False,False,South,2024-08,0.5954,1
1169,Morgan Patel,Ultra,2499,44,2,1,7,2,0,0,1000,215,False,True,West,2024-04,0.7837,1
1170,Jordan Martinez,Ultra,2499,39,3,5,8,4,0,1,1000,180,False,True,South,2024-05,0.6413,0
1171,Alex Brown,Basic,699,46,6,7,7,4,1,0,100,228,False,False,South,2024-05,0.7637,0
1172,Alex Nguyen,Premium,1499,28,0,3,8,2,0,1,500,214,False,True,North,2024-01,0.7615,1
1173,Jamie Patel,Basic,699,10,8,7,8,4,1,1,100,29,False,False,West,2024-10,0.9429,1
1174,Jamie Martinez,Premium,1499,21,7,2,7,0,1,1,500,146,False,False,South,2024-01,0.8177,0
1175,Jordan Martinez,Ultra,2499,46,4,2,4,1,0,0,1000,228,False,True,South,2024-04,0.7792,1
1176,Avery Patel,Ultra,2499,2,6,2,3,1,0,0,1000,254,True,True,North,2024-01,0.5969,1
1177,Jordan Brown,Basic,699,45,8,6,7,3,1,0,100,227,True,True,West,2024-12,0.9157,1
1178,Riley Brown,Plus,999,24,6,1,4,0,0,1,200,264,False,False,North,2024-10,0.7648,1
1179,Avery Khan,Ultra,2499,51,8,2,3,2,1,1,1000,154,False,False,North,2024-01,0.5724,0
1180,Casey Johnson,Ultra,2499,59,2,0,5,2,1,1,1000,55,False,True,North,2024-12,0.5028,1
1181,Riley Martinez,Premium,1499,6,1,0,6,2,1,0,500,107,False,False,South,2024-05,0.3792,0
1182,Taylor Johnson,Premium,1499,7,6,4,7,0,0,1,500,73,False,False,West,2024-07,0.8784,1
1183,Riley Davis,Ultra,2499,11,6,7,0,4,0,1,1000,135,False,False,North,2024-08,0.902,1
1184,Avery Garcia,Basic,699,24,0,5,6,1,1,1,100,142,False,False,West,2024-01,0.7338,1
1185,Jordan Khan,Plus,999,28,5,7,8,4,0,1,200,101,True,False,North,2024-10,0.9273,1
1186,Jordan Garcia,Premium,1499,22,8,5,1,3,1,1,500,169,False,True,South,2024-08,0.8774,1
1187,Avery Brown,Plus,999,18,1,6,2,3,1,0,200,191,True,False,West,2024-06,0.8383,1
1188,Jamie Smith,Premium,1499,18,2,1,8,2,1,1,500,258,False,False,East,2024-07,0.8245,1
1189,Taylor Nguyen,Plus,999,55,5,7,0,5,0,0,200,154,True,False,East,2024-07,0.6037,1
1190,Morgan Garcia,Plus,999,18,7,2,8,1,1,1,200,151,True,True,South,2024-03,0.8753,1
1191,Avery Davis,Plus,999,27,1,6,8,2,0,1,200,112,True,False,North,2024-02,0.5141,1
1192,Riley Patel,Plus,999,55,7,1,1,2,0,1,200,204,True,False,East,2024-04,0.7846,0
1193,Jordan Martinez,Plus,999,13,0,0,7,0,1,1,200,182,False,True,West,2024-05,0.6494,0
1194,Reese Khan,Premium,1499,36,5,4,3,5,0,1,500,163,False,False,South,2024-07,0.8678,1
1195,Avery Smith,Basic,699,27,1,2,7,1,1,0,100,242,False,False,North,2024-01,0.4614,0
1196,Morgan Lee,Premium,1499,50,8,6,3,5,0,0,500,50,False,False,East,2024-08,0.7111,0
1197,Quinn Martinez,Plus,999,27,8,0,6,2,1,0,200,75,False,False,South,2024-12,0.8365,0
1198,Riley Brown,Plus,999,36,4,2,5,1,1,1,200,174,False,True,North,2024-06,0.7777,1
1199,Quinn Lee,Basic,699,26,5,7,5,2,0,1,100,115,False,True,South,2024-12,0.8617,1
1200,Casey Garcia,Premium,1499,7,0,7,4,5,0,0,500,194,False,True,North,2024-02,0.8594,1
1201,Morgan Lee,Basic,699,10,5,4,7,5,1,0,100,129,False,True,North,2024-07,0.921,1
1202,Casey Patel,Premium,1499,45,1,2,0,0,0,0,500,141,False,False,East,2024-01,0.261,0
1203,Avery Khan,Basic,699,21,1,5,3,5,0,1,100,297,False,False,East,2024-08,0.8533,1
1204,Avery Nguyen,Premium,1499,3,7,1,7,5,0,0,500,89,False,False,East,2024-12,0.9092,1
1205,Avery Nguyen,Basic,699,4,0,6,4,5,0,1,100,236,False,True,North,2024-01,0.569,1
1206,Quinn Lee,Ultra,2499,3,8,4,1,0,1,0,1000,237,False,False,East,2024-10,0.8533,1
1207,Avery Johnson,Premium,1499,49,3,5,5,1,0,1,500,101,False,True,West,2024-08,0.8088,1
1208,Taylor Nguyen,Ultra,2499,59,8,0,1,4,1,1,1000,251,False,True,South,2024-08,0.8495,1
1209,Alex Patel,Plus,999,37,4,4,5,1,0,0,200,218,False,False,South,2024-06,0.8132,1
1210,Jamie Smith,Basic,699,32,3,6,5,2,0,1,100,207,False,True,East,2024-03,0.8236,1
1211,Avery Lee,Plus,999,51,3,4,5,0,0,0,200,253,False,True,North,2024-11,0.8077,1
1212,Taylor Davis,Plus,999,1,8,6,8,2,0,0,200,163,True,False,North,2024-07,0.9083,1
1213,Casey Brown,Basic,699,19,5,7,5,4,1,1,100,72,False,False,North,2024-03,0.9232,1
1214,Riley Khan,Plus,999,26,0,3,3,3,0,0,200,220,False,True,East,2024-06,0.7409,1
1215,Taylor Garcia,Basic,699,45,2,0,7,0,0,1,100,258,False,True,North,2024-03,0.3475,0
1216,Morgan Martinez,Plus,999,5,5,1,8,4,1,0,200,219,False,False,West,2024-02,0.8626,1
1217,Alex Nguyen,Premium,1499,22,8,1,5,4,1,1,500,178,True,False,West,2024-09,0.8913,1
1218,Avery Garcia,Ultra,2499,35,3,1,8,3,0,1,1000,195,False,False,East,2024-06,0.7997,1
1219,Reese Garcia,Plus,999,11,7,2,0,0,0,0,200,170,False,False,South,2024-03,0.7396,1
1220,Avery Smith,Premium,1499,18,7,4,3,5,0,0,500,149,True,False,East,2024-10,0.8828,1
1221,Jordan Nguyen,Basic,699,9,0,3,0,2,0,0,100,302,False,True,West,2024-08,0.7083,0
1222,Avery Lee,Premium,1499,46,3,0,2,4,0,1,500,89,False,True,East,2024-07,0.4909,0
1223,Jamie Garcia,Plus,999,60,7,7,7,2,1,0,200,144,False,True,North,2024-11,0.725,1
1224,Morgan Martinez,Ultra,2499,44,1,7,4,3,0,0,1000,200,False,False,South,2024-02,0.8183,1
1225,Alex Johnson,Premium,1499,5,6,6,2,1,0,0,500,125,False,False,North,2024-09,0.5736,1
1226,Reese Brown,Ultra,2499,30,0,6,3,5,1,0,1000,115,True,False,West,2024-06,0.8539,1
1227,Jamie Johnson,Premium,1499,42,0,7,6,3,0,1,500,175,False,True,South,2024-10,0.8282,1
1228,Taylor Lee,Plus,999,30,3,2,2,3,0,1,200,227,False,True,East,2024-03,0.5158,0
1229,Morgan Brown,Premium,1499,18,2,1,8,4,0,1,500,139,False,False,North,2024-12,0.817,1
1230,Alex Patel,Basic,699,43,6,4,3,1,1,0,100,214,False,False,East,2024-08,0.8482,1
1231,Quinn Khan,Premium,1499,35,3,3,3,2,0,0,500,185,False,True,North,2024-12,0.8133,0
1232,Reese Lee,Ultra,2499,2,5,4,5,3,1,1,1000,213,False,False,West,2024-10,0.8802,1
1233,Taylor Garcia,Plus,999,24,3,6,5,4,1,1,200,240,False,False,West,2024-02,0.9005,0
1234,Casey Davis,Plus,999,22,4,5,0,4,0,1,200,126,False,False,East,2024-09,0.5364,1
1235,Morgan Lee,Plus,999,21,5,6,6,2,1,0,200,227,True,False,North,2024-08,0.9001,1
1236,Reese Lee,Basic,699,18,2,6,1,2,0,1,100,255,False,False,South,2024-03,0.8256,1
1237,Jordan Khan,Premium,1499,14,0,7,6,1,1,0,500,124,True,False,North,2024-01,0.7962,1
1238,Alex Brown,Premium,1499,59,2,2,1,0,1,1,500,201,True,False,East,2024-06,0.3961,0
1239,Quinn Johnson,Plus,999,28,8,7,4,2,1,0,200,163,True,True,South,2024-11,0.9247,1
1240,Jordan Brown,Premium,1499,57,2,3,7,3,1,0,500,86,False,False,East,2024-07,0.5924,1
1241,Taylor Khan,Basic,699,42,0,5,2,3,0,0,100,137,False,False,North,2024-01,0.4845,0
1242,Reese Nguyen,Plus,999,47,2,1,4,1,1,1,200,319,False,False,North,2024-07,0.3624,0
1243,Alex Smith,Basic,699,50,3,6,8,5,0,1,100,141,False,False,South,2024-02,0.7045,1
1244,Taylor Smith,Ultra,2499,12,0,2,7,1,1,0,1000,152,False,False,East,2024-11,0.7395,0
1245,Casey Garcia,Plus,999,41,7,3,3,4,0,0,200,181,False,False,South,2024-06,0.533,1
1246,Morgan Johnson,Premium,1499,3,7,6,1,0,1,0,500,179,False,False,West,2024-02,0.8357,1
1247,Taylor Garcia,Basic,699,7,0,7,1,1,1,0,100,145,False,False,South,2024-09,0.7661,1
1248,Morgan Smith,Ultra,2499,43,6,4,8,2,1,1,1000,92,False,False,East,2024-03,0.6968,0
1249,Taylor Smith,Plus,999,11,8,0,1,4,1,1,200,160,False,False,South,2024-12,0.8173,0
1250,Riley Nguyen,Premium,1499,26,0,6,2,4,1,0,500,235,False,True,West,2024-04,0.8457,1
1251,Reese Garcia,Basic,699,55,1,0,4,3,1,1,100,219,True,True,West,2024-11,0.7982,0
1252,Riley Lee,Premium,1499,10,0,1,3,3,0,1,500,156,False,False,East,2024-11,0.6853,1
1253,Casey Brown,Ultra,2499,5,5,4,7,0,1,1,1000,104,False,True,South,2024-11,0.8601,1
1254,Alex Smith,Basic,699,5,5,5,6,2,0,0,100,386,False,False,South,2024-10,0.8954,1
1255,Taylor Garcia,Basic,699,31,0,2,0,2,0,1,100,85,False,False,North,2024-10,0.5699,1
1256,Riley Nguyen,Plus,999,20,1,3,3,5,1,1,200,213,False,False,West,2024-07,0.5479,0
1257,Quinn Martinez,Basic,699,11,6,7,7,1,0,0,100,218,True,False,North,2024-08,0.8831,1
1258,Quinn Davis,Ultra,2499,42,8,6,5,1,0,1,1000,171,False,False,West,2024-06,0.8797,1
1259,Reese Davis,Premium,1499,12,3,1,2,0,0,0,500,186,False,False,North,2024-06,0.5908,1
1260,Casey Khan,Ultra,2499,52,4,7,0,5,0,0,1000,163,True,False,West,2024-07,0.8644,1
1261,Casey Nguyen,Ultra,2499,20,7,7,4,0,1,0,1000,192,False,False,North,2024-05,0.9103,1
1262,Jamie Lee,Premium,1499,21,3,7,3,0,1,1,500,205,False,False,West,2024-08,0.4957,0
1263,Taylor Khan,Plus,999,37,6,3,5,1,0,1,200,244,False,False,South,2024-06,0.8365,1
1264,Casey Johnson,Ultra,2499,44,3,6,4,1,0,1,1000,209,False,False,East,2024-10,0.8308,0
1265,Jamie Davis,Plus,999,20,5,4,4,5,0,1,200,323,False,False,East,2024-10,0.6107,1
1266,Quinn Smith,Plus,999,49,3,4,4,4,1,1,200,213,False,False,West,2024-05,0.5624,0
1267,Jordan Patel,Plus,999,15,0,5,8,3,0,1,200,218,False,True,East,2024-02,0.4906,0
1268,Casey Lee,Ultra,2499,9,0,2,1,3,0,1,1000,150,False,False,East,2024-04,0.6826,0
1269,Jamie Nguyen,Premium,1499,31,2,2,0,1,0,0,500,248,False,False,East,2024-07,0.6895,1
1270,Jamie Johnson,Basic,699,53,0,2,5,0,0,0,100,92,False,False,East,2024-07,0.6475,1
1271,Morgan Brown,Plus,999,22,5,7,0,4,1,0,200,130,False,False,North,2024-05,0.8483,1
1272,Taylor Patel,Premium,1499,26,6,3,1,0,0,1,500,164,True,True,South,2024-04,0.7947,1
1273,Casey Martinez,Plus,999,13,4,7,4,1,1,1,200,349,False,True,East,2024-04,0.8647,1
1274,Riley Khan,Ultra,2499,51,8,0,0,4,1,0,1000,83,False,False,North,2024-03,0.8062,1
1275,Avery Smith,Premium,1499,5,7,4,3,0,1,0,500,251,False,True,South,2024-09,0.8912,1
1276,Taylor Davis,Plus,999,53,8,4,6,3,1,0,200,68,False,False,South,2024-04,0.6429,1
1277,Reese Johnson,Plus,999,1,2,0,2,2,1,0,200,310,False,False,South,2024-01,0.3985,0
1278,Alex Nguyen,Ultra,2499,29,1,1,6,3,1,0,1000,119,False,False,West,2024-10,0.8069,1
1279,Avery Nguyen,Basic,699,12,4,5,3,0,0,0,100,20,False,False,East,2024-08,0.4801,0
1280,Taylor Smith,Premium,1499,46,2,0,2,4,1,1,500,202,True,False,North,2024-02,0.8098,1
1281,Alex Brown,Premium,1499,4,5,0,7,5,1,1,500,109,False,False,North,2024-08,0.8959,1
1282,Quinn Garcia,Ultra,2499,7,2,4,0,3,1,0,1000,115,False,False,South,2024-11,0.7906,1
1283,Riley Davis,Plus,999,10,5,0,5,3,1,1,200,117,False,False,South,2024-04,0.8233,1
1284,Quinn Johnson,Basic,699,51,2,1,2,0,0,0,100,110,True,False,North,2024-04,0.6721,0
1285,Jamie Davis,Basic,699,43,1,7,0,3,1,0,100,240,False,False,South,2024-06,0.4638,0
1286,Quinn Khan,Premium,1499,45,5,2,5,5,0,1,500,182,True,True,West,2024-07,0.879,1
1287,Casey Nguyen,Plus,999,11,0,5,4,1,0,0,200,159,False,False,East,2024-11,0.7216,1
1288,Quinn Davis,Plus,999,48,0,3,3,2,1,1,200,363,False,False,North,2024-05,0.6907,1
1289,Morgan Khan,Premium,1499,1,4,7,0,1,0,1,500,282,False,False,East,2024-02,0.8291,0
1290,Riley Khan,Ultra,2499,17,2,6,6,5,0,0,1000,199,False,False,East,2024-07,0.7239,1
1291,Taylor Patel,Premium,1499,51,2,2,5,4,0,0,500,206,False,False,East,2024-09,0.5345,0
1292,Jamie Lee,Premium,1499,37,2,2,4,0,0,1,500,176,False,False,West,2024-04,0.407,0
1293,Casey Johnson,Premium,1499,49,6,3,6,1,1,0,500,256,False,True,East,2024-11,0.8672,1
1294,Quinn Nguyen,Basic,699,22,4,0,8,2,0,0,100,87,False,True,North,2024-01,0.4774,0
1295,Casey Martinez,Plus,999,5,1,2,2,0,0,0,200,123,False,False,North,2024-12,0.6389,1
1296,Taylor Patel,Ultra,2499,35,7,6,4,0,0,0,1000,266,False,False,North,2024-07,0.8391,1
1297,Reese Johnson,Basic,699,51,6,2,8,3,1,1,100,177,False,False,East,2024-12,0.8785,1
1298,Morgan Smith,Premium,1499,50,1,6,2,1,1,0,500,239,True,True,West,2024-03,0.4336,0
1299,Jordan Garcia,Basic,699,20,1,0,4,1,1,0,100,137,False,True,West,2024-09,0.703,1
1300,Morgan Johnson,Ultra,2499,56,7,2,6,4,1,0,1000,264,False,False,South,2024-02,0.8925,1
1301,Jordan Patel,Ultra,2499,27,0,2,0,0,0,1,1000,48,False,False,East,2024-04,0.6161,1
1302,Jamie Smith,Premium,1499,41,0,5,2,2,0,0,500,135,False,True,East,2024-09,0.7194,0
1303,Morgan Martinez,Basic,699,4,7,6,8,5,1,0,100,136,False,False,South,2024-04,0.7896,1
1304,Casey Martinez,Ultra,2499,44,3,3,7,3,0,1,1000,137,False,False,West,2024-03,0.7874,1
1305,Morgan Lee,Premium,1499,50,1,0,1,1,0,0,500,242,False,True,South,2024-02,0.6707,0
1306,Alex Davis,Plus,999,30,1,7,5,5,0,1,200,225,False,False,West,2024-02,0.8388,1
1307,Jordan Lee,Plus,999,1,8,1,4,1,0,0,200,165,False,False,West,2024-02,0.7988,1
1308,Casey Johnson,Ultra,2499,38,8,3,8,5,1,1,1000,221,False,True,North,2024-12,0.9328,1
1309,Taylor Lee,Premium,1499,45,6,6,2,4,1,0,500,128,True,False,East,2024-10,0.917,1
1310,Jamie Johnson,Premium,1499,15,4,6,0,3,1,0,500,212,False,False,West,2024-05,0.8753,1
1311,Quinn Lee,Ultra,2499,38,4,1,7,4,1,1,1000,229,True,True,West,2024-05,0.8992,1
1312,Casey Davis,Premium,1499,26,4,1,8,1,1,0,500,185,False,True,West,2024-09,0.8509,1
1313,Avery Smith,Basic,699,25,4,0,4,2,1,0,100,208,False,True,West,2024-01,0.7687,1
1314,Jordan Nguyen,Ultra,2499,9,7,0,6,3,1,0,1000,278,True,False,East,2024-09,0.8884,1
1315,Jordan Martinez,Basic,699,36,8,3,0,2,1,1,100,148,False,False,South,2024-10,0.7987,1
1316,Jordan Davis,Premium,1499,27,3,0,2,3,1,0,500,200,True,True,East,2024-12,0.8115,1
1317,Reese Johnson,Premium,1499,42,3,0,5,3,1,0,500,193,False,False,South,2024-08,0.811,1
1318,Casey Lee,Ultra,2499,37,0,7,0,5,0,1,1000,298,True,False,North,2024-01,0.5648,0
1319,Casey Martinez,Basic,699,4,3,4,4,2,1,0,100,193,False,False,West,2024-08,0.5869,1
1320,Riley Smith,Ultra,2499,53,5,2,4,0,1,0,1000,107,False,True,East,2024-06,0.819,1
1321,Reese Khan,Premium,1499,60,6,2,2,1,0,0,500,306,False,True,East,2024-08,0.7969,1
1322,Jordan Smith,Ultra,2499,20,8,4,5,2,0,1,1000,120,False,True,South,2024-09,0.6183,1
1323,Riley Nguyen,Premium,1499,22,5,3,1,1,0,0,500,103,False,False,South,2024-02,0.7469,1
1324,Reese Smith,Plus,999,41,7,7,2,3,1,0,200,154,False,False,East,2024-09,0.8628,1
1325,Avery Lee,Premium,1499,9,5,1,6,0,1,1,500,181,False,True,North,2024-01,0.8423,1
1326,Quinn Brown,Premium,1499,39,1,4,7,3,1,1,500,116,False,False,South,2024-06,0.8674,1
1327,Quinn Patel,Basic,699,54,7,1,5,4,1,1,100,215,False,False,South,2024-01,0.8894,1
1328,Quinn Martinez,Plus,999,13,1,3,6,0,0,0,200,133,False,False,South,2024-07,0.7366,1
1329,Taylor Garcia,Plus,999,52,8,1,5,1,1,1,200,103,False,False,West,2024-03,0.838,1
1330,Alex Johnson,Ultra,2499,45,4,6,5,5,0,1,1000,192,False,False,North,2024-02,0.9124,1
1331,Jordan Brown,Ultra,2499,13,4,4,6,3,0,1,1000,97,False,False,South,2024-10,0.8489,1
1332,Jamie Martinez,Plus,999,14,6,2,4,3,1,1,200,221,False,False,North,2024-12,0.5665,1
1333,Taylor Brown,Premium,1499,31,3,0,8,1,1,0,500,212,True,True,West,2024-11,0.7729,0
1334,Alex Martinez,Ultra,2499,18,8,4,7,4,1,1,1000,239,True,False,East,2024-08,0.9109,1
1335,Jamie Khan,Plus,999,34,1,0,2,1,0,1,200,218,False,False,North,2024-03,0.6257,1
1336,Quinn Johnson,Basic,699,30,0,5,8,2,1,1,100,131,False,False,South,2024-07,0.8172,0
1337,Riley Martinez,Basic,699,6,2,3,0,1,1,1,100,198,False,True,North,2024-10,0.3727,0
1338,Casey Johnson,Basic,699,18,5,0,0,5,0,0,100,109,False,False,East,2024-06,0.4027,0
1339,Jordan Garcia,Plus,999,15,5,1,5,5,0,1,200,204,False,True,East,2024-04,0.5659,1
1340,Casey Patel,Plus,999,51,1,0,3,4,0,1,200,186,False,False,East,2024-06,0.373,0
1341,Casey Garcia,Basic,699,45,8,5,8,0,0,0,100,227,False,True,South,2024-05,0.5878,1
1342,Morgan Nguyen,Premium,1499,60,8,7,3,3,1,0,500,156,False,True,East,2024-09,0.9183,1
1343,Alex Johnson,Premium,1499,16,0,0,5,4,1,1,500,203,True,False,East,2024-08,0.7953,1
1344,Morgan Khan,Ultra,2499,16,7,2,5,2,0,0,1000,212,False,True,North,2024-11,0.5373,1
1345,Reese Brown,Ultra,2499,12,7,0,2,4,1,1,1000,232,False,False,South,2024-05,0.5895,1
1346,Alex Garcia,Basic,699,53,6,1,0,0,1,1,100,108,False,True,East,2024-07,0.7376,1
1347,Quinn Garcia,Basic,699,13,8,0,2,3,0,0,100,177,False,False,South,2024-07,0.47,0
1348,Casey Brown,Premium,1499,41,4,4,7,0,0,1,500,203,False,False,West,2024-10,0.8395,1
1349,Alex Martinez,Basic,699,37,2,2,8,4,1,1,100,255,False,False,East,2024-02,0.8074,1
1350,Reese Patel,Ultra,2499,9,7,1,7,2,0,0,1000,223,False,False,North,2024-02,0.8652,1
1351,Riley Khan,Plus,999,20,3,1,8,3,0,1,200,207,False,False,South,2024-12,0.5309,1
1352,Casey Patel,Basic,699,54,4,1,3,5,0,0,100,320,False,True,East,2024-04,0.8549,1
1353,Morgan Garcia,Plus,999,35,2,6,2,2,1,0,200,197,False,False,North,2024-11,0.8302,0
1354,Reese Garcia,Basic,699,47,5,7,7,1,0,1,100,190,False,True,North,2024-12,0.8725,1
1355,Taylor Brown,Plus,999,11,4,5,3,4,0,0,200,155,False,False,East,2024-02,0.8823,0
1356,Riley Brown,Ultra,2499,2,8,7,2,5,1,1,1000,122,False,False,South,2024-03,0.7974,1
1357,Casey Martinez,Plus,999,12,4,0,4,5,0,0,200,214,False,True,North,2024-01,0.4975,0
1358,Avery Patel,Ultra,2499,7,6,3,0,3,0,0,1000,205,False,False,South,2024-01,0.7694,1
1359,Alex Patel,Premium,1499,50,3,6,6,5,0,0,500,223,False,True,North,2024-01,0.9208,1
1360,Riley Smith,Basic,699,7,7,3,2,2,0,0,100,138,False,True,West,2024-02,0.5445,0
1361,Avery Brown,Plus,999,6,1,3,8,3,0,1,200,316,False,False,West,2024-03,0.4686,0
1362,Reese Nguyen,Premium,1499,56,4,6,1,3,0,0,500,105,False,False,North,2024-08,0.8679,1
1363,Jamie Brown,Ultra,2499,4,2,3,4,2,0,0,1000,317,False,True,West,2024-01,0.5051,1
1364,Alex Lee,Basic,699,10,0,4,4,5,1,1,100,250,False,False,North,2024-04,0.8583,1
1365,Alex Davis,Basic,699,15,2,7,6,0,1,1,100,128,False,True,South,2024-05,0.8172,0
1366,Casey Brown,Premium,1499,8,6,0,2,0,0,0,500,266,False,False,North,2024-03,0.7708,1
1367,Riley Brown,Ultra,2499,17,7,6,8,5,1,0,1000,219,False,False,North,2024-01,0.9307,1
1368,Casey Davis,Basic,699,33,3,7,8,0,0,0,100,319,False,False,South,2024-02,0.7958,1
1369,Morgan Davis,Plus,999,26,2,3,5,1,1,1,200,156,False,False,North,2024-09,0.4704,0
1370,Avery Lee,Ultra,2499,21,4,6,2,1,0,0,1000,288,True,True,West,2024-11,0.8591,1
1371,Morgan Davis,Premium,1499,1,3,3,0,0,0,0,500,209,False,False,East,2024-12,0.7129,1
1372,Jordan Johnson,Basic,699,40,0,0,8,4,0,0,100,183,False,False,North,2024-01,0.7547,0
1373,Reese Martinez,Plus,999,53,3,2,7,1,1,1,200,20,False,False,West,2024-01,0.7999,1
1374,Jordan Nguyen,Basic,699,55,8,6,7,2,1,0,100,196,True,True,East,2024-11,0.7063,1
1375,Reese Patel,Ultra,2499,6,1,1,5,0,1,1,1000,207,False,True,East,2024-03,0.721,1
1376,Casey Johnson,Basic,699,24,3,5,3,2,1,1,100,302,True,False,East,2024-05,0.8683,1
1377,Quinn Smith,Ultra,2499,10,0,1,0,4,0,1,1000,147,False,False,South,2024-12,0.6786,0
1378,Alex Smith,Plus,999,42,3,7,4,0,0,1,200,174,True,False,North,2024-08,0.4831,0
1379,Quinn Smith,Ultra,2499,15,5,3,6,2,0,0,1000,193,False,False,North,2024-05,0.5563,0
1380,Jamie Smith,Premium,1499,7,8,1,6,0,0,1,500,100,False,True,West,2024-02,0.8325,1
1381,Taylor Nguyen,Plus,999,4,4,6,6,0,0,0,200,224,True,True,South,2024-08,0.5889,1
1382,Alex Nguyen,Plus,999,37,6,1,5,0,0,0,200,242,False,False,East,2024-01,0.755,1
1383,Avery Garcia,Premium,1499,20,6,0,4,5,0,0,500,197,False,False,South,2024-11,0.8747,1
1384,Riley Johnson,Basic,699,22,3,0,5,3,0,1,100,177,False,True,South,2024-06,0.7938,1
1385,Alex Johnson,Plus,999,11,5,1,2,3,0,1,200,143,False,True,West,2024-07,0.7991,1
1386,Jordan Smith,Plus,999,55,2,4,1,4,1,1,200,165,False,False,East,2024-10,0.7889,1
1387,Alex Brown,Basic,699,41,3,5,0,0,1,0,100,167,False,False,West,2024-05,0.6852,1
1388,Alex Smith,Plus,999,20,0,4,6,5,1,0,200,145,False,True,East,2024-11,0.8566,1
1389,Morgan Martinez,Premium,1499,17,2,0,6,5,1,1,500,162,False,True,North,2024-02,0.8473,1
1390,Taylor Garcia,Basic,699,34,2,7,3,0,1,0,100,175,False,False,East,2024-09,0.7862,1
1391,Alex Brown,Premium,1499,38,6,0,6,3,1,0,500,241,False,True,North,2024-01,0.6112,1
1392,Taylor Garcia,Plus,999,43,4,1,2,1,0,0,200,95,False,True,West,2024-01,0.695,1
1393,Reese Patel,Ultra,2499,4,0,3,2,0,0,0,1000,145,False,False,North,2024-02,0.3073,0
1394,Jordan Johnson,Basic,699,14,4,7,1,1,0,1,100,126,False,False,West,2024-11,0.7513,1
1395,Jordan Nguyen,Plus,999,49,5,0,8,2,0,1,200,148,False,False,East,2024-06,0.8001,1
1396,Riley Davis,Ultra,2499,22,3,5,8,1,0,0,1000,221,False,True,West,2024-09,0.8287,1
1397,Taylor Nguyen,Basic,699,46,3,7,1,3,0,1,100,151,True,False,North,2024-10,0.8086,0
1398,Avery Smith,Ultra,2499,17,7,7,1,4,0,1,1000,177,False,True,West,2024-07,0.8821,1
1399,Casey Smith,Premium,1499,36,0,5,5,3,0,0,500,220,True,False,East,2024-04,0.7777,1
1400,Alex Garcia,Plus,999,53,1,6,0,3,1,1,200,154,False,False,West,2024-01,0.7917,1
1401,Avery Khan,Ultra,2499,40,1,3,5,5,0,0,1000,192,False,False,West,2024-05,0.8812,1
1402,Taylor Brown,Basic,699,14,3,5,0,5,1,0,100,204,False,True,North,2024-10,0.8402,1
1403,Taylor Garcia,Premium,1499,33,1,3,0,0,1,0,500,173,False,False,North,2024-01,0.5947,1
1404,Alex Nguyen,Premium,1499,59,1,6,7,5,1,1,500,174,False,False,South,2024-04,0.8813,0
1405,Taylor Khan,Premium,1499,36,1,1,0,2,0,0,500,244,False,False,West,2024-07,0.2886,0
1406,Riley Khan,Ultra,2499,55,1,5,7,1,1,1,1000,171,False,False,North,2024-03,0.7981,1
1407,Avery Davis,Premium,1499,52,1,2,3,4,1,1,500,301,False,False,East,2024-03,0.7861,0
1408,Taylor Patel,Ultra,2499,11,3,6,0,1,1,1,1000,308,False,False,East,2024-05,0.8149,1
1409,Riley Martinez,Premium,1499,5,7,1,0,3,0,0,500,213,False,False,East,2024-07,0.8139,1
1410,Reese Martinez,Plus,999,31,0,3,1,3,1,1,200,207,False,False,South,2024-08,0.6595,1
1411,Riley Smith,Premium,1499,46,7,2,6,0,0,0,500,160,False,False,West,2024-11,0.833,0
1412,Morgan Lee,Premium,1499,3,7,6,6,2,0,0,500,176,False,False,South,2024-03,0.8859,1
1413,Avery Johnson,Plus,999,47,8,6,7,3,0,1,200,176,False,True,West,2024-12,0.9293,1
1414,Quinn Davis,Basic,699,52,4,6,3,1,0,1,100,267,False,False,East,2024-01,0.8101,1
1415,Casey Khan,Plus,999,31,3,6,1,2,1,1,200,246,False,False,East,2024-04,0.8046,1
1416,Quinn Brown,Basic,699,48,7,7,7,5,1,1,100,60,False,False,North,2024-10,0.9316,1
1417,Jordan Garcia,Plus,999,55,2,7,3,3,0,1,200,289,False,True,South,2024-03,0.8262,1
1418,Jordan Brown,Basic,699,54,7,5,7,3,0,1,100,162,True,True,East,2024-03,0.9085,1
1419,Taylor Smith,Premium,1499,54,8,6,8,1,0,1,500,313,True,True,West,2024-10,0.7472,1
1420,Quinn Patel,Basic,699,58,2,6,8,0,0,1,100,335,False,False,West,2024-02,0.4741,0
1421,Avery Brown,Basic,699,29,7,0,3,0,1,0,100,200,False,False,East,2024-11,0.3734,0
1422,Riley Johnson,Plus,999,14,2,6,7,1,1,1,200,283,False,True,North,2024-08,0.5337,1
1423,Jamie Martinez,Plus,999,59,8,0,8,1,0,1,200,195,False,False,North,2024-03,0.7641,1
1424,Casey Nguyen,Premium,1499,7,3,3,2,3,0,1,500,138,False,False,South,2024-10,0.4562,0
1425,Reese Lee,Premium,1499,42,0,4,6,0,0,1,500,137,False,False,East,2024-03,0.7066,1
1426,Alex Johnson,Plus,999,38,7,4,5,0,1,0,200,141,False,False,East,2024-01,0.8575,1
1427,Avery Brown,Basic,699,11,0,0,1,4,0,0,100,102,True,False,East,2024-05,0.6885,1
1428,Alex Lee,Premium,1499,35,0,3,2,1,1,0,500,265,False,True,South,2024-04,0.7012,1
1429,Quinn Martinez,Premium,1499,55,0,1,3,2,1,1,500,129,False,False,North,2024-04,0.6933,1
1430,Quinn Patel,Premium,1499,45,3,3,3,1,0,1,500,262,False,False,South,2024-10,0.7593,1
1431,Casey Lee,Premium,1499,37,8,3,1,1,1,1,500,142,True,False,North,2024-08,0.8406,1
1432,Casey Smith,Plus,999,4,1,2,3,3,1,0,200,102,True,False,East,2024-05,0.513,0
1433,Casey Smith,Premium,1499,42,1,3,7,2,0,0,500,208,False,False,South,2024-02,0.771,1
1434,Jordan Khan,Ultra,2499,55,4,7,5,1,1,1,1000,121,False,False,South,2024-12,0.5786,0
1435,Alex Lee,Plus,999,2,0,2,8,2,1,0,200,217,False,True,North,2024-02,0.8167,1
1436,Riley Khan,Basic,699,21,1,4,3,5,0,0,100,135,False,True,South,2024-11,0.836,1
1437,Morgan Brown,Ultra,2499,41,2,4,7,4,0,1,1000,33,False,False,South,2024-03,0.8547,1
1438,Jamie Nguyen,Premium,1499,45,8,1,2,5,0,1,500,177,False,False,North,2024-07,0.8353,1
1439,Reese Johnson,Plus,999,57,3,2,8,3,1,0,200,114,False,False,North,2024-03,0.819,1
1440,Taylor Patel,Premium,1499,4,8,5,8,2,0,0,500,200,False,False,West,2024-12,0.894,1
1441,Casey Smith,Premium,1499,26,7,2,2,2,1,0,500,23,False,False,East,2024-12,0.7977,1
1442,Riley Smith,Plus,999,12,2,5,0,0,0,1,200,137,False,False,West,2024-03,0.6918,0
1443,Avery Davis,Ultra,2499,13,4,2,0,0,0,0,1000,20,False,False,East,2024-10,0.6868,1
1444,Morgan Smith,Ultra,2499,26,2,7,0,1,1,1,1000,143,True,False,East,2024-01,0.8232,1
1445,Jamie Smith,Basic,699,31,4,0,0,5,0,0,100,153,True,False,South,2024-04,0.7953,1
1446,Riley Patel,Plus,999,11,4,7,1,0,0,1,200,189,False,False,West,2024-01,0.7048,1
1447,Alex Patel,Premium,1499,26,4,6,1,5,1,0,500,233,False,False,South,2024-07,0.8931,1
1448,Jordan Nguyen,Basic,699,37,5,3,7,1,0,1,100,215,False,False,West,2024-11,0.6702,1
1449,Casey Lee,Plus,999,51,6,1,0,5,1,1,200,34,False,False,East,2024-03,0.8838,1
1450,Avery Johnson,Premium,1499,58,4,1,3,3,0,1,500,159,False,False,East,2024-08,0.7963,0
1451,Quinn Khan,Plus,999,51,4,4,2,4,0,1,200,176,False,False,West,2024-06,0.8229,1
1452,Jordan Khan,Basic,699,6,7,3,2,2,0,0,100,140,False,False,South,2024-08,0.819,1
1453,Quinn Lee,Plus,999,15,4,5,6,2,0,1,200,73,False,False,North,2024-03,0.8757,1
1454,Avery Patel,Plus,999,25,2,6,8,4,0,1,200,150,False,True,West,2024-12,0.8594,1
1455,Avery Davis,Premium,1499,15,8,5,5,3,1,0,500,148,True,False,South,2024-06,0.9295,1
1456,Quinn Martinez,Plus,999,31,8,1,4,5,1,0,200,142,False,False,West,2024-12,0.6556,1
1457,Riley Smith,Premium,1499,18,3,7,0,3,1,0,500,128,False,False,East,2024-07,0.5802,1
1458,Avery Smith,Ultra,2499,49,3,6,8,0,1,1,1000,227,False,True,East,2024-09,0.8857,1
1459,Casey Johnson,Ultra,2499,31,2,1,0,4,1,1,1000,167,True,False,West,2024-01,0.7942,1
1460,Morgan Patel,Basic,699,22,0,3,3,3,1,1,100,186,False,True,North,2024-07,0.8029,1
1461,Riley Martinez,Ultra,2499,31,1,2,2,5,0,1,1000,129,False,False,East,2024-02,0.7977,1
1462,Quinn Khan,Ultra,2499,22,3,5,0,3,1,0,1000,166,False,True,South,2024-12,0.8321,1
1463,Casey Garcia,Ultra,2499,2,5,5,0,5,1,0,1000,186,True,True,West,2024-01,0.7287,0
1464,Avery Khan,Ultra,2499,44,7,0,6,3,0,0,1000,171,False,False,West,2024-03,0.8497,0
1465,Jordan Khan,Plus,999,52,2,1,8,1,1,0,200,290,False,False,East,2024-04,0.7787,1
1466,Alex Brown,Basic,699,35,6,4,4,1,1,1,100,240,True,True,South,2024-02,0.8678,1
1467,Reese Davis,Basic,699,8,4,5,6,3,0,1,100,117,False,True,East,2024-09,0.896,1
1468,Casey Johnson,Plus,999,18,3,4,3,0,0,0,200,241,False,False,West,2024-08,0.7722,0
1469,Morgan Khan,Premium,1499,43,3,1,5,5,0,0,500,137,False,False,South,2024-11,0.8328,1
1470,Jordan Khan,Basic,699,8,7,0,2,3,1,0,100,65,False,True,North,2024-09,0.8308,1
1471,Taylor Martinez,Plus,999,26,2,2,6,4,0,1,200,249,False,False,East,2024-01,0.8038,1
1472,Jordan Smith,Premium,1499,37,2,7,4,0,0,1,500,224,False,False,North,2024-12,0.7706,0
1473,Taylor Johnson,Ultra,2499,26,6,2,0,4,0,0,1000,202,False,True,North,2024-08,0.5219,0
1474,Riley Patel,Plus,999,44,4,4,4,1,1,1,200,185,False,True,East,2024-06,0.7579,1
1475,Morgan Patel,Basic,699,12,0,4,2,2,0,1,100,166,False,False,North,2024-03,0.6446,1
1476,Morgan Johnson,Plus,999,36,4,7,6,5,0,0,200,264,False,False,West,2024-01,0.7264,0
1477,Avery Nguyen,Premium,1499,9,4,0,5,2,0,1,500,212,False,False,West,2024-06,0.8173,1
1478,Taylor Nguyen,Ultra,2499,53,4,2,1,2,1,1,1000,113,False,False,West,2024-07,0.533,1
1479,Taylor Smith,Ultra,2499,3,6,6,7,4,1,1,1000,245,False,True,East,2024-10,0.9418,0
1480,Casey Smith,Basic,699,17,2,6,2,1,1,0,100,259,True,False,North,2024-08,0.7763,1
1481,Riley Khan,Plus,999,58,5,6,2,4,0,0,200,122,False,False,West,2024-07,0.8616,1
1482,Morgan Davis,Plus,999,24,6,0,4,0,0,1,200,142,False,True,East,2024-10,0.7274,1
1483,Riley Johnson,Plus,999,49,1,2,2,3,0,0,200,265,True,True,East,2024-01,0.7467,1
1484,Taylor Martinez,Plus,999,54,1,4,3,0,1,0,200,204,False,True,South,2024-09,0.7159,1
1485,Taylor Patel,Ultra,2499,9,0,6,5,5,1,1,1000,52,True,False,South,2024-05,0.9021,1
1486,Jamie Johnson,Plus,999,15,5,3,0,4,1,1,200,46,False,False,North,2024-10,0.8455,1
1487,Casey Johnson,Plus,999,59,8,0,5,3,0,0,200,84,True,False,South,2024-11,0.8763,1
1488,Taylor Lee,Basic,699,60,8,6,5,3,0,1,100,243,False,True,South,2024-05,0.9052,1
1489,Alex Patel,Plus,999,5,3,7,5,3,0,0,200,268,True,False,South,2024-11,0.6161,1
1490,Taylor Brown,Plus,999,27,1,2,0,1,1,0,200,218,False,False,South,2024-04,0.6547,1
1491,Jordan Patel,Premium,1499,18,7,4,8,4,0,1,500,198,False,True,West,2024-03,0.9263,1
1492,Alex Johnson,Ultra,2499,27,5,1,1,3,0,1,1000,231,True,False,South,2024-09,0.809,1
1493,Reese Davis,Plus,999,17,0,1,8,2,0,1,200,64,False,False,North,2024-06,0.6934,1
1494,Avery Brown,Ultra,2499,43,5,3,1,3,0,1,1000,171,False,True,East,2024-01,0.8312,0
1495,Morgan Davis,Premium,1499,58,4,1,8,2,0,0,500,100,False,False,South,2024-03,0.5943,1
1496,Taylor Johnson,Ultra,2499,26,2,0,3,4,1,1,1000,286,False,False,North,2024-11,0.7958,1
1497,Morgan Davis,Premium,1499,11,5,1,6,2,1,0,500,185,False,False,East,2024-12,0.84,1
1498,Jordan Davis,Ultra,2499,20,4,0,8,4,0,1,1000,113,False,False,West,2024-01,0.8336,1
1499,Quinn Patel,Basic,699,35,4,3,1,0,0,0,100,198,False,False,North,2024-06,0.6623,1
1500,Taylor Smith,Premium,1499,11,6,3,2,5,0,0,500,203,False,False,East,2024-08,0.874,1
1501,Quinn Smith,Basic,699,21,3,7,0,3,1,1,100,46,False,False,West,2024-12,0.8177,1
1502,Taylor Johnson,Plus,999,6,7,1,4,3,0,1,200,151,False,False,West,2024-08,0.8668,0
1503,Riley Martinez,Plus,999,16,5,6,0,2,0,0,200,218,True,False,East,2024-01,0.4999,0
1504,Avery Lee,Ultra,2499,1,3,6,8,3,0,1,1000,214,False,True,South,2024-01,0.8741,1
1505,Morgan Patel,Basic,699,9,8,1,6,2,0,0,100,255,True,True,North,2024-10,0.5816,1
1506,Morgan Garcia,Plus,999,24,2,0,4,2,0,0,200,173,False,False,East,2024-10,0.7386,1
1507,Reese Davis,Plus,999,26,0,0,8,3,0,0,200,89,False,False,West,2024-05,0.6661,1
1508,Jordan Martinez,Plus,999,3,5,4,8,4,1,1,200,139,False,True,North,2024-02,0.9293,1
1509,Jordan Khan,Ultra,2499,23,5,3,4,2,1,1,1000,73,False,True,South,2024-10,0.8183,1
1510,Avery Brown,Ultra,2499,4,5,6,6,0,0,1,1000,148,True,False,South,2024-05,0.8902,1
1511,Morgan Patel,Ultra,2499,56,2,6,6,0,0,0,1000,264,False,False,East,2024-09,0.7909,1
1512,Reese Brown,Basic,699,29,3,1,6,3,0,1,100,151,False,False,West,2024-10,0.5332,1
1513,Riley Davis,Basic,699,14,3,5,4,3,1,0,100,49,False,False,East,2024-04,0.5967,0
1514,Jordan Martinez,Basic,699,21,7,1,1,5,1,1,100,193,False,False,West,2024-10,0.6029,1
1515,Riley Khan,Plus,999,13,5,7,4,5,1,1,200,144,False,True,West,2024-01,0.9224,0
1516,Taylor Davis,Basic,699,35,4,3,0,5,0,0,100,20,True,False,West,2024-08,0.5501,1
1517,Taylor Johnson,Ultra,2499,14,2,3,6,2,1,0,1000,211,False,False,South,2024-06,0.4957,0
1518,Taylor Patel,Ultra,2499,25,2,4,2,3,1,0,1000,184,False,False,South,2024-12,0.8201,1
1519,Taylor Nguyen,Plus,999,16,2,0,1,2,0,0,200,156,False,True,South,2024-09,0.3375,0
1520,Casey Patel,Premium,1499,32,1,2,0,5,1,1,500,112,False,False,East,2024-05,0.7719,1
1521,Taylor Smith,Ultra,2499,21,6,1,3,4,0,0,1000,222,True,False,West,2024-05,0.8634,1
1522,Casey Johnson,Ultra,2499,41,2,2,7,3,1,1,1000,138,False,False,West,2024-12,0.8325,0
1523,Quinn Brown,Premium,1499,47,7,0,7,0,0,1,500,230,True,False,North,2024-06,0.7489,1
1524,Casey Khan,Plus,999,41,4,1,0,5,1,1,200,261,False,True,West,2024-05,0.5199,0
1525,Casey Nguyen,Premium,1499,33,2,6,7,3,0,1,500,209,False,True,West,2024-03,0.6681,1
1526,Morgan Davis,Premium,1499,41,6,4,6,5,0,1,500,83,False,False,West,2024-11,0.9067,1
1527,Morgan Smith,Ultra,2499,48,8,4,1,2,1,0,1000,159,False,False,East,2024-06,0.548,1
1528,Quinn Davis,Ultra,2499,50,6,4,3,1,0,0,1000,301,False,False,West,2024-02,0.5129,1
1529,Taylor Smith,Basic,699,43,1,5,4,4,1,0,100,141,False,True,North,2024-03,0.8558,1
1530,Quinn Smith,Plus,999,53,8,4,7,2,0,0,200,95,False,False,West,2024-02,0.8606,1
1531,Jamie Lee,Plus,999,14,7,7,0,2,1,0,200,202,False,True,North,2024-12,0.5987,0
1532,Avery Davis,Ultra,2499,20,7,4,6,0,1,1,1000,173,False,False,West,2024-04,0.852,1
1533,Alex Lee,Ultra,2499,10,3,6,1,0,0,0,1000,73,False,False,South,2024-01,0.4671,0
1534,Taylor Brown,Premium,1499,47,7,6,4,2,1,1,500,302,False,False,East,2024-08,0.8959,0
1535,Avery Lee,Ultra,2499,28,4,0,0,0,1,1,1000,195,False,False,West,2024-09,0.6929,1
1536,Jamie Khan,Basic,699,27,6,5,4,2,0,0,100,91,True,False,East,2024-05,0.689,1
1537,Riley Patel,Premium,1499,1,2,3,3,4,1,1,500,194,True,False,East,2024-08,0.8874,1
1538,Avery Martinez,Plus,999,27,3,0,4,2,0,0,200,128,False,False,South,2024-01,0.7743,1
1539,Jamie Khan,Plus,999,2,4,1,3,2,0,1,200,234,False,False,West,2024-10,0.788,0
1540,Avery Khan,Plus,999,54,4,5,2,4,1,0,200,196,False,False,East,2024-09,0.6017,1
1541,Alex Davis,Plus,999,23,6,7,4,4,0,1,200,264,False,False,South,2024-10,0.6945,1
1542,Quinn Davis,Basic,699,9,6,0,2,5,1,1,100,42,True,False,North,2024-04,0.8597,1
1543,Casey Khan,Plus,999,22,8,4,0,3,0,1,200,166,True,True,West,2024-11,0.8589,1
1544,Taylor Davis,Premium,1499,40,5,1,4,0,1,1,500,176,False,False,South,2024-04,0.5082,0
1545,Alex Martinez,Premium,1499,51,8,6,8,2,0,1,500,43,True,False,South,2024-03,0.9169,1
1546,Taylor Davis,Ultra,2499,46,4,2,7,3,1,1,1000,52,False,True,West,2024-04,0.8932,1
1547,Jamie Brown,Plus,999,43,1,5,1,4,0,1,200,173,False,True,South,2024-07,0.8058,0
1548,Jamie Patel,Ultra,2499,40,8,0,6,1,0,0,1000,119,False,True,West,2024-02,0.8471,1
1549,Quinn Khan,Plus,999,57,2,3,7,5,0,0,200,252,False,False,West,2024-06,0.8591,0
1550,Quinn Garcia,Basic,699,43,8,4,7,3,1,1,100,170,True,False,West,2024-08,0.9151,1
1551,Jamie Johnson,Basic,699,54,7,3,7,4,0,1,100,130,False,False,North,2024-09,0.8992,1
1552,Taylor Nguyen,Plus,999,26,8,3,8,2,1,1,200,295,False,True,South,2024-01,0.8994,1
1553,Quinn Martinez,Ultra,2499,44,1,2,1,5,0,1,1000,128,False,False,North,2024-03,0.7746,1
1554,Jamie Smith,Ultra,2499,55,1,2,0,5,1,0,1000,89,False,False,North,2024-02,0.484,0
1555,Avery Nguyen,Plus,999,31,2,2,6,4,0,0,200,211,False,False,West,2024-11,0.7684,0
1556,Riley Nguyen,Premium,1499,3,6,7,5,3,1,0,500,98,False,True,East,2024-12,0.926,1
1557,Taylor Garcia,Basic,699,50,2,3,1,2,1,1,100,158,False,False,East,2024-08,0.7044,1
1558,Reese Khan,Ultra,2499,40,3,4,4,2,0,1,1000,207,False,False,South,2024-02,0.8142,1
1559,Quinn Davis,Basic,699,42,1,2,3,5,1,0,100,166,False,False,West,2024-02,0.7853,1
1560,Reese Brown,Basic,699,48,0,7,7,4,1,0,100,253,False,True,East,2024-11,0.6766,1
1561,Riley Martinez,Ultra,2499,31,4,0,3,3,1,1,1000,146,False,True,South,2024-03,0.7987,1
1562,Casey Martinez,Plus,999,56,1,5,7,2,1,0,200,214,False,False,South,2024-11,0.814,1
1563,Jordan Johnson,Plus,999,46,0,2,1,2,1,1,200,170,False,False,South,2024-04,0.3592,0
1564,Riley Brown,Premium,1499,5,8,5,4,4,0,1,500,46,False,True,West,2024-04,0.9375,1
1565,Avery Smith,Ultra,2499,12,1,5,5,4,1,0,1000,185,False,False,North,2024-07,0.5862,1
1566,Avery Davis,Plus,999,5,8,1,6,4,0,1,200,173,False,True,East,2024-05,0.8894,1
1567,Morgan Nguyen,Premium,1499,53,8,3,7,3,1,0,500,58,False,True,South,2024-09,0.9292,1
1568,Jamie Johnson,Basic,699,52,2,6,5,5,0,1,100,182,False,True,South,2024-07,0.8915,1
1569,Taylor Nguyen,Ultra,2499,27,6,1,0,1,1,1,1000,246,False,False,North,2024-03,0.7382,0
1570,Riley Khan,Premium,1499,40,8,0,1,1,1,1,500,213,False,False,West,2024-06,0.7558,1
1571,Riley Brown,Basic,699,21,2,4,4,3,0,1,100,239,False,False,South,2024-04,0.7429,1
1572,Jamie Lee,Ultra,2499,59,5,6,4,1,1,0,1000,173,True,False,West,2024-03,0.8721,1
1573,Morgan Martinez,Ultra,2499,58,5,5,2,5,0,1,1000,210,False,False,East,2024-02,0.8919,1
1574,Quinn Martinez,Premium,1499,1,2,5,5,0,0,1,500,130,False,False,East,2024-09,0.7761,1
1575,Riley Brown,Plus,999,37,0,4,7,1,0,0,200,172,False,False,West,2024-12,0.708,1
1576,Avery Davis,Plus,999,10,5,1,1,2,1,1,200,238,False,False,North,2024-03,0.7658,1
1577,Quinn Khan,Premium,1499,19,3,7,7,5,1,1,500,20,True,True,East,2024-09,0.7745,1
1578,Avery Khan,Plus,999,6,4,3,1,2,0,0,200,107,False,False,West,2024-03,0.71,0
1579,Avery Smith,Basic,699,36,7,1,0,4,1,1,100,93,False,True,West,2024-01,0.8384,1
1580,Morgan Patel,Ultra,2499,53,3,3,1,2,1,0,1000,273,False,True,West,2024-01,0.4992,0
1581,Taylor Patel,Plus,999,33,6,5,5,5,0,1,200,137,False,True,East,2024-12,0.7481,1
1582,Casey Johnson,Ultra,2499,27,7,0,1,2,0,1,1000,147,False,False,South,2024-01,0.4148,0
1583,Taylor Patel,Plus,999,14,8,2,2,1,0,1,200,99,True,False,South,2024-10,0.42,0
1584,Jordan Nguyen,Premium,1499,25,2,0,1,5,0,0,500,152,True,True,East,2024-04,0.4859,0
1585,Reese Lee,Plus,999,42,2,5,2,4,1,0,200,173,False,True,East,2024-06,0.8386,1
1586,Casey Nguyen,Plus,999,14,4,2,8,3,1,1,200,113,False,False,North,2024-03,0.6038,1
1587,Alex Smith,Premium,1499,12,0,5,3,3,1,1,500,87,False,False,South,2024-05,0.8185,1
1588,Jordan Brown,Ultra,2499,54,3,5,6,0,1,0,1000,109,False,False,West,2024-06,0.8111,1
1589,Jamie Lee,Ultra,2499,49,6,2,5,1,0,1,1000,77,False,True,West,2024-06,0.5658,1
1590,Jamie Martinez,Plus,999,19,7,4,6,3,1,0,200,248,False,False,West,2024-03,0.9044,1
1591,Riley Johnson,Premium,1499,48,3,2,4,1,1,1,500,248,False,True,North,2024-06,0.8066,1
1592,Jordan Johnson,Plus,999,48,8,3,5,2,0,1,200,102,False,False,West,2024-04,0.8389,1
1593,Morgan Khan,Plus,999,19,7,3,8,5,0,1,200,125,True,False,North,2024-02,0.9255,1
1594,Jamie Johnson,Basic,699,2,3,0,7,1,1,0,100,96,False,False,South,2024-01,0.7964,1
1595,Reese Khan,Ultra,2499,36,0,2,6,5,1,0,1000,242,True,False,East,2024-07,0.8813,1
1596,Jordan Khan,Ultra,2499,12,5,4,2,5,0,1,1000,151,False,False,West,2024-04,0.8856,1
1597,Jamie Khan,Plus,999,48,4,0,3,3,1,0,200,339,False,True,West,2024-12,0.7854,1
1598,Alex Davis,Basic,699,40,6,7,0,3,0,0,100,72,False,False,North,2024-02,0.8261,1
1599,Riley Nguyen,Basic,699,8,6,3,4,5,0,0,100,229,False,True,East,2024-04,0.865,1
1600,Reese Martinez,Premium,1499,35,1,4,0,4,1,0,500,153,False,False,West,2024-08,0.7983,1
1601,Casey Johnson,Basic,699,7,6,0,4,4,0,0,100,192,True,False,South,2024-01,0.5948,1
1602,Alex Brown,Basic,699,26,8,0,1,4,0,0,100,195,False,True,South,2024-05,0.8391,1
1603,Jordan Nguyen,Premium,1499,57,2,0,3,2,0,0,500,113,False,False,North,2024-08,0.6767,0
1604,Avery Smith,Ultra,2499,4,1,5,7,0,0,1,1000,125,True,False,North,2024-10,0.8256,0
1605,Riley Garcia,Premium,1499,58,7,0,2,4,0,1,500,243,True,True,West,2024-11,0.8591,1
1606,Jamie Garcia,Plus,999,28,7,5,7,3,1,1,200,262,False,True,North,2024-01,0.8996,1
1607,Morgan Lee,Ultra,2499,8,4,2,3,5,0,0,1000,296,False,False,North,2024-12,0.6291,0
1608,Reese Garcia,Basic,699,27,6,2,6,0,1,1,100,231,False,False,East,2024-03,0.8602,1
1609,Casey Johnson,Basic,699,9,5,4,7,5,0,1,100,64,False,False,East,2024-09,0.903,0
1610,Reese Smith,Premium,1499,33,3,0,0,2,0,1,500,128,False,False,West,2024-04,0.696,0
1611,Riley Patel,Plus,999,29,1,7,2,3,1,0,200,106,False,False,East,2024-01,0.5408,0
1612,Quinn Khan,Basic,699,6,4,4,1,1,0,1,100,275,False,False,West,2024-03,0.4587,0
1613,Taylor Patel,Basic,699,57,0,0,6,3,0,1,100,199,False,False,North,2024-08,0.3434,0
1614,Taylor Smith,Ultra,2499,27,2,3,8,5,0,0,1000,120,False,False,South,2024-03,0.6428,1
1615,Jordan Patel,Plus,999,19,0,4,7,2,0,0,200,234,False,False,East,2024-01,0.4388,0
1616,Riley Smith,Premium,1499,29,1,3,5,0,0,0,500,150,False,True,East,2024-04,0.6673,0
1617,Riley Martinez,Plus,999,50,8,2,0,3,1,0,200,105,False,False,East,2024-08,0.8553,1
1618,Taylor Martinez,Plus,999,2,2,0,1,0,1,0,200,90,False,False,East,2024-04,0.6453,1
1619,Quinn Martinez,Basic,699,60,4,4,7,4,1,1,100,250,False,False,South,2024-09,0.6182,1
1620,Jamie Khan,Plus,999,2,6,3,5,3,0,0,200,192,False,False,North,2024-11,0.6639,1
1621,Avery Martinez,Premium,1499,60,3,6,0,2,1,1,500,180,False,False,East,2024-10,0.8699,1
1622,Casey Lee,Premium,1499,12,0,6,6,4,0,1,500,63,False,True,West,2024-01,0.8888,1
1623,Morgan Johnson,Ultra,2499,30,3,3,7,2,1,1,1000,167,False,True,East,2024-03,0.866,1
1624,Casey Brown,Basic,699,20,8,0,2,2,0,0,100,210,False,True,West,2024-10,0.7595,1
1625,Avery Patel,Premium,1499,20,7,7,2,2,0,1,500,196,False,True,South,2024-05,0.565,1
1626,Reese Davis,Premium,1499,6,7,2,4,0,1,1,500,222,False,False,North,2024-06,0.8242,1
1627,Alex Davis,Basic,699,25,2,7,6,0,0,1,100,224,True,False,South,2024-04,0.5495,1
1628,Jamie Davis,Premium,1499,23,2,3,1,2,0,1,500,205,False,False,South,2024-10,0.7315,1
1629,Taylor Garcia,Basic,699,29,2,1,7,2,0,0,100,118,False,True,North,2024-07,0.749,0
1630,Avery Nguyen,Premium,1499,44,3,2,6,3,0,1,500,263,False,False,West,2024-04,0.8526,1
1631,Jamie Nguyen,Basic,699,54,3,2,8,0,1,1,100,163,True,True,West,2024-02,0.8049,1
1632,Casey Garcia,Plus,999,14,5,3,7,4,1,0,200,116,False,True,North,2024-03,0.9142,1
1633,Jamie Davis,Ultra,2499,10,2,5,6,5,1,1,1000,226,True,False,East,2024-10,0.9303,1
1634,Quinn Garcia,Plus,999,15,0,4,5,5,0,0,200,118,False,True,West,2024-11,0.8239,1
1635,Morgan Davis,Premium,1499,22,6,4,7,5,1,0,500,196,False,False,North,2024-10,0.9326,1
1636,Taylor Patel,Basic,699,59,1,7,7,3,1,1,100,164,False,False,West,2024-11,0.8374,1
1637,Jordan Johnson,Plus,999,36,1,5,7,4,0,1,200,241,False,False,North,2024-03,0.591,1
1638,Alex Davis,Ultra,2499,41,8,7,0,3,1,1,1000,115,False,True,South,2024-04,0.9066,1
1639,Reese Nguyen,Plus,999,5,2,6,8,5,1,1,200,261,False,False,North,2024-02,0.9105,1
1640,Casey Lee,Basic,699,3,0,3,7,2,0,0,100,185,False,False,North,2024-04,0.4609,0
1641,Alex Nguyen,Ultra,2499,25,3,2,7,4,1,0,1000,119,False,False,West,2024-07,0.8623,1
1642,Morgan Lee,Plus,999,3,1,1,4,5,0,1,200,29,False,True,West,2024-07,0.8457,1
1643,Casey Lee,Basic,699,52,2,7,2,2,1,1,100,70,False,False,South,2024-08,0.8526,1
1644,Jordan Patel,Ultra,2499,40,7,6,4,4,1,1,1000,156,False,True,East,2024-10,0.924,1
1645,Avery Johnson,Premium,1499,27,2,5,0,3,0,1,500,136,False,False,East,2024-02,0.4494,0
1646,Taylor Garcia,Plus,999,49,7,6,7,1,0,1,200,279,False,False,South,2024-05,0.8273,1
1647,Avery Brown,Plus,999,37,1,4,6,5,1,0,200,269,False,False,East,2024-08,0.87,0
1648,Taylor Nguyen,Premium,1499,32,7,2,5,0,1,0,500,95,False,True,South,2024-02,0.8159,1
1649,Morgan Smith,Plus,999,29,2,0,4,2,0,1,200,297,False,False,West,2024-01,0.6678,1
1650,Reese Martinez,Ultra,2499,13,0,1,1,1,0,0,1000,99,False,False,East,2024-09,0.6389,1
1651,Morgan Johnson,Plus,999,14,3,6,7,5,1,0,200,203,False,False,West,2024-08,0.8956,1
1652,Jordan Nguyen,Basic,699,55,5,4,4,3,0,0,100,195,False,False,West,2024-05,0.8301,0
1653,Quinn Patel,Plus,999,17,5,1,3,2,0,0,200,257,True,False,East,2024-07,0.5248,1
1654,Alex Garcia,Basic,699,14,8,0,4,2,0,0,100,217,False,False,North,2024-06,0.7981,0
1655,Morgan Patel,Plus,999,54,5,3,8,5,0,1,200,303,False,True,East,2024-08,0.8984,1
1656,Avery Smith,Basic,699,7,6,5,6,2,1,0,100,97,False,False,East,2024-01,0.6894,0
1657,Quinn Johnson,Ultra,2499,51,1,6,8,5,0,1,1000,326,False,False,North,2024-06,0.8615,1
1658,Quinn Nguyen,Basic,699,6,7,6,7,2,0,0,100,154,True,True,North,2024-12,0.9139,1
1659,Morgan Davis,Premium,1499,13,4,5,8,0,1,1,500,176,False,False,East,2024-04,0.8239,1
1660,Alex Martinez,Plus,999,19,2,6,6,5,0,0,200,258,False,False,West,2024-06,0.9144,1
1661,Taylor Khan,Premium,1499,60,6,6,8,3,0,0,500,193,False,False,North,2024-03,0.897,1
1662,Alex Brown,Plus,999,31,6,6,8,5,0,1,200,71,False,False,North,2024-03,0.9333,1
1663,Riley Nguyen,Ultra,2499,7,3,0,8,3,0,0,1000,257,False,False,West,2024-03,0.804,0
1664,Quinn Johnson,Plus,999,31,7,7,7,5,0,0,200,179,False,False,South,2024-06,0.7333,1
1665,Reese Khan,Plus,999,1,0,0,7,0,0,0,200,103,True,True,East,2024-03,0.3835,0
1666,Riley Garcia,Plus,999,57,0,5,7,5,1,1,200,243,True,False,West,2024-02,0.8479,1
1667,Reese Patel,Ultra,2499,24,6,5,6,3,1,1,1000,291,False,False,West,2024-09,0.9195,1
1668,Taylor Smith,Basic,699,40,5,2,2,2,0,1,100,277,False,False,West,2024-10,0.4106,0
1669,Jordan Lee,Basic,699,38,1,4,3,4,0,1,100,84,True,False,West,2024-11,0.5044,1
1670,Quinn Patel,Ultra,2499,51,1,1,5,0,0,0,1000,215,True,False,South,2024-07,0.423,0
1671,Morgan Lee,Plus,999,26,5,3,4,3,1,1,200,229,False,False,South,2024-04,0.8524,1
1672,Casey Johnson,Ultra,2499,58,1,2,1,2,1,1,1000,108,False,False,West,2024-04,0.7492,1
1673,Taylor Brown,Premium,1499,44,3,2,0,1,0,1,500,112,False,False,West,2024-07,0.7358,0
1674,Taylor Patel,Ultra,2499,35,5,4,2,5,1,0,1000,160,False,True,North,2024-12,0.919,1
1675,Taylor Khan,Ultra,2499,43,0,1,4,5,1,0,1000,227,False,False,East,2024-05,0.4824,0
1676,Morgan Patel,Basic,699,26,3,0,3,1,1,1,100,143,False,False,West,2024-10,0.6982,0
1677,Reese Martinez,Basic,699,59,0,0,0,4,0,0,100,209,True,False,North,2024-12,0.3299,0
1678,Morgan Patel,Basic,699,12,8,3,5,5,1,0,100,138,False,False,South,2024-10,0.9042,1
1679,Taylor Johnson,Premium,1499,46,3,7,6,3,0,0,500,185,False,False,North,2024-09,0.8349,1
1680,Morgan Nguyen,Basic,699,23,4,7,4,3,0,1,100,212,False,True,North,2024-01,0.8548,1
1681,Jamie Nguyen,Basic,699,56,6,7,3,4,1,1,100,99,False,True,North,2024-12,0.8925,1
1682,Quinn Martinez,Ultra,2499,27,5,0,1,3,1,1,1000,54,False,False,West,2024-08,0.7732,0
1683,Taylor Smith,Plus,999,27,3,6,8,4,1,0,200,130,True,False,South,2024-08,0.9284,1
1684,Jamie Martinez,Ultra,2499,28,6,7,8,5,0,0,1000,143,False,False,West,2024-06,0.7697,1
1685,Jamie Khan,Basic,699,30,4,3,5,4,0,0,100,208,False,False,West,2024-08,0.589,1
1686,Casey Lee,Ultra,2499,19,0,3,8,2,0,1,1000,174,True,True,East,2024-02,0.7651,1
1687,Reese Martinez,Ultra,2499,36,3,1,2,4,1,1,1000,281,False,True,West,2024-02,0.8558,1
1688,Riley Lee,Ultra,2499,3,0,5,0,0,0,1,1000,62,False,False,South,2024-09,0.6585,1
1689,Quinn Johnson,Ultra,2499,4,3,0,2,4,0,0,1000,160,True,False,South,2024-06,0.7747,1
1690,Quinn Patel,Basic,699,32,4,2,0,3,1,0,100,215,False,True,South,2024-07,0.7757,0
1691,Reese Davis,Ultra,2499,11,0,0,7,5,0,0,1000,331,False,False,South,2024-07,0.8082,1
1692,Jamie Lee,Ultra,2499,24,3,7,4,0,1,1,1000,194,False,False,East,2024-05,0.8408,1
1693,Alex Garcia,Ultra,2499,44,7,4,0,5,1,1,1000,257,False,False,East,2024-05,0.8771,1
1694,Quinn Johnson,Premium,1499,25,6,6,5,4,0,1,500,122,False,False,South,2024-11,0.9146,1
1695,Quinn Khan,Plus,999,55,6,7,3,3,1,1,200,240,False,True,North,2024-11,0.9047,1
1696,Jamie Lee,Basic,699,60,8,4,3,1,1,0,100,69,False,False,East,2024-04,0.8361,1
1697,Avery Patel,Basic,699,23,0,4,5,0,1,0,100,174,False,False,West,2024-08,0.3867,0
1698,Reese Lee,Ultra,2499,13,4,2,3,4,0,1,1000,318,False,False,West,2024-03,0.7945,1
1699,Avery Brown,Basic,699,16,8,0,1,3,0,1,100,215,False,False,East,2024-01,0.809,1
1700,Morgan Nguyen,Premium,1499,2,2,1,4,1,1,0,500,339,False,True,West,2024-10,0.4426,0
1701,Alex Smith,Ultra,2499,40,5,3,1,5,0,0,1000,214,True,False,North,2024-05,0.8771,1
1702,Morgan Martinez,Ultra,2499,53,4,2,8,3,1,0,1000,193,False,False,North,2024-09,0.8576,1
1703,Jordan Garcia,Premium,1499,23,4,5,1,2,1,0,500,210,False,False,North,2024-10,0.4477,0
1704,Jordan Johnson,Ultra,2499,43,4,5,5,2,0,1,1000,227,False,False,West,2024-03,0.8531,1
1705,Taylor Johnson,Ultra,2499,13,3,7,4,3,0,0,1000,164,False,False,West,2024-06,0.8896,1
1706,Jamie Davis,Premium,1499,57,1,2,6,0,1,0,500,132,False,False,West,2024-07,0.394,0
1707,Reese Lee,Basic,699,28,3,1,6,1,0,0,100,319,False,False,North,2024-07,0.7222,0
1708,Quinn Martinez,Basic,699,46,5,2,2,5,1,1,100,141,False,False,South,2024-04,0.8567,1
1709,Taylor Martinez,Basic,699,20,8,5,1,5,1,0,100,238,True,False,South,2024-07,0.909,1
1710,Jamie Garcia,Plus,999,51,3,1,3,2,0,1,200,89,False,False,West,2024-08,0.3776,0
1711,Jamie Lee,Basic,699,46,5,4,0,5,1,1,100,137,False,True,South,2024-11,0.8742,1
1712,Jordan Khan,Plus,999,59,1,0,2,5,1,1,200,209,True,False,East,2024-01,0.788,1
1713,Morgan Davis,Plus,999,25,5,1,7,1,0,0,200,55,False,True,North,2024-12,0.5694,1
1714,Taylor Davis,Plus,999,11,1,3,6,4,0,1,200,197,False,False,West,2024-08,0.5739,1
1715,Taylor Patel,Ultra,2499,32,0,7,4,2,0,1,1000,211,False,True,East,2024-06,0.5362,0
1716,Casey Khan,Plus,999,50,6,3,8,3,0,0,200,212,False,False,East,2024-01,0.673,1
1717,Taylor Nguyen,Ultra,2499,4,3,0,4,0,0,1,1000,216,False,False,East,2024-05,0.7058,1
1718,Reese Johnson,Ultra,2499,35,8,1,0,0,0,0,1000,339,False,True,East,2024-02,0.4337,0
1719,Quinn Nguyen,Basic,699,7,8,4,2,1,0,0,100,220,False,False,South,2024-06,0.7736,1
1720,Morgan Johnson,Basic,699,57,6,1,6,1,1,0,100,89,False,False,North,2024-11,0.8367,1
1721,Avery Khan,Basic,699,30,8,4,7,3,1,0,100,190,True,True,South,2024-02,0.7105,0
1722,Quinn Lee,Basic,699,30,1,6,3,2,1,0,100,189,False,False,East,2024-02,0.5568,1
1723,Casey Garcia,Basic,699,49,1,1,4,5,1,1,100,228,False,False,West,2024-03,0.7719,1
1724,Alex Johnson,Plus,999,30,6,7,1,1,1,1,200,172,False,False,West,2024-03,0.8277,1
1725,Quinn Khan,Basic,699,9,6,6,7,4,0,0,100,152,False,False,West,2024-02,0.7105,0
1726,Casey Nguyen,Premium,1499,53,0,2,2,1,1,1,500,146,False,False,West,2024-07,0.2977,0
1727,Quinn Nguyen,Plus,999,1,4,1,1,3,1,0,200,171,False,True,North,2024-06,0.4865,0
1728,Jamie Martinez,Basic,699,39,6,6,3,3,1,1,100,20,True,False,East,2024-07,0.9345,1
1729,Casey Nguyen,Ultra,2499,60,0,3,6,4,0,0,1000,256,True,False,West,2024-11,0.8151,1
1730,Reese Patel,Basic,699,49,5,2,2,5,0,0,100,181,False,True,East,2024-10,0.5459,1
1731,Quinn Garcia,Ultra,2499,48,2,1,1,4,1,0,1000,298,True,True,West,2024-02,0.8474,1
1732,Avery Lee,Ultra,2499,45,6,0,7,2,1,1,1000,190,False,False,East,2024-10,0.8657,1
1733,Quinn Davis,Plus,999,60,2,1,7,0,0,1,200,192,False,False,East,2024-07,0.6501,0
1734,Riley Lee,Basic,699,58,0,6,1,3,0,1,100,151,False,True,West,2024-04,0.772,1
1735,Quinn Davis,Premium,1499,29,2,6,1,3,1,1,500,148,False,False,North,2024-02,0.8231,0
1736,Taylor Garcia,Basic,699,26,8,2,0,0,0,0,100,173,False,False,West,2024-06,0.3794,0
1737,Avery Brown,Ultra,2499,15,3,6,1,1,0,1,1000,183,False,False,East,2024-10,0.4258,0
1738,Morgan Davis,Basic,699,16,7,2,5,5,1,1,100,129,False,False,South,2024-06,0.8784,0
1739,Jamie Smith,Basic,699,10,7,4,3,4,0,0,100,248,False,False,East,2024-02,0.8326,1
1740,Quinn Johnson,Premium,1499,36,1,4,7,3,0,0,500,260,False,False,South,2024-07,0.8466,1
1741,Avery Khan,Plus,999,37,4,5,4,0,0,1,200,158,False,True,West,2024-04,0.7329,1
1742,Avery Martinez,Ultra,2499,34,5,0,6,5,1,1,1000,154,False,False,West,2024-03,0.8808,0
1743,Morgan Nguyen,Plus,999,45,1,7,7,5,0,1,200,109,False,False,North,2024-07,0.8609,1
1744,Taylor Smith,Ultra,2499,13,6,7,0,3,0,0,1000,287,False,True,East,2024-01,0.8829,1
1745,Avery Garcia,Plus,999,48,4,1,8,5,0,0,200,115,False,False,South,2024-12,0.5301,1
1746,Alex Patel,Basic,699,42,4,4,4,1,1,1,100,157,True,False,North,2024-03,0.8289,1
1747,Jordan Brown,Premium,1499,29,6,5,1,0,1,0,500,214,False,False,East,2024-01,0.81,1
1748,Jamie Patel,Ultra,2499,23,3,1,3,3,0,1,1000,215,False,False,East,2024-06,0.8161,1
1749,Avery Smith,Plus,999,25,1,1,0,5,0,1,200,237,False,False,South,2024-12,0.7136,0
1750,Reese Garcia,Plus,999,31,6,6,6,4,1,0,200,167,False,False,South,2024-04,0.921,1
1751,Taylor Martinez,Basic,699,41,8,3,0,4,0,1,100,262,True,False,South,2024-05,0.5513,1
1752,Jamie Brown,Plus,999,18,6,3,3,2,0,0,200,183,False,False,North,2024-12,0.8246,1
1753,Reese Nguyen,Basic,699,33,6,5,4,1,1,0,100,144,False,True,South,2024-09,0.8487,1
1754,Jamie Johnson,Premium,1499,53,0,5,2,4,1,1,500,202,False,False,North,2024-04,0.8086,1
1755,Jamie Lee,Premium,1499,21,3,5,1,3,1,1,500,215,True,False,South,2024-01,0.5572,0
1756,Jamie Brown,Premium,1499,9,8,7,3,2,1,1,500,265,False,False,West,2024-07,0.8774,1
1757,Avery Nguyen,Ultra,2499,2,6,1,7,5,0,1,1000,299,False,True,East,2024-10,0.8857,1
1758,Quinn Johnson,Premium,1499,51,7,1,5,3,1,1,500,210,False,False,North,2024-11,0.8745,1
1759,Alex Davis,Basic,699,44,1,6,7,5,1,1,100,124,False,False,South,2024-04,0.8922,1
1760,Riley Lee,Ultra,2499,37,8,5,0,2,1,0,1000,269,False,False,West,2024-12,0.8018,0
1761,Avery Smith,Premium,1499,3,2,4,2,4,1,0,500,215,False,False,South,2024-06,0.7885,1
1762,Quinn Brown,Premium,1499,4,3,5,7,3,0,1,500,112,False,False,North,2024-11,0.9015,1
1763,Taylor Khan,Plus,999,49,6,0,6,1,1,1,200,139,False,False,North,2024-01,0.7882,0
1764,Riley Patel,Ultra,2499,39,5,1,3,0,1,1,1000,166,True,False,West,2024-08,0.832,1
1765,Quinn Davis,Plus,999,25,5,6,2,0,0,1,200,51,False,False,East,2024-04,0.7862,1
1766,Avery Khan,Ultra,2499,48,3,3,1,4,0,0,1000,284,False,False,West,2024-02,0.8401,0
1767,Riley Martinez,Plus,999,54,1,7,4,2,1,1,200,172,False,False,West,2024-03,0.7832,0
1768,Taylor Davis,Premium,1499,45,0,7,7,2,1,1,500,326,False,False,South,2024-05,0.8617,1
1769,Avery Khan,Premium,1499,55,3,7,7,2,0,0,500,227,False,False,West,2024-05,0.5691,0
1770,Morgan Patel,Ultra,2499,30,5,1,4,4,1,1,1000,176,False,True,East,2024-08,0.8683,1
1771,Alex Nguyen,Basic,699,51,0,0,4,5,0,1,100,203,False,False,South,2024-04,0.7752,1
1772,Avery Patel,Premium,1499,42,6,5,3,2,0,0,500,241,False,True,West,2024-07,0.853,1
1773,Jamie Davis,Premium,1499,30,0,1,1,0,0,1,500,276,False,False,East,2024-07,0.251,0
1774,Reese Khan,Ultra,2499,54,5,1,1,4,0,1,1000,228,False,False,West,2024-05,0.8375,1
1775,Casey Martinez,Ultra,2499,28,1,6,8,3,0,1,1000,102,False,False,West,2024-07,0.8448,0
1776,Taylor Nguyen,Plus,999,46,0,5,2,2,1,1,200,142,False,False,North,2024-09,0.7016,1
1777,Taylor Garcia,Plus,999,1,2,2,7,3,1,0,200,204,False,False,South,2024-10,0.8773,1
1778,Jordan Brown,Premium,1499,4,5,1,3,0,1,1,500,51,True,False,West,2024-04,0.5288,0
1779,Jordan Patel,Ultra,2499,47,8,5,2,2,1,1,1000,224,False,False,North,2024-04,0.8708,1
1780,Morgan Lee,Plus,999,59,3,7,3,2,0,1,200,172,False,False,West,2024-08,0.7833,1
1781,Morgan Davis,Basic,699,33,3,0,2,2,1,0,100,196,False,False,West,2024-06,0.6977,1
1782,Jordan Smith,Premium,1499,41,2,1,7,4,1,1,500,26,False,False,North,2024-10,0.8687,1
1783,Jamie Garcia,Ultra,2499,22,5,1,6,3,1,0,1000,247,False,True,North,2024-10,0.6313,1
1784,Jamie Lee,Basic,699,47,0,3,8,0,1,1,100,196,False,True,South,2024-05,0.7669,1
1785,Casey Garcia,Ultra,2499,48,3,0,1,1,0,1,1000,195,True,False,East,2024-02,0.7141,1
1786,Avery Khan,Plus,999,16,1,5,5,2,0,0,200,159,False,False,North,2024-04,0.5242,1
1787,Casey Nguyen,Ultra,2499,35,1,1,0,4,1,1,1000,202,False,False,East,2024-06,0.7387,0
1788,Jordan Davis,Premium,1499,21,4,1,8,5,0,0,500,91,True,False,East,2024-06,0.6464,1
1789,Jordan Johnson,Basic,699,2,6,1,6,5,1,0,100,121,True,False,South,2024-03,0.9067,1
1790,Jamie Johnson,Plus,999,27,8,2,2,5,0,1,200,122,False,False,South,2024-11,0.8348,0
1791,Alex Khan,Plus,999,2,8,3,4,3,0,0,200,328,True,False,South,2024-11,0.8984,1
1792,Taylor Brown,Plus,999,49,2,7,0,5,0,0,200,314,True,True,West,2024-05,0.8287,1
1793,Avery Smith,Plus,999,36,7,1,2,4,1,0,200,184,False,True,North,2024-06,0.8315,1
1794,Reese Khan,Ultra,2499,2,6,0,4,4,0,0,1000,131,False,False,East,2024-01,0.8378,1
1795,Morgan Patel,Premium,1499,29,6,5,0,5,0,1,500,266,False,False,East,2024-07,0.8744,1
1796,Jamie Davis,Basic,699,58,6,5,5,3,0,0,100,254,False,False,West,2024-12,0.8938,1
1797,Quinn Johnson,Plus,999,5,3,6,0,3,0,0,200,341,False,True,North,2024-02,0.7954,0
1798,Reese Martinez,Basic,699,60,4,7,4,5,1,0,100,268,False,False,South,2024-09,0.7354,1
1799,Riley Smith,Premium,1499,47,3,2,4,2,0,0,500,111,False,False,North,2024-06,0.4978,0
1800,Avery Martinez,Plus,999,38,5,1,6,3,0,0,200,203,False,False,South,2024-03,0.8272,1
1801,Quinn Smith,Premium,1499,56,8,6,8,5,1,1,500,122,False,False,South,2024-06,0.9323,0
1802,Reese Johnson,Plus,999,34,2,0,1,4,0,0,200,323,False,True,West,2024-09,0.7271,1
1803,Jamie Khan,Ultra,2499,59,6,7,8,0,1,1,1000,234,False,False,West,2024-05,0.8712,1
1804,Taylor Martinez,Premium,1499,10,1,3,5,5,0,0,500,125,False,False,East,2024-11,0.8535,1
1805,Jordan Davis,Ultra,2499,18,8,7,4,0,0,1,1000,85,False,False,South,2024-07,0.8399,1
1806,Jamie Johnson,Ultra,2499,28,4,5,3,2,1,1,1000,182,False,True,East,2024-11,0.8637,0
1807,Avery Garcia,Ultra,2499,34,6,3,0,0,0,1,1000,167,False,False,North,2024-02,0.7612,1
1808,Riley Johnson,Premium,1499,37,7,2,2,2,0,0,500,228,False,False,South,2024-05,0.8249,1
1809,Reese Martinez,Ultra,2499,36,0,4,6,5,0,0,1000,110,False,False,North,2024-05,0.5541,1
1810,Alex Brown,Basic,699,5,5,3,7,5,0,1,100,263,False,False,West,2024-12,0.9125,0
1811,Casey Smith,Premium,1499,27,0,5,3,4,0,1,500,83,True,False,West,2024-05,0.8253,1
1812,Taylor Martinez,Ultra,2499,9,0,5,3,3,1,0,1000,41,True,False,East,2024-07,0.8344,1
1813,Taylor Garcia,Premium,1499,48,0,2,1,2,1,0,500,312,False,False,West,2024-08,0.6565,1
1814,Jamie Patel,Plus,999,25,2,6,4,1,1,1,200,121,False,False,East,2024-12,0.827,1
1815,Jordan Brown,Ultra,2499,54,5,1,1,4,0,1,1000,72,False,False,South,2024-10,0.8061,1
1816,Casey Lee,Plus,999,22,3,1,6,2,0,0,200,221,False,False,West,2024-05,0.7549,1
1817,Alex Johnson,Basic,699,31,0,5,5,2,1,0,100,163,False,False,West,2024-09,0.8087,1
1818,Avery Patel,Plus,999,10,0,4,0,3,1,0,200,209,False,True,South,2024-06,0.7521,1
1819,Taylor Smith,Basic,699,8,5,4,7,3,0,1,100,156,False,False,North,2024-11,0.6423,1
1820,Alex Khan,Premium,1499,24,7,5,6,2,0,0,500,171,False,False,West,2024-05,0.6745,1
1821,Riley Lee,Plus,999,40,5,2,3,1,1,1,200,145,False,True,East,2024-08,0.8026,1
1822,Reese Khan,Basic,699,42,6,6,0,1,1,0,100,110,False,False,South,2024-04,0.8327,1
1823,Morgan Brown,Basic,699,20,0,7,1,2,1,1,100,123,False,True,West,2024-11,0.7394,1
1824,Jamie Johnson,Basic,699,36,5,5,5,0,0,1,100,198,False,False,West,2024-01,0.5329,1
1825,Reese Davis,Basic,699,2,1,7,5,4,0,0,100,234,False,False,North,2024-07,0.8475,1
1826,Morgan Martinez,Basic,699,32,8,6,2,4,1,1,100,208,False,False,South,2024-02,0.9066,1
1827,Riley Patel,Ultra,2499,29,6,3,5,1,1,1,1000,211,False,False,East,2024-12,0.8411,1
1828,Reese Nguyen,Ultra,2499,9,2,3,4,0,0,0,1000,190,False,False,South,2024-10,0.4,0
1829,Jamie Johnson,Basic,699,39,7,4,2,3,1,0,100,180,False,False,South,2024-06,0.823,1
1830,Alex Martinez,Ultra,2499,50,1,4,8,0,0,0,1000,191,False,False,South,2024-06,0.8041,1
1831,Quinn Martinez,Plus,999,25,0,2,5,1,1,0,200,154,False,False,East,2024-12,0.6859,1
1832,Taylor Johnson,Ultra,2499,28,1,1,2,5,0,0,1000,206,False,True,East,2024-11,0.787,1
1833,Reese Johnson,Basic,699,60,1,7,8,4,0,1,100,263,False,False,West,2024-06,0.828,1
1834,Alex Garcia,Premium,1499,45,3,2,5,5,1,1,500,231,False,True,North,2024-12,0.8888,1
1835,Casey Martinez,Plus,999,25,7,3,8,0,1,0,200,170,True,False,North,2024-12,0.8607,1
1836,Morgan Lee,Premium,1499,50,1,4,7,0,1,1,500,252,False,True,North,2024-05,0.8117,1
1837,Reese Khan,Premium,1499,4,1,1,2,3,0,0,500,99,False,True,North,2024-09,0.7691,0
1838,Jordan Johnson,Ultra,2499,3,0,6,7,3,0,0,1000,175,False,False,East,2024-01,0.8443,1
1839,Taylor Johnson,Plus,999,7,7,2,0,2,1,0,200,185,False,True,West,2024-10,0.5069,1
1840,Morgan Davis,Premium,1499,42,5,6,4,4,1,1,500,263,False,False,North,2024-07,0.7104,0
1841,Avery Garcia,Basic,699,25,4,0,7,5,0,0,100,101,False,False,North,2024-12,0.8322,1
1842,Morgan Garcia,Basic,699,48,5,1,3,3,0,1,100,192,False,True,East,2024-03,0.5608,1
1843,Reese Martinez,Plus,999,41,6,2,5,1,1,0,200,222,True,True,North,2024-09,0.8459,1
1844,Alex Garcia,Basic,699,10,3,3,5,4,0,1,100,353,False,False,North,2024-01,0.8442,1
1845,Jordan Smith,Ultra,2499,20,5,4,6,4,0,1,1000,269,True,False,North,2024-05,0.6937,0
1846,Riley Patel,Plus,999,13,1,5,5,4,1,0,200,217,False,False,West,2024-02,0.8648,1
1847,Reese Martinez,Plus,999,3,5,6,8,3,0,1,200,265,True,False,West,2024-01,0.9247,0
1848,Casey Patel,Plus,999,49,8,5,3,1,1,1,200,241,False,True,West,2024-07,0.8585,0
1849,Reese Davis,Basic,699,25,4,3,4,2,1,0,100,139,False,False,West,2024-04,0.5449,1
1850,Riley Nguyen,Ultra,2499,48,7,5,7,2,1,0,1000,245,False,False,East,2024-09,0.8981,1
1851,Riley Johnson,Basic,699,35,1,5,6,0,1,1,100,254,True,True,East,2024-10,0.8439,1
1852,Riley Smith,Basic,699,7,1,0,7,4,1,1,100,115,False,False,East,2024-11,0.7711,1
1853,Casey Martinez,Ultra,2499,10,2,6,3,2,1,1,1000,170,False,False,South,2024-10,0.5661,1
1854,Riley Khan,Premium,1499,48,6,0,6,3,0,1,500,143,True,False,West,2024-09,0.8832,1
1855,Riley Garcia,Ultra,2499,29,5,7,0,5,0,1,1000,209,True,True,West,2024-10,0.6912,0
1856,Taylor Brown,Basic,699,4,7,3,5,0,0,1,100,79,True,False,North,2024-07,0.8282,0
1857,Avery Johnson,Plus,999,11,3,3,3,0,0,0,200,199,False,False,East,2024-05,0.6411,0
1858,Jordan Smith,Premium,1499,46,3,0,6,4,1,0,500,250,False,False,West,2024-06,0.8329,1
1859,Alex Nguyen,Premium,1499,16,7,0,0,3,1,1,500,407,False,False,East,2024-05,0.8476,1
1860,Riley Johnson,Basic,699,8,8,0,4,1,1,1,100,167,False,False,North,2024-06,0.486,0
1861,Taylor Smith,Premium,1499,9,5,5,0,3,1,1,500,249,False,True,South,2024-01,0.676,1
1862,Riley Smith,Basic,699,16,1,7,0,0,1,1,100,65,False,False,South,2024-09,0.6686,1
1863,Jordan Johnson,Ultra,2499,13,1,4,2,2,1,1,1000,136,True,False,West,2024-11,0.8018,1
1864,Jordan Smith,Basic,699,16,3,2,8,4,0,1,100,214,True,False,North,2024-03,0.8677,1
1865,Riley Davis,Basic,699,10,2,0,1,5,1,1,100,96,False,False,North,2024-07,0.3665,0
1866,Jamie Khan,Plus,999,43,1,0,4,3,1,0,200,240,False,False,North,2024-02,0.708,1
1867,Morgan Nguyen,Premium,1499,18,2,0,3,5,1,0,500,38,False,False,East,2024-05,0.8223,0
1868,Alex Khan,Basic,699,37,5,7,2,1,0,1,100,235,False,False,West,2024-01,0.8148,0
1869,Jordan Davis,Plus,999,15,2,6,7,0,1,1,200,147,False,True,West,2024-01,0.5365,1
1870,Alex Smith,Ultra,2499,32,7,2,0,4,0,1,1000,154,True,True,North,2024-09,0.5443,0
1871,Alex Lee,Plus,999,15,2,7,0,2,0,1,200,129,False,False,North,2024-06,0.7682,0
1872,Jordan Brown,Basic,699,5,6,3,7,0,1,0,100,202,False,False,West,2024-06,0.8551,1
1873,Jordan Smith,Plus,999,20,8,7,3,4,1,0,200,110,False,False,North,2024-09,0.904,1
1874,Alex Brown,Premium,1499,42,7,7,3,5,1,1,500,27,False,False,East,2024-05,0.7715,1
1875,Avery Smith,Ultra,2499,34,7,2,6,2,1,0,1000,280,False,False,East,2024-04,0.8441,0
1876,Jamie Brown,Basic,699,49,3,4,8,5,0,1,100,138,True,False,West,2024-01,0.8918,1
1877,Taylor Smith,Basic,699,39,1,6,5,3,0,1,100,267,False,False,South,2024-07,0.8135,1
1878,Alex Smith,Premium,1499,17,2,0,3,3,0,0,500,131,False,True,East,2024-11,0.6867,0
1879,Avery Patel,Ultra,2499,16,1,1,7,1,0,1,1000,187,False,True,West,2024-06,0.7902,0
1880,Alex Davis,Basic,699,34,4,2,3,1,1,1,100,199,False,False,South,2024-10,0.7697,1
1881,Reese Khan,Ultra,2499,44,6,7,7,0,1,0,1000,202,False,True,South,2024-03,0.8936,0
1882,Reese Khan,Plus,999,26,5,0,0,5,0,0,200,123,False,True,North,2024-12,0.8211,1
1883,Reese Smith,Ultra,2499,5,4,4,2,3,1,0,1000,195,False,False,East,2024-05,0.8573,1
1884,Morgan Davis,Plus,999,8,6,7,2,5,0,1,200,111,False,False,East,2024-10,0.7321,1
1885,Quinn Garcia,Ultra,2499,38,0,4,5,1,0,1,1000,226,True,False,South,2024-06,0.7421,1
1886,Morgan Johnson,Plus,999,16,0,7,3,2,1,0,200,250,False,False,South,2024-01,0.449,0
1887,Morgan Nguyen,Premium,1499,7,2,2,4,3,1,0,500,125,False,False,South,2024-12,0.7852,1
1888,Alex Lee,Premium,1499,3,5,1,6,0,0,0,500,56,False,False,North,2024-08,0.8221,1
1889,Alex Garcia,Ultra,2499,4,4,0,4,1,0,1,1000,51,False,False,North,2024-02,0.7438,1
1890,Reese Davis,Plus,999,21,3,0,7,4,0,0,200,34,False,False,East,2024-01,0.8156,1
1891,Quinn Smith,Premium,1499,60,1,7,1,2,1,1,500,169,False,False,West,2024-07,0.7792,1
1892,Avery Patel,Premium,1499,27,3,0,6,0,1,0,500,107,False,True,East,2024-12,0.7299,1
1893,Casey Davis,Ultra,2499,28,1,5,0,2,0,0,1000,212,False,False,West,2024-09,0.7104,1
1894,Avery Garcia,Ultra,2499,30,1,4,3,5,0,1,1000,202,True,False,North,2024-12,0.8216,1
1895,Casey Garcia,Premium,1499,49,6,1,0,5,0,0,500,192,False,False,North,2024-09,0.8576,1
1896,Alex Patel,Ultra,2499,16,8,1,6,4,1,1,1000,221,True,False,East,2024-07,0.8955,1
1897,Quinn Garcia,Ultra,2499,22,6,2,6,3,0,0,1000,198,True,False,West,2024-03,0.8791,1
1898,Quinn Nguyen,Premium,1499,29,2,3,7,1,1,1,500,180,False,False,South,2024-12,0.7927,1
1899,Jordan Brown,Basic,699,50,6,7,8,4,1,0,100,168,False,False,East,2024-10,0.927,1
1900,Reese Lee,Ultra,2499,31,4,0,6,3,1,1,1000,110,False,False,East,2024-08,0.8112,1
1901,Taylor Patel,Ultra,2499,3,5,5,6,1,1,0,1000,82,False,True,North,2024-11,0.871,1
1902,Casey Khan,Basic,699,9,5,5,6,2,0,0,100,94,False,False,West,2024-04,0.6187,1
1903,Alex Brown,Ultra,2499,7,2,6,1,2,1,1,1000,117,False,True,North,2024-03,0.559,1
1904,Riley Nguyen,Premium,1499,21,0,0,5,2,0,0,500,182,False,False,South,2024-10,0.6141,1
1905,Avery Patel,Ultra,2499,9,4,6,1,3,0,0,1000,225,False,False,East,2024-04,0.8559,1
1906,Jordan Khan,Basic,699,38,1,4,3,2,0,1,100,110,False,True,North,2024-08,0.7691,1
1907,Alex Johnson,Ultra,2499,21,4,6,6,1,1,0,1000,120,False,False,West,2024-03,0.6329,1
1908,Jordan Smith,Basic,699,1,2,2,3,0,0,0,100,91,False,False,East,2024-07,0.625,1
1909,Taylor Nguyen,Premium,1499,6,5,0,4,0,0,0,500,153,False,False,West,2024-01,0.7274,0
1910,Quinn Brown,Plus,999,32,8,4,4,3,0,1,200,152,False,False,East,2024-03,0.8432,1
1911,Riley Nguyen,Premium,1499,20,2,0,2,1,1,0,500,152,False,False,West,2024-04,0.6922,1
1912,Jordan Brown,Ultra,2499,5,4,5,0,1,0,0,1000,176,False,True,South,2024-07,0.8065,1
1913,Jordan Davis,Basic,699,39,3,6,0,3,0,0,100,133,False,False,North,2024-09,0.8257,1
1914,Reese Garcia,Plus,999,47,5,6,2,2,1,1,200,97,False,False,South,2024-05,0.6138,1
1915,Alex Garcia,Premium,1499,6,3,1,8,0,0,0,500,262,False,False,East,2024-02,0.7488,1
1916,Riley Garcia,Ultra,2499,56,0,4,4,3,0,1,1000,165,False,False,East,2024-01,0.7578,0
1917,Taylor Khan,Premium,1499,43,8,7,8,1,0,0,500,252,False,False,East,2024-07,0.6003,1
1918,Jamie Martinez,Premium,1499,43,7,4,0,3,1,0,500,112,False,False,West,2024-05,0.577,0
1919,Reese Garcia,Ultra,2499,1,3,3,1,5,0,1,1000,266,False,False,East,2024-02,0.5761,0
1920,Morgan Garcia,Basic,699,54,6,0,3,1,1,1,100,112,False,False,North,2024-06,0.7691,0
1921,Reese Khan,Basic,699,6,0,6,5,2,1,0,100,136,True,True,North,2024-07,0.824,1
1922,Jordan Patel,Premium,1499,34,6,7,4,4,1,1,500,248,False,False,West,2024-01,0.9024,1
1923,Reese Davis,Basic,699,59,7,7,0,0,1,1,100,292,False,False,South,2024-11,0.8312,1
1924,Avery Patel,Plus,999,52,3,0,7,4,0,0,200,256,False,True,North,2024-10,0.807,1
1925,Reese Nguyen,Premium,1499,40,0,2,1,2,1,1,500,169,True,False,East,2024-06,0.6671,1
1926,Morgan Nguyen,Plus,999,15,8,4,6,5,1,1,200,143,False,True,North,2024-08,0.9324,1
1927,Jamie Khan,Premium,1499,16,0,0,4,4,0,1,500,270,False,False,South,2024-12,0.6887,1
1928,Morgan Martinez,Ultra,2499,16,1,7,3,4,1,1,1000,154,False,True,West,2024-12,0.8614,0
1929,Jordan Nguyen,Premium,1499,55,8,6,5,5,0,0,500,82,False,False,West,2024-09,0.9301,1
1930,Morgan Lee,Premium,1499,37,3,1,7,4,1,1,500,129,False,False,East,2024-06,0.8456,1
1931,Casey Nguyen,Ultra,2499,39,2,1,1,3,0,1,1000,148,True,False,South,2024-06,0.7154,1
1932,Jordan Martinez,Ultra,2499,1,1,4,5,2,1,0,1000,179,False,True,South,2024-05,0.8317,1
1933,Jordan Garcia,Ultra,2499,26,2,5,5,1,0,1,1000,153,True,False,West,2024-01,0.4927,0
1934,Taylor Garcia,Basic,699,6,5,6,1,3,0,1,100,202,False,False,East,2024-12,0.8785,1
1935,Morgan Garcia,Plus,999,1,0,2,3,4,1,1,200,189,False,False,West,2024-08,0.5074,0
1936,Taylor Smith,Basic,699,17,4,1,7,5,1,0,100,82,False,False,East,2024-06,0.8737,1
1937,Casey Garcia,Basic,699,50,8,2,2,0,1,0,100,103,False,False,West,2024-05,0.4033,0
1938,Jamie Davis,Plus,999,54,0,2,3,3,1,0,200,128,False,False,South,2024-07,0.7665,1
1939,Taylor Lee,Basic,699,27,7,6,4,0,0,0,100,246,False,False,North,2024-12,0.8424,1
1940,Jamie Lee,Plus,999,51,8,2,6,3,0,0,200,72,False,False,West,2024-10,0.6202,0
1941,Casey Martinez,Plus,999,60,2,5,2,4,1,1,200,201,False,False,East,2024-04,0.837,1
1942,Alex Lee,Ultra,2499,33,1,1,1,2,0,0,1000,50,True,False,North,2024-06,0.6784,1
1943,Reese Johnson,Premium,1499,39,0,6,2,3,1,0,500,175,True,False,North,2024-12,0.5524,0
1944,Avery Smith,Plus,999,30,2,1,6,1,1,1,200,26,False,True,South,2024-06,0.7834,1
1945,Jamie Smith,Premium,1499,23,7,7,3,5,1,0,500,190,False,False,West,2024-10,0.932,1
1946,Quinn Johnson,Premium,1499,47,7,4,1,0,0,1,500,228,False,False,West,2024-01,0.4918,0
1947,Quinn Patel,Plus,999,23,6,7,6,0,0,0,200,124,False,False,South,2024-04,0.5284,0
1948,Taylor Garcia,Premium,1499,26,3,0,8,5,0,0,500,152,False,False,South,2024-09,0.8545,0
1949,Riley Smith,Basic,699,57,7,3,1,1,1,0,100,277,False,False,East,2024-09,0.8171,1
1950,Casey Nguyen,Basic,699,5,7,0,8,2,0,1,100,210,False,False,West,2024-11,0.8412,1
1951,Jordan Davis,Ultra,2499,21,1,2,5,2,1,0,1000,141,False,True,East,2024-02,0.4776,0
1952,Taylor Nguyen,Premium,1499,45,8,4,2,1,1,0,500,296,False,True,South,2024-07,0.552,1
1953,Morgan Davis,Premium,1499,3,2,3,0,5,0,1,500,293,False,False,East,2024-04,0.8025,1
1954,Reese Patel,Basic,699,28,2,0,1,3,1,0,100,272,True,False,West,2024-10,0.6898,1
1955,Riley Patel,Plus,999,14,0,4,5,2,1,0,200,221,False,False,West,2024-07,0.4303,0
1956,Casey Smith,Basic,699,44,8,4,4,5,1,0,100,80,True,False,North,2024-08,0.92,1
1957,Jordan Nguyen,Basic,699,38,2,4,1,0,1,0,100,250,False,True,West,2024-10,0.6992,0
1958,Riley Khan,Basic,699,22,2,5,5,1,0,0,100,75,True,False,North,2024-06,0.8155,1
1959,Alex Patel,Premium,1499,16,5,4,0,5,1,1,500,173,False,True,East,2024-12,0.8921,1
1960,Jordan Khan,Basic,699,6,1,5,2,2,1,1,100,246,False,False,South,2024-07,0.4579,0
1961,Reese Smith,Premium,1499,35,0,3,0,2,1,0,500,309,False,False,North,2024-09,0.6992,0
1962,Riley Lee,Plus,999,39,3,5,5,5,1,1,200,155,False,True,East,2024-12,0.8774,1
1963,Reese Lee,Ultra,2499,32,1,1,3,3,0,0,1000,161,False,False,West,2024-07,0.7129,1
1964,Taylor Garcia,Basic,699,6,6,0,8,4,1,1,100,247,False,True,North,2024-06,0.8918,0
1965,Quinn Davis,Plus,999,13,6,6,0,0,0,1,200,97,False,False,North,2024-03,0.7934,1
1966,Taylor Khan,Plus,999,1,7,4,6,0,0,0,200,227,False,False,West,2024-10,0.8732,1
1967,Quinn Davis,Basic,699,41,5,6,0,1,0,1,100,242,False,False,East,2024-03,0.8106,1
1968,Jamie Brown,Ultra,2499,33,1,4,3,4,1,1,1000,184,False,True,North,2024-11,0.5765,1
1969,Taylor Johnson,Premium,1499,51,4,5,7,5,1,1,500,267,False,False,North,2024-08,0.8994,0
1970,Morgan Lee,Plus,999,25,5,4,3,2,1,1,200,155,False,True,West,2024-01,0.8394,1
1971,Quinn Garcia,Plus,999,59,8,5,0,3,1,1,200,206,False,False,South,2024-11,0.8781,1
1972,Riley Khan,Ultra,2499,31,8,4,3,2,0,1,1000,138,False,False,North,2024-08,0.796,1
1973,Quinn Lee,Ultra,2499,7,3,5,0,5,0,1,1000,151,False,True,South,2024-03,0.6241,0
1974,Taylor Johnson,Premium,1499,1,3,3,6,4,1,0,500,217,False,False,North,2024-12,0.6669,1
1975,Taylor Nguyen,Premium,1499,13,2,7,3,2,1,0,500,160,False,False,East,2024-10,0.8019,1
1976,Avery Smith,Premium,1499,31,7,1,4,3,1,0,500,216,False,False,East,2024-06,0.8409,1
1977,Casey Garcia,Basic,699,3,6,1,7,2,0,0,100,332,False,False,East,2024-10,0.5904,1
1978,Casey Garcia,Plus,999,7,8,3,1,5,0,1,200,139,False,False,North,2024-07,0.8505,1
1979,Alex Lee,Plus,999,11,2,3,0,2,1,1,200,173,False,False,East,2024-04,0.7239,0
1980,Reese Nguyen,Premium,1499,52,5,5,0,1,1,0,500,258,False,False,West,2024-08,0.8173,1
1981,Morgan Johnson,Plus,999,42,2,7,6,1,0,1,200,128,False,False,North,2024-09,0.5851,0
1982,Jordan Khan,Ultra,2499,47,2,6,0,1,0,0,1000,183,True,False,East,2024-11,0.4739,0
1983,Casey Davis,Basic,699,28,7,0,1,2,0,0,100,137,True,True,South,2024-05,0.7949,1
1984,Jordan Davis,Ultra,2499,58,2,1,6,1,0,0,1000,201,False,False,South,2024-10,0.6806,0
1985,Quinn Smith,Plus,999,37,6,2,1,0,1,0,200,321,True,True,South,2024-07,0.5408,1
1986,Quinn Martinez,Plus,999,33,3,7,7,5,1,0,200,152,False,True,East,2024-10,0.9024,1
1987,Jamie Martinez,Ultra,2499,51,2,2,0,3,0,0,1000,204,True,False,North,2024-02,0.7452,1
1988,Casey Patel,Basic,699,58,4,4,6,5,1,1,100,204,False,False,East,2024-08,0.9037,1
1989,Riley Martinez,Ultra,2499,57,4,7,2,5,1,1,1000,215,True,False,West,2024-09,0.9246,1
1990,Quinn Martinez,Premium,1499,1,7,0,4,3,1,1,500,219,False,False,North,2024-07,0.5653,0
1991,Casey Brown,Ultra,2499,59,2,4,2,3,0,0,1000,275,False,False,West,2024-11,0.8243,1
1992,Quinn Martinez,Basic,699,29,0,0,5,1,1,0,100,400,False,False,North,2024-06,0.6275,0
1993,Riley Davis,Basic,699,51,3,1,6,3,1,1,100,197,False,False,East,2024-11,0.4496,0
1994,Jordan Davis,Plus,999,58,1,2,4,1,1,0,200,218,False,False,East,2024-02,0.7001,0
1995,Casey Khan,Basic,699,40,8,4,8,0,1,0,100,314,False,True,North,2024-12,0.8499,1
1996,Quinn Davis,Basic,699,24,2,0,7,3,0,0,100,61,False,False,East,2024-04,0.4426,0
1997,Jamie Patel,Premium,1499,47,7,6,7,5,0,1,500,41,False,False,East,2024-02,0.801,0
1998,Riley Smith,Basic,699,44,7,0,1,3,1,0,100,35,False,True,North,2024-03,0.8284,1
1999,Alex Nguyen,Plus,999,46,2,0,1,0,0,1,200,34,False,False,West,2024-05,0.5919,0
2000,Jordan Johnson,Ultra,2499,21,7,4,4,1,1,0,1000,295,False,False,East,2024-11,0.8658,1
2001,Jamie Nguyen,Premium,1499,8,5,3,7,2,0,1,500,119,True,False,South,2024-04,0.8682,1
2002,Riley Brown,Ultra,2499,51,6,6,7,3,0,1,1000,181,False,True,East,2024-06,0.9221,1
2003,Quinn Johnson,Basic,699,52,5,4,6,4,0,1,100,84,False,False,North,2024-04,0.8937,1
2004,Morgan Lee,Plus,999,19,0,5,7,2,1,1,200,20,True,False,West,2024-04,0.5338,1
2005,Jamie Martinez,Plus,999,29,1,1,1,0,0,1,200,145,False,False,East,2024-07,0.5975,0
2006,Reese Martinez,Premium,1499,39,3,2,1,1,1,1,500,181,True,False,North,2024-11,0.7149,1
2007,Alex Brown,Basic,699,57,0,2,2,5,1,1,100,111,True,False,West,2024-11,0.7957,1
2008,Reese Khan,Plus,999,53,8,7,8,0,0,0,200,174,False,False,West,2024-11,0.5776,0
2009,Taylor Garcia,Premium,1499,25,0,4,2,4,0,1,500,146,False,False,East,2024-11,0.7866,0
2010,Riley Johnson,Premium,1499,28,1,7,2,3,1,0,500,143,False,False,South,2024-10,0.8201,1
2011,Avery Garcia,Ultra,2499,38,8,7,7,2,1,1,1000,331,False,False,West,2024-05,0.8906,1
2012,Morgan Martinez,Plus,999,47,3,6,0,5,1,1,200,50,False,False,North,2024-12,0.8837,1
2013,Alex Johnson,Basic,699,8,2,4,8,2,1,1,100,132,False,False,East,2024-07,0.533,0
2014,Avery Smith,Ultra,2499,9,2,3,0,3,0,1,1000,125,False,False,North,2024-06,0.7371,1
2015,Taylor Brown,Plus,999,29,4,3,3,0,0,1,200,291,False,True,West,2024-02,0.7756,1
2016,Riley Martinez,Premium,1499,30,5,6,3,0,0,0,500,240,False,True,North,2024-08,0.8034,1
2017,Reese Garcia,Basic,699,58,6,6,1,2,1,1,100,99,False,False,West,2024-07,0.501,1
2018,Alex Davis,Basic,699,11,8,2,5,1,0,0,100,123,False,False,West,2024-07,0.8325,0
2019,Taylor Davis,Premium,1499,25,8,4,2,4,0,1,500,216,False,True,South,2024-01,0.6426,0
2020,Riley Martinez,Ultra,2499,6,2,3,2,0,0,1,1000,178,False,False,East,2024-03,0.6697,0
2021,Riley Khan,Ultra,2499,9,6,5,2,3,0,1,1000,194,False,False,South,2024-03,0.6513,0
2022,Alex Khan,Plus,999,54,4,7,1,5,0,1,200,66,False,False,South,2024-05,0.8813,1
2023,Quinn Lee,Plus,999,22,6,2,3,5,0,1,200,245,False,False,North,2024-01,0.5981,1
2024,Reese Patel,Ultra,2499,14,0,2,7,1,0,0,1000,229,False,False,West,2024-01,0.7895,1
2025,Quinn Martinez,Plus,999,22,5,5,4,3,0,1,200,172,False,False,North,2024-05,0.6222,1
2026,Reese Martinez,Basic,699,24,6,4,6,5,1,0,100,128,False,False,East,2024-07,0.9225,1
2027,Quinn Khan,Premium,1499,48,6,7,3,1,0,0,500,212,False,True,South,2024-05,0.8709,1
2028,Casey Patel,Ultra,2499,2,0,6,2,1,1,1,1000,108,False,False,East,2024-03,0.7843,1
2029,Quinn Khan,Premium,1499,14,0,1,2,5,0,0,500,282,False,True,North,2024-12,0.452,0
2030,Quinn Patel,Basic,699,56,6,2,8,1,0,1,100,247,False,False,East,2024-09,0.8182,1
2031,Jordan Lee,Basic,699,24,3,3,7,2,0,1,100,232,False,True,West,2024-08,0.5404,0
2032,Avery Lee,Ultra,2499,24,6,5,7,5,1,1,1000,113,False,False,East,2024-10,0.9357,0
2033,Taylor Lee,Premium,1499,58,3,6,2,4,0,1,500,110,True,False,East,2024-02,0.8563,1
2034,Reese Lee,Plus,999,48,5,2,0,3,0,0,200,193,False,False,North,2024-10,0.7798,1
2035,Reese Khan,Ultra,2499,19,4,5,2,0,0,0,1000,96,False,False,West,2024-11,0.7987,1
2036,Reese Patel,Plus,999,2,8,2,4,0,0,1,200,220,False,True,North,2024-03,0.7965,1
2037,Taylor Lee,Plus,999,38,3,6,3,2,0,1,200,72,True,False,North,2024-09,0.8427,1
2038,Jordan Martinez,Ultra,2499,37,5,0,0,2,1,1,1000,148,True,False,South,2024-03,0.7768,1
2039,Jamie Davis,Basic,699,51,1,3,4,5,0,1,100,154,False,False,West,2024-02,0.4351,0
2040,Taylor Davis,Ultra,2499,45,2,7,6,4,1,0,1000,152,False,True,South,2024-02,0.897,1
2041,Avery Martinez,Basic,699,57,3,1,3,0,0,1,100,224,False,False,North,2024-03,0.6446,0
2042,Morgan Lee,Basic,699,38,6,6,4,2,0,0,100,297,True,False,North,2024-09,0.5874,0
2043,Jordan Khan,Ultra,2499,36,3,1,7,1,0,1,1000,271,False,False,West,2024-01,0.7552,0
2044,Taylor Patel,Basic,699,1,3,1,1,4,1,1,100,240,True,False,North,2024-02,0.528,1
2045,Riley Lee,Plus,999,18,4,5,6,0,1,0,200,259,False,False,West,2024-06,0.5379,0
2046,Jordan Garcia,Plus,999,23,7,2,3,0,1,0,200,103,True,True,South,2024-11,0.8511,1
2047,Reese Johnson,Basic,699,21,7,0,3,4,1,0,100,172,True,False,West,2024-01,0.6043,1
2048,Jamie Khan,Ultra,2499,26,3,2,3,1,1,0,1000,266,True,True,East,2024-09,0.7747,0
2049,Reese Brown,Basic,699,18,0,6,3,1,0,0,100,221,False,False,West,2024-06,0.7092,0
2050,Alex Martinez,Plus,999,40,2,3,7,2,0,1,200,170,False,False,East,2024-09,0.7877,1
2051,Taylor Nguyen,Premium,1499,48,4,5,5,0,0,0,500,74,False,False,North,2024-04,0.8089,1
2052,Avery Brown,Ultra,2499,32,8,3,8,5,1,0,1000,274,False,False,South,2024-03,0.9284,1
2053,Jordan Johnson,Plus,999,27,4,7,5,4,1,1,200,175,False,False,West,2024-12,0.9026,1
2054,Jordan Brown,Plus,999,32,1,2,0,3,0,0,200,159,False,False,South,2024-10,0.7198,1
2055,Morgan Johnson,Premium,1499,33,4,0,8,0,0,1,500,165,False,True,West,2024-03,0.764,1
2056,Casey Patel,Basic,699,5,6,6,1,0,1,1,100,260,False,False,West,2024-02,0.5408,0
2057,Morgan Khan,Premium,1499,22,5,4,6,2,1,0,500,289,False,False,South,2024-07,0.8533,1
2058,Avery Nguyen,Ultra,2499,6,4,0,3,2,1,1,1000,294,False,False,East,2024-11,0.7693,1
2059,Reese Smith,Basic,699,55,1,1,6,5,0,0,100,163,False,True,South,2024-09,0.7714,1
2060,Jamie Nguyen,Basic,699,42,7,3,6,4,0,1,100,148,False,False,East,2024-11,0.8703,1
2061,Quinn Brown,Premium,1499,2,1,6,5,0,0,0,500,137,False,False,East,2024-01,0.4699,0
2062,Jordan Brown,Premium,1499,13,7,7,0,0,1,0,500,247,False,False,East,2024-12,0.8294,1
2063,Alex Johnson,Plus,999,39,5,4,4,4,1,1,200,201,False,False,North,2024-12,0.866,1
2064,Reese Khan,Plus,999,31,5,2,8,0,0,0,200,118,False,False,North,2024-11,0.8249,1
2065,Jamie Khan,Premium,1499,45,5,2,3,2,0,1,500,128,False,False,South,2024-07,0.5618,0
2066,Alex Khan,Basic,699,44,0,0,1,3,0,1,100,162,False,False,South,2024-11,0.6225,1
2067,Morgan Lee,Ultra,2499,5,3,0,4,4,1,1,1000,254,True,False,East,2024-03,0.8711,0
2068,Morgan Patel,Premium,1499,50,2,3,3,3,0,1,500,172,False,False,West,2024-10,0.7724,1
2069,Quinn Khan,Plus,999,27,5,6,4,5,1,1,200,176,True,True,South,2024-12,0.9334,1
2070,Reese Brown,Basic,699,44,8,4,1,5,0,1,100,242,False,True,West,2024-02,0.6458,0
2071,Quinn Martinez,Ultra,2499,46,1,1,8,1,0,1,1000,223,False,False,East,2024-08,0.4417,0
2072,Quinn Garcia,Premium,1499,46,2,3,7,5,1,1,500,206,False,False,West,2024-08,0.6449,1
2073,Casey Khan,Plus,999,22,3,2,5,0,0,0,200,73,False,False,North,2024-09,0.6605,0
2074,Alex Khan,Basic,699,40,6,6,6,5,0,0,100,207,False,False,South,2024-09,0.9231,1
2075,Avery Khan,Basic,699,27,4,6,8,1,0,0,100,143,False,True,West,2024-01,0.8625,1
2076,Avery Davis,Basic,699,52,3,7,8,0,1,1,100,175,False,False,South,2024-03,0.5888,0
2077,Avery Khan,Plus,999,18,8,4,2,5,1,1,200,186,False,False,West,2024-11,0.6498,1
2078,Quinn Garcia,Premium,1499,44,4,5,6,2,1,0,500,249,False,False,East,2024-02,0.8741,1
2079,Taylor Patel,Ultra,2499,38,4,7,7,4,1,0,1000,216,False,False,South,2024-05,0.9071,1
2080,Alex Khan,Plus,999,28,2,6,3,0,0,0,200,134,False,False,East,2024-06,0.4238,0
2081,Casey Khan,Plus,999,16,0,0,7,2,0,1,200,180,False,True,East,2024-03,0.7175,1
2082,Jamie Nguyen,Premium,1499,8,2,5,8,1,1,0,500,161,True,False,South,2024-07,0.8076,1
2083,Morgan Khan,Plus,999,9,7,6,3,1,1,0,200,149,True,False,West,2024-03,0.8898,1
2084,Avery Patel,Plus,999,58,3,7,2,1,1,0,200,159,True,True,South,2024-12,0.831,1
2085,Quinn Martinez,Premium,1499,10,3,4,0,1,1,0,500,249,False,True,South,2024-11,0.4312,0
2086,Jamie Martinez,Plus,999,35,4,5,6,5,0,0,200,72,False,False,North,2024-05,0.9034,1
2087,Reese Brown,Premium,1499,49,1,7,6,4,1,0,500,146,False,False,West,2024-05,0.8635,1
2088,Morgan Davis,Plus,999,7,5,7,8,1,1,0,200,167,False,True,South,2024-12,0.6778,0
2089,Riley Martinez,Ultra,2499,34,8,5,3,2,0,0,1000,179,False,False,South,2024-10,0.866,0
2090,Avery Smith,Plus,999,44,3,1,5,0,0,0,200,306,True,False,West,2024-06,0.7168,0
2091,Reese Davis,Premium,1499,1,6,6,6,5,1,0,500,199,False,False,East,2024-08,0.9401,1
2092,Alex Lee,Ultra,2499,16,2,5,1,5,0,0,1000,120,False,True,South,2024-08,0.8337,1
2093,Jamie Lee,Ultra,2499,16,7,4,3,4,1,0,1000,146,False,False,East,2024-10,0.9006,1
2094,Jordan Patel,Premium,1499,51,4,6,5,3,1,0,500,344,True,True,West,2024-04,0.699,1
2095,Morgan Smith,Plus,999,48,7,3,6,5,1,0,200,150,False,False,East,2024-12,0.9122,1
2096,Avery Davis,Plus,999,47,3,4,8,3,1,0,200,207,False,True,West,2024-01,0.8754,1
2097,Riley Martinez,Basic,699,20,8,6,6,5,0,1,100,269,False,False,South,2024-07,0.8944,0
2098,Riley Garcia,Plus,999,43,7,5,5,5,1,0,200,20,False,False,North,2024-10,0.9238,1
2099,Reese Khan,Ultra,2499,19,5,1,0,2,1,1,1000,256,False,False,West,2024-07,0.7261,0
2100,Jordan Martinez,Plus,999,45,3,7,8,0,1,0,200,20,False,False,East,2024-07,0.8552,0
2101,Quinn Lee,Plus,999,29,8,4,7,3,0,0,200,197,False,False,East,2024-06,0.6122,0
2102,Taylor Brown,Plus,999,33,0,6,2,5,1,0,200,111,True,True,West,2024-05,0.8435,1
2103,Morgan Martinez,Plus,999,20,3,5,4,4,1,1,200,187,True,True,North,2024-11,0.8825,1
2104,Riley Johnson,Ultra,2499,5,0,0,3,2,1,1,1000,214,False,False,North,2024-05,0.6111,1
2105,Jamie Johnson,Premium,1499,29,4,7,6,5,0,0,500,120,False,True,North,2024-06,0.705,0
2106,Morgan Lee,Premium,1499,23,8,6,8,5,0,0,500,162,True,False,North,2024-06,0.9321,1
2107,Riley Nguyen,Plus,999,55,8,6,6,0,0,0,200,235,False,False,North,2024-01,0.5302,1
2108,Jordan Davis,Basic,699,7,0,1,2,2,1,1,100,183,True,False,East,2024-09,0.3831,0
2109,Morgan Davis,Premium,1499,39,1,3,6,5,1,0,500,309,False,False,North,2024-11,0.8529,1
2110,Morgan Smith,Ultra,2499,35,7,1,8,3,1,0,1000,202,False,False,East,2024-10,0.8428,1
2111,Taylor Patel,Premium,1499,2,7,1,6,0,0,0,500,20,False,True,South,2024-05,0.859,1
2112,Quinn Patel,Premium,1499,3,0,3,7,5,0,1,500,179,False,False,East,2024-07,0.6146,1
2113,Jordan Johnson,Ultra,2499,26,1,1,2,3,0,0,1000,83,False,False,West,2024-10,0.7227,1
2114,Morgan Davis,Premium,1499,32,1,2,1,0,1,0,500,310,False,True,North,2024-02,0.6885,1
2115,Alex Davis,Plus,999,13,0,2,5,2,1,0,200,199,True,False,South,2024-02,0.7597,0
2116,Jordan Garcia,Ultra,2499,36,8,1,0,4,1,0,1000,70,False,False,North,2024-05,0.8714,1
2117,Casey Patel,Plus,999,49,0,3,6,0,0,1,200,137,False,False,North,2024-05,0.3672,0
2118,Casey Patel,Basic,699,45,7,1,4,0,0,1,100,70,False,False,East,2024-10,0.7433,1
2119,Alex Davis,Premium,1499,54,8,0,6,1,1,1,500,280,False,False,South,2024-11,0.8202,1
2120,Riley Johnson,Basic,699,32,4,2,4,0,1,0,100,281,False,False,East,2024-10,0.7574,0
2121,Reese Khan,Plus,999,21,3,4,7,3,1,0,200,51,False,False,South,2024-01,0.6556,0
2122,Casey Garcia,Plus,999,34,6,1,7,2,1,1,200,138,False,True,West,2024-03,0.8738,1
2123,Quinn Davis,Basic,699,49,6,6,2,5,1,1,100,181,True,True,South,2024-05,0.9104,1
2124,Riley Smith,Ultra,2499,31,0,1,6,2,1,0,1000,191,False,False,East,2024-01,0.5049,0
2125,Alex Martinez,Plus,999,6,2,5,2,2,0,0,200,214,False,False,West,2024-01,0.4431,0
2126,Morgan Lee,Premium,1499,39,6,1,7,1,0,1,500,255,False,True,South,2024-01,0.8391,0
2127,Taylor Garcia,Plus,999,50,1,3,1,4,1,1,200,194,False,True,South,2024-05,0.7588,1
2128,Quinn Khan,Basic,699,39,1,2,4,2,0,0,100,196,False,False,North,2024-05,0.7456,0
2129,Jordan Nguyen,Plus,999,17,3,7,7,4,0,1,200,121,True,True,North,2024-07,0.9194,1
2130,Casey Lee,Ultra,2499,40,8,1,8,0,0,0,1000,173,False,False,South,2024-05,0.4618,0
2131,Reese Martinez,Ultra,2499,34,6,3,5,2,1,1,1000,249,False,False,East,2024-03,0.8684,1
2132,Quinn Martinez,Plus,999,13,7,2,5,2,1,0,200,233,True,False,East,2024-02,0.605,1
2133,Reese Khan,Plus,999,36,0,5,0,1,1,1,200,175,False,False,South,2024-09,0.7035,1
2134,Riley Garcia,Ultra,2499,31,6,6,6,5,0,0,1000,200,False,False,East,2024-06,0.9073,1
2135,Casey Smith,Plus,999,4,7,5,3,0,0,1,200,101,False,False,North,2024-06,0.8493,1
2136,Casey Garcia,Basic,699,43,0,7,4,5,0,1,100,170,False,False,North,2024-11,0.8237,1
2137,Jamie Khan,Premium,1499,60,4,5,2,4,1,1,500,84,False,False,East,2024-04,0.591,0
2138,Avery Garcia,Basic,699,52,1,5,3,1,0,1,100,38,False,False,South,2024-10,0.7474,1
2139,Quinn Martinez,Basic,699,49,0,3,4,1,1,1,100,138,False,False,East,2024-09,0.6824,1
2140,Morgan Martinez,Basic,699,54,7,6,0,5,0,0,100,175,False,False,West,2024-10,0.6625,1
2141,Riley Patel,Plus,999,32,4,0,3,1,0,0,200,326,True,True,East,2024-05,0.7012,0
2142,Riley Patel,Premium,1499,29,3,1,4,5,0,1,500,261,False,False,West,2024-12,0.8463,1
2143,Taylor Garcia,Plus,999,26,6,6,5,3,0,0,200,125,False,False,South,2024-03,0.8976,1
2144,Taylor Johnson,Plus,999,51,8,2,1,4,0,1,200,147,False,False,West,2024-09,0.8303,1
2145,Avery Johnson,Premium,1499,46,3,3,3,0,1,1,500,285,False,False,West,2024-10,0.4553,0
2146,Reese Davis,Ultra,2499,43,6,0,4,4,1,0,1000,215,True,True,East,2024-04,0.8793,1
2147,Jordan Khan,Basic,699,8,8,4,6,2,0,0,100,76,False,True,North,2024-07,0.8858,1
2148,Alex Davis,Basic,699,20,8,3,6,2,0,0,100,264,False,False,East,2024-06,0.825,1
2149,Taylor Khan,Premium,1499,11,1,3,7,4,0,0,500,106,False,False,South,2024-12,0.8262,1
2150,Riley Brown,Ultra,2499,30,6,7,7,3,1,0,1000,111,False,False,North,2024-04,0.9114,1
2151,Jamie Patel,Basic,699,38,5,3,8,0,1,0,100,150,False,False,South,2024-04,0.4813,0
2152,Reese Brown,Ultra,2499,55,6,1,5,0,0,0,1000,111,True,True,North,2024-06,0.8356,0
2153,Casey Garcia,Plus,999,48,3,6,4,3,0,0,200,88,False,False,North,2024-02,0.5151,0
2154,Casey Khan,Ultra,2499,50,4,7,0,2,0,1,1000,135,False,False,North,2024-07,0.8249,0
2155,Taylor Patel,Plus,999,25,7,2,0,4,1,0,200,166,True,True,South,2024-08,0.5939,1
2156,Morgan Smith,Premium,1499,33,6,7,2,2,1,1,500,183,True,False,East,2024-06,0.8639,1
2157,Taylor Johnson,Ultra,2499,30,0,1,1,5,1,1,1000,214,False,True,West,2024-11,0.7803,1
2158,Alex Martinez,Basic,699,53,6,5,6,4,1,0,100,151,True,False,East,2024-11,0.9359,1
2159,Riley Johnson,Ultra,2499,31,4,3,3,3,1,1,1000,101,False,True,West,2024-04,0.6316,1
2160,Morgan Brown,Premium,1499,39,6,4,5,4,1,1,500,190,False,False,East,2024-08,0.9055,1
2161,Quinn Brown,Ultra,2499,59,4,5,0,5,0,1,1000,178,True,False,West,2024-08,0.6139,0
2162,Quinn Nguyen,Ultra,2499,21,3,4,5,0,0,1,1000,265,False,False,North,2024-08,0.7462,1
2163,Quinn Patel,Plus,999,47,8,5,6,4,0,0,200,126,False,True,West,2024-10,0.9252,0
2164,Morgan Smith,Premium,1499,52,0,7,3,3,0,0,500,138,False,False,North,2024-06,0.5188,0
2165,Reese Johnson,Premium,1499,54,0,5,1,0,0,1,500,298,False,True,West,2024-11,0.6681,1
2166,Jamie Khan,Ultra,2499,18,6,4,6,3,0,0,1000,227,False,False,South,2024-08,0.6288,0
2167,Quinn Garcia,Premium,1499,8,5,2,0,5,1,0,500,232,True,True,South,2024-11,0.8787,1
2168,Jordan Brown,Premium,1499,8,6,4,8,2,1,1,500,213,False,False,South,2024-04,0.8853,1
2169,Taylor Johnson,Premium,1499,14,5,7,5,2,1,0,500,63,False,True,East,2024-11,0.9157,1
2170,Quinn Garcia,Basic,699,12,7,0,6,4,1,1,100,35,False,False,West,2024-02,0.8768,0
2171,Reese Garcia,Plus,999,39,2,3,6,0,0,0,200,245,True,False,East,2024-06,0.7629,1
2172,Casey Lee,Plus,999,59,3,7,6,4,1,0,200,316,False,False,North,2024-08,0.9092,1
2173,Morgan Patel,Basic,699,57,0,6,4,0,1,0,100,134,False,False,East,2024-08,0.7454,1
2174,Riley Smith,Plus,999,17,8,5,7,1,1,1,200,176,False,False,North,2024-05,0.8523,1
2175,Jamie Martinez,Basic,699,40,0,3,1,3,0,1,100,114,False,False,North,2024-07,0.6717,1
2176,Avery Lee,Premium,1499,17,4,0,8,4,1,0,500,37,True,False,North,2024-08,0.8784,1
2177,Avery Davis,Plus,999,28,0,1,5,1,0,0,200,162,False,False,West,2024-07,0.2668,0
2178,Avery Smith,Plus,999,59,3,5,6,2,1,0,200,208,False,True,North,2024-06,0.6405,0
2179,Taylor Nguyen,Ultra,2499,14,2,0,1,1,1,0,1000,195,True,False,East,2024-01,0.3456,0
2180,Avery Lee,Basic,699,43,8,2,0,5,1,0,100,221,False,True,North,2024-12,0.6392,1
2181,Taylor Brown,Premium,1499,34,4,7,3,4,1,1,500,201,False,False,West,2024-04,0.8794,1
2182,Reese Smith,Premium,1499,41,5,3,8,0,1,0,500,199,False,False,South,2024-09,0.8568,1
2183,Morgan Patel,Premium,1499,56,1,5,2,2,1,1,500,138,False,False,North,2024-06,0.8327,1
2184,Reese Davis,Basic,699,37,6,5,4,2,1,1,100,143,True,False,North,2024-12,0.8904,1
2185,Casey Davis,Basic,699,57,5,0,8,4,0,1,100,132,False,False,North,2024-04,0.842,1
2186,Riley Khan,Premium,1499,23,5,3,5,2,0,0,500,58,False,False,South,2024-08,0.8427,1
2187,Reese Davis,Ultra,2499,60,7,4,5,4,0,1,1000,103,False,False,South,2024-04,0.8985,1
2188,Casey Khan,Plus,999,31,7,0,0,3,0,1,200,249,False,False,East,2024-09,0.775,1
2189,Morgan Lee,Premium,1499,60,1,6,6,1,0,1,500,20,False,False,West,2024-02,0.605,1
2190,Casey Lee,Basic,699,60,2,7,6,3,1,0,100,200,False,True,South,2024-03,0.8669,1
2191,Alex Martinez,Plus,999,52,1,4,5,0,0,1,200,190,True,False,North,2024-01,0.7439,0
2192,Morgan Nguyen,Plus,999,51,4,5,5,4,1,1,200,133,False,False,North,2024-07,0.8928,0
2193,Avery Brown,Premium,1499,51,7,6,6,4,0,1,500,137,False,False,North,2024-01,0.9152,1
2194,Casey Patel,Plus,999,6,7,1,5,2,1,1,200,131,False,True,West,2024-10,0.5412,1
2195,Jordan Lee,Plus,999,56,1,6,0,4,1,0,200,190,False,True,East,2024-09,0.5542,1
2196,Jamie Johnson,Plus,999,12,0,2,6,2,0,0,200,216,False,True,South,2024-12,0.446,0
2197,Reese Brown,Plus,999,32,0,2,0,5,0,1,200,202,False,False,North,2024-09,0.6943,1
2198,Quinn Garcia,Ultra,2499,34,1,6,7,3,1,0,1000,238,False,False,South,2024-12,0.5613,1
2199,Quinn Nguyen,Plus,999,19,2,6,6,2,1,1,200,116,True,False,East,2024-05,0.8488,1
2200,Jamie Davis,Plus,999,49,7,6,6,1,1,1,200,255,False,False,West,2024-08,0.903,1
2201,Casey Johnson,Plus,999,20,6,7,1,2,1,1,200,214,False,True,East,2024-04,0.6661,1
2202,Reese Davis,Premium,1499,42,2,3,4,0,0,1,500,118,False,False,North,2024-09,0.7295,0
2203,Taylor Brown,Ultra,2499,25,6,1,1,5,0,0,1000,171,False,False,South,2024-11,0.859,1
2204,Jordan Nguyen,Ultra,2499,36,7,2,2,0,0,1,1000,171,False,False,East,2024-01,0.7507,1
2205,Alex Khan,Ultra,2499,32,4,5,7,4,0,0,1000,217,False,False,East,2024-10,0.903,1
2206,Casey Brown,Ultra,2499,42,5,7,8,3,0,0,1000,133,False,False,South,2024-07,0.8976,1
2207,Reese Smith,Premium,1499,39,4,3,6,1,0,1,500,105,True,False,East,2024-07,0.773,0
2208,Jamie Garcia,Basic,699,4,4,2,1,5,1,1,100,194,False,False,East,2024-03,0.6062,1
2209,Morgan Smith,Premium,1499,43,0,5,6,2,0,0,500,198,False,False,East,2024-01,0.7403,1
2210,Jordan Patel,Plus,999,46,8,7,6,3,0,0,200,155,False,False,North,2024-05,0.6195,1
2211,Reese Davis,Ultra,2499,3,8,1,7,0,0,1,1000,275,True,False,East,2024-06,0.8126,0
2212,Quinn Nguyen,Ultra,2499,24,0,5,2,3,0,0,1000,267,False,False,North,2024-02,0.7862,1
2213,Taylor Garcia,Basic,699,20,0,7,7,5,1,0,100,116,False,False,North,2024-10,0.8532,0
2214,Taylor Khan,Ultra,2499,36,7,4,5,1,1,0,1000,204,False,False,South,2024-01,0.8536,1
2215,Alex Lee,Premium,1499,16,1,2,6,3,1,1,500,187,False,True,South,2024-04,0.8142,0
2216,Riley Patel,Basic,699,27,2,4,7,2,1,1,100,55,True,False,South,2024-01,0.8077,1
2217,Jordan Smith,Plus,999,30,5,1,0,0,1,1,200,195,False,True,North,2024-06,0.7039,1
2218,Morgan Patel,Basic,699,45,8,1,6,3,0,0,100,141,False,False,South,2024-10,0.8611,1
2219,Jordan Martinez,Premium,1499,18,8,4,5,0,1,1,500,262,False,True,West,2024-10,0.8593,1
2220,Avery Brown,Plus,999,3,2,4,2,3,1,1,200,156,False,False,East,2024-12,0.5436,1
2221,Morgan Nguyen,Basic,699,55,1,5,4,4,0,1,100,85,True,False,South,2024-05,0.8394,1
2222,Reese Garcia,Ultra,2499,13,3,0,5,3,1,1,1000,218,False,False,North,2024-01,0.8194,1
2223,Alex Davis,Ultra,2499,50,4,3,7,3,0,0,1000,44,True,False,East,2024-08,0.6144,0
2224,Jamie Garcia,Plus,999,36,3,3,7,0,1,1,200,118,False,True,West,2024-10,0.803,1
2225,Morgan Garcia,Ultra,2499,48,3,3,0,5,0,0,1000,213,False,False,North,2024-07,0.8408,1
2226,Reese Lee,Ultra,2499,38,3,6,4,5,1,0,1000,145,False,False,East,2024-12,0.8943,1
2227,Avery Khan,Plus,999,48,5,3,5,3,0,1,200,260,False,False,East,2024-01,0.8538,1
2228,Quinn Johnson,Premium,1499,28,2,2,7,0,0,1,500,268,True,True,West,2024-12,0.7796,1
2229,Riley Patel,Basic,699,48,1,0,3,3,0,0,100,99,False,False,North,2024-09,0.3058,0
2230,Avery Garcia,Basic,699,56,3,2,7,5,1,0,100,71,False,False,West,2024-08,0.8899,1
2231,Riley Nguyen,Premium,1499,43,7,2,6,4,0,0,500,263,True,False,West,2024-05,0.9196,0
2232,Jamie Khan,Premium,1499,39,5,6,1,4,0,0,500,239,True,False,North,2024-04,0.9015,1
2233,Morgan Lee,Premium,1499,47,8,2,5,0,0,1,500,139,False,False,East,2024-12,0.7732,1
2234,Jamie Davis,Basic,699,36,2,1,7,5,1,1,100,239,False,False,East,2024-08,0.8498,1
2235,Avery Garcia,Premium,1499,42,8,4,3,4,0,1,500,187,False,False,West,2024-02,0.6588,1
2236,Morgan Nguyen,Plus,999,4,6,4,6,5,0,0,200,202,False,False,North,2024-10,0.9304,1
2237,Riley Lee,Premium,1499,16,0,3,1,1,1,0,500,270,True,False,South,2024-09,0.7214,0
2238,Taylor Martinez,Plus,999,16,5,5,2,3,0,0,200,239,True,False,West,2024-05,0.8673,1
2239,Riley Martinez,Plus,999,26,3,4,5,0,1,0,200,147,False,True,South,2024-03,0.8211,1
2240,Riley Khan,Ultra,2499,22,0,3,4,5,1,1,1000,82,False,False,North,2024-06,0.8466,1
2241,Jordan Lee,Basic,699,30,4,3,1,1,1,0,100,96,False,False,East,2024-04,0.7673,1
2242,Riley Lee,Ultra,2499,23,0,2,7,1,0,1,1000,120,False,False,South,2024-07,0.7277,0
2243,Alex Patel,Ultra,2499,12,4,3,3,4,0,1,1000,177,False,False,West,2024-01,0.8055,1
2244,Jamie Khan,Ultra,2499,37,4,3,4,2,0,0,1000,209,False,True,East,2024-03,0.8136,1
2245,Casey Davis,Premium,1499,40,3,5,4,4,0,0,500,241,False,True,North,2024-09,0.8722,1
2246,Riley Patel,Basic,699,14,2,3,5,3,1,0,100,207,False,False,North,2024-02,0.4916,0
2247,Alex Lee,Plus,999,20,7,5,6,0,0,1,200,138,False,False,South,2024-07,0.5575,0
2248,Avery Khan,Premium,1499,27,2,0,2,0,0,1,500,239,False,False,South,2024-03,0.6752,1
2249,Avery Johnson,Basic,699,49,7,3,4,1,1,1,100,123,False,True,East,2024-05,0.8689,1
2250,Taylor Patel,Basic,699,51,3,1,0,3,1,0,100,28,False,False,North,2024-05,0.7213,0
2251,Jordan Martinez,Plus,999,11,4,1,7,2,1,0,200,112,False,True,East,2024-07,0.4968,0
2252,Jamie Garcia,Premium,1499,18,1,3,3,5,0,1,500,69,False,False,North,2024-03,0.8323,0
2253,Reese Davis,Premium,1499,58,6,5,8,0,1,0,500,165,False,False,South,2024-10,0.6427,1
2254,Jordan Brown,Plus,999,11,1,1,1,5,1,0,200,228,False,False,East,2024-09,0.4477,0
2255,Jordan Smith,Basic,699,49,1,3,8,2,1,0,100,226,False,False,South,2024-07,0.7891,1
2256,Jordan Martinez,Basic,699,7,7,4,0,1,0,1,100,96,False,False,West,2024-07,0.8098,1
2257,Jamie Garcia,Plus,999,30,2,1,3,5,1,1,200,138,False,False,North,2024-07,0.7841,1
2258,Quinn Smith,Premium,1499,13,2,1,8,5,0,0,500,167,True,True,East,2024-03,0.5703,1
2259,Casey Khan,Plus,999,19,2,4,0,5,0,0,200,150,False,False,East,2024-07,0.4979,0
2260,Casey Khan,Basic,699,41,3,2,0,1,1,0,100,204,False,False,East,2024-03,0.3352,0
2261,Casey Khan,Basic,699,53,7,7,6,0,1,0,100,145,False,False,West,2024-11,0.892,0
2262,Morgan Patel,Premium,1499,4,8,7,7,1,0,0,500,214,False,False,East,2024-12,0.7372,1
2263,Jordan Johnson,Premium,1499,55,1,0,7,1,1,1,500,262,False,True,East,2024-03,0.7759,1
2264,Jamie Nguyen,Plus,999,38,2,7,6,5,0,1,200,82,False,True,North,2024-09,0.6973,0
2265,Alex Khan,Ultra,2499,42,3,2,7,4,1,0,1000,176,False,False,North,2024-05,0.586,0
2266,Riley Patel,Plus,999,6,8,5,3,0,0,1,200,191,False,False,North,2024-11,0.5577,1
2267,Jamie Johnson,Premium,1499,1,7,0,7,3,1,0,500,215,False,False,East,2024-10,0.8604,1
2268,Jamie Brown,Plus,999,51,5,7,6,4,1,1,200,231,True,True,North,2024-06,0.9251,1
2269,Jordan Lee,Premium,1499,48,5,4,2,1,1,1,500,195,False,True,South,2024-12,0.546,1
2270,Casey Nguyen,Premium,1499,7,6,3,5,0,0,0,500,164,False,False,East,2024-02,0.8341,0
2271,Riley Martinez,Ultra,2499,49,5,0,5,5,0,1,1000,107,True,True,South,2024-03,0.7093,1
2272,Riley Lee,Ultra,2499,56,0,3,2,1,0,0,1000,52,False,False,South,2024-06,0.666,1
2273,Jamie Nguyen,Plus,999,53,1,1,2,3,1,1,200,205,False,False,South,2024-02,0.4104,0
2274,Quinn Garcia,Plus,999,7,0,6,2,1,0,1,200,172,False,False,East,2024-11,0.7153,1
2275,Quinn Garcia,Basic,699,16,6,4,8,2,0,0,100,208,False,True,South,2024-05,0.6331,1
2276,Jamie Davis,Ultra,2499,3,2,4,6,0,1,1,1000,277,False,False,South,2024-03,0.8328,1
2277,Taylor Garcia,Ultra,2499,56,0,3,2,0,1,0,1000,241,False,False,East,2024-04,0.633,1
2278,Morgan Lee,Basic,699,27,5,1,0,0,1,1,100,174,True,True,East,2024-02,0.4073,0
2279,Riley Smith,Premium,1499,22,7,4,2,0,1,0,500,109,False,True,South,2024-10,0.8408,1
2280,Riley Khan,Basic,699,32,6,1,8,4,1,1,100,142,False,False,West,2024-06,0.8917,1
2281,Reese Lee,Basic,699,9,3,1,8,4,0,1,100,105,False,False,North,2024-05,0.8567,1
2282,Avery Khan,Basic,699,38,4,5,5,5,1,0,100,117,False,False,South,2024-05,0.7033,1
2283,Quinn Lee,Ultra,2499,50,4,0,3,5,0,1,1000,235,False,False,East,2024-10,0.5036,0
2284,Jamie Lee,Plus,999,43,6,2,0,2,1,1,200,239,False,False,South,2024-08,0.4417,0
2285,Riley Martinez,Premium,1499,2,6,3,8,2,1,1,500,281,True,False,West,2024-11,0.7031,1
2286,Riley Martinez,Premium,1499,12,0,5,5,5,1,1,500,138,False,False,East,2024-05,0.8563,1
2287,Jamie Brown,Ultra,2499,30,7,2,2,0,0,0,1000,236,False,True,North,2024-05,0.4433,0
2288,Reese Garcia,Ultra,2499,49,1,1,2,2,1,0,1000,127,False,False,West,2024-09,0.702,0
2289,Riley Patel,Basic,699,45,4,6,6,3,0,1,100,97,False,False,West,2024-03,0.9049,1
2290,Riley Patel,Premium,1499,37,8,6,7,0,0,0,500,140,False,False,West,2024-01,0.6467,1
2291,Riley Brown,Premium,1499,43,4,3,0,3,0,0,500,194,False,False,West,2024-09,0.7563,1
2292,Reese Khan,Basic,699,49,3,0,4,1,0,1,100,179,False,False,South,2024-05,0.7186,1
2293,Reese Lee,Basic,699,19,8,1,1,5,0,0,100,166,True,False,East,2024-04,0.6222,1
2294,Riley Brown,Ultra,2499,53,5,1,8,0,0,1,1000,251,False,True,West,2024-01,0.5244,1
2295,Taylor Nguyen,Plus,999,47,2,5,6,5,1,1,200,147,True,False,East,2024-04,0.8837,1
2296,Riley Garcia,Basic,699,5,5,4,1,5,0,0,100,137,False,False,North,2024-11,0.6247,1
2297,Casey Khan,Plus,999,48,6,3,0,0,1,0,200,218,True,False,East,2024-05,0.3928,0
2298,Jamie Davis,Plus,999,48,5,3,8,2,0,1,200,179,False,True,West,2024-02,0.8562,1
2299,Taylor Davis,Premium,1499,18,2,6,1,4,1,1,500,160,False,False,East,2024-09,0.8703,1
2300,Alex Martinez,Premium,1499,4,8,1,4,4,1,0,500,209,False,True,South,2024-06,0.9111,1
2301,Quinn Garcia,Basic,699,45,3,5,2,4,0,1,100,164,True,False,East,2024-01,0.863,1
2302,Reese Davis,Ultra,2499,52,3,5,4,2,0,1,1000,294,False,False,West,2024-08,0.8503,1
2303,Riley Lee,Ultra,2499,17,3,0,4,3,1,0,1000,103,True,True,South,2024-07,0.8193,1
2304,Avery Brown,Premium,1499,52,3,7,7,4,0,1,500,155,False,False,West,2024-01,0.896,1
2305,Morgan Smith,Basic,699,30,2,5,4,2,0,1,100,228,True,False,North,2024-10,0.7915,1
2306,Casey Patel,Premium,1499,30,0,7,2,3,0,1,500,184,False,False,North,2024-12,0.7225,1
2307,Jamie Lee,Plus,999,9,5,0,3,5,1,0,200,280,False,False,East,2024-05,0.8338,1
2308,Jamie Lee,Plus,999,44,3,6,1,3,1,1,200,183,False,False,East,2024-10,0.8269,0
2309,Taylor Smith,Ultra,2499,47,8,1,2,3,0,0,1000,260,False,False,South,2024-08,0.7416,1
2310,Casey Brown,Premium,1499,58,0,2,3,4,0,1,500,178,False,False,West,2024-07,0.4168,0
2311,Jordan Patel,Basic,699,50,4,0,4,5,1,1,100,148,False,True,South,2024-09,0.8817,1
2312,Quinn Smith,Premium,1499,1,2,2,8,5,0,0,500,117,False,False,East,2024-10,0.8717,1
2313,Riley Nguyen,Ultra,2499,50,6,7,7,2,0,0,1000,204,False,False,East,2024-04,0.9129,1
2314,Riley Smith,Plus,999,46,7,3,6,5,0,0,200,133,False,False,North,2024-01,0.666,1
2315,Avery Lee,Basic,699,17,3,4,8,3,1,1,100,256,False,False,East,2024-06,0.8669,1
2316,Morgan Khan,Plus,999,1,8,3,1,4,1,0,200,71,True,False,East,2024-01,0.8859,1
2317,Taylor Khan,Ultra,2499,55,3,1,2,4,1,0,1000,207,False,False,North,2024-12,0.8228,1
2318,Jordan Smith,Premium,1499,39,0,2,6,4,0,0,500,132,False,False,South,2024-01,0.7074,1
2319,Jamie Martinez,Basic,699,34,4,5,2,1,1,1,100,216,False,True,South,2024-02,0.7936,0
2320,Reese Garcia,Ultra,2499,23,1,7,5,3,0,0,1000,38,True,True,North,2024-07,0.8198,0
2321,Riley Lee,Ultra,2499,22,0,2,4,0,0,0,1000,236,True,False,West,2024-08,0.6768,1
2322,Jamie Brown,Premium,1499,44,8,5,0,4,1,0,500,164,False,True,West,2024-03,0.9104,1
2323,Morgan Martinez,Ultra,2499,9,7,2,8,3,1,0,1000,224,False,True,South,2024-01,0.9162,0
2324,Jamie Brown,Premium,1499,49,5,0,4,3,0,0,500,82,False,False,South,2024-05,0.8045,1
2325,Jordan Garcia,Basic,699,28,6,7,4,0,1,1,100,66,False,False,East,2024-09,0.8648,1
2326,Riley Khan,Basic,699,26,6,7,2,3,1,0,100,162,False,False,West,2024-09,0.8951,1
2327,Riley Martinez,Basic,699,5,2,4,3,0,1,1,100,183,False,False,South,2024-05,0.7779,0
2328,Casey Davis,Basic,699,18,7,0,4,0,1,0,100,229,False,True,West,2024-06,0.8339,1
2329,Jordan Smith,Plus,999,49,0,3,2,3,0,1,200,157,False,True,East,2024-07,0.6982,0
2330,Avery Patel,Plus,999,1,0,5,7,5,1,0,200,197,False,True,East,2024-03,0.871,1
2331,Morgan Johnson,Basic,699,57,5,7,8,1,1,0,100,283,False,True,South,2024-05,0.6519,0
2332,Avery Khan,Premium,1499,42,3,2,8,2,1,1,500,140,False,False,West,2024-12,0.8145,0
2333,Avery Brown,Basic,699,28,0,0,7,2,1,0,100,230,False,False,South,2024-08,0.3743,0
2334,Casey Smith,Basic,699,47,7,4,4,1,1,1,100,135,True,False,West,2024-04,0.8909,1
2335,Quinn Khan,Basic,699,59,5,7,7,2,0,1,100,120,False,False,West,2024-07,0.6377,1
2336,Jamie Smith,Premium,1499,5,4,2,7,4,1,0,500,225,False,False,West,2024-03,0.8588,1
2337,Morgan Smith,Basic,699,41,2,2,3,5,0,0,100,213,True,False,North,2024-01,0.7928,0
2338,Casey Johnson,Basic,699,19,4,4,5,3,1,1,100,237,True,False,East,2024-02,0.8612,1
2339,Riley Johnson,Basic,699,19,5,6,8,4,0,0,100,228,False,False,East,2024-06,0.9173,1
2340,Alex Smith,Premium,1499,53,7,6,6,3,1,1,500,240,False,True,East,2024-03,0.7663,1
2341,Riley Smith,Ultra,2499,20,5,5,2,0,1,1,1000,163,True,False,West,2024-09,0.5308,0
2342,Jamie Smith,Ultra,2499,24,4,4,2,1,0,1,1000,282,True,False,East,2024-12,0.4688,0
2343,Taylor Garcia,Ultra,2499,51,3,6,4,0,0,1,1000,107,False,True,West,2024-07,0.5399,1
2344,Quinn Brown,Premium,1499,16,0,3,1,4,0,0,500,124,False,True,North,2024-02,0.7266,0
2345,Casey Garcia,Basic,699,26,5,4,8,4,1,1,100,78,False,False,South,2024-12,0.9018,1
2346,Jamie Martinez,Premium,1499,5,4,3,6,4,1,1,500,174,False,False,South,2024-06,0.6935,1
2347,Morgan Martinez,Plus,999,42,8,7,1,5,0,1,200,246,False,False,West,2024-10,0.8984,1
2348,Jamie Garcia,Premium,1499,46,8,6,4,0,1,0,500,166,False,False,North,2024-12,0.6083,0
2349,Quinn Brown,Ultra,2499,9,4,6,4,5,1,1,1000,215,False,True,South,2024-07,0.9341,1
2350,Riley Garcia,Plus,999,28,8,5,1,3,1,0,200,188,False,False,North,2024-02,0.8581,1
2351,Avery Brown,Basic,699,44,5,2,0,1,1,0,100,110,True,True,East,2024-11,0.4239,0
2352,Morgan Davis,Premium,1499,47,6,2,4,5,1,1,500,226,False,True,North,2024-07,0.9135,1
2353,Reese Patel,Plus,999,44,5,0,8,1,1,0,200,220,False,False,East,2024-04,0.7942,1
2354,Morgan Lee,Plus,999,4,7,5,5,4,1,0,200,278,False,False,North,2024-03,0.9135,1
2355,Reese Nguyen,Basic,699,32,4,5,0,5,0,0,100,246,False,False,West,2024-01,0.5681,1
2356,Morgan Khan,Basic,699,2,0,7,7,0,0,0,100,137,False,False,South,2024-03,0.7806,1
2357,Jordan Brown,Ultra,2499,23,5,4,7,3,0,1,1000,208,True,False,South,2024-06,0.896,1
2358,Reese Smith,Ultra,2499,7,2,6,6,3,0,1,1000,185,False,True,South,2024-10,0.8748,1
2359,Avery Johnson,Ultra,2499,46,0,2,1,2,0,0,1000,347,False,False,South,2024-11,0.3584,0
2360,Avery Nguyen,Plus,999,31,8,5,8,1,1,1,200,230,False,True,North,2024-03,0.8916,1
2361,Reese Smith,Ultra,2499,59,1,1,2,3,1,0,1000,250,False,False,East,2024-08,0.7517,1
2362,Avery Brown,Basic,699,51,1,6,2,1,0,1,100,181,False,False,East,2024-10,0.3952,0
2363,Avery Patel,Premium,1499,13,6,4,3,3,1,1,500,174,False,False,West,2024-10,0.5336,1
2364,Avery Davis,Ultra,2499,41,2,2,7,3,0,1,1000,194,True,False,West,2024-09,0.8126,1
2365,Quinn Johnson,Plus,999,13,8,5,3,0,0,0,200,291,False,False,West,2024-04,0.812,1
2366,Reese Johnson,Ultra,2499,60,7,5,4,3,1,1,1000,96,True,True,East,2024-08,0.917,1
2367,Alex Garcia,Plus,999,15,2,4,6,2,1,1,200,106,False,False,East,2024-05,0.8349,1
2368,Jamie Lee,Ultra,2499,21,7,3,5,0,1,0,1000,200,False,False,West,2024-07,0.8574,1
2369,Quinn Brown,Ultra,2499,21,6,0,0,5,0,0,1000,124,False,False,South,2024-10,0.8183,1
2370,Morgan Khan,Plus,999,6,0,2,2,1,1,0,200,84,False,False,West,2024-10,0.6803,0
2371,Riley Patel,Plus,999,15,7,6,6,0,1,0,200,216,False,False,East,2024-04,0.6512,1
2372,Morgan Davis,Basic,699,15,7,2,2,4,0,0,100,180,True,False,East,2024-11,0.8608,1
2373,Jamie Lee,Plus,999,11,5,0,1,5,1,1,200,292,False,False,North,2024-08,0.8201,1
2374,Taylor Brown,Plus,999,39,0,7,8,1,1,1,200,189,False,False,North,2024-01,0.7698,1
2375,Morgan Martinez,Premium,1499,26,6,6,6,4,1,0,500,119,False,False,North,2024-11,0.9312,1
2376,Casey Johnson,Ultra,2499,33,2,5,0,4,1,1,1000,257,False,False,West,2024-03,0.8163,1
2377,Taylor Khan,Plus,999,14,2,5,7,5,0,1,200,163,False,False,West,2024-09,0.8652,1
2378,Jordan Brown,Basic,699,47,4,7,2,1,0,1,100,142,False,False,West,2024-07,0.806,1
2379,Reese Davis,Ultra,2499,6,8,0,6,4,1,0,1000,75,False,False,West,2024-10,0.9074,1
2380,Quinn Martinez,Premium,1499,57,0,3,5,0,1,1,500,133,False,True,East,2024-05,0.4349,0
2381,Taylor Nguyen,Plus,999,45,3,1,8,1,0,0,200,91,False,False,East,2024-08,0.765,1
2382,Alex Smith,Ultra,2499,32,3,0,1,5,0,0,1000,227,False,True,West,2024-04,0.4944,0
2383,Jordan Brown,Basic,699,1,2,3,1,2,0,0,100,110,True,True,West,2024-11,0.7786,1
2384,Jordan Smith,Basic,699,38,8,2,1,1,1,0,100,97,False,True,West,2024-08,0.488,0
2385,Jamie Garcia,Premium,1499,39,0,3,1,5,1,1,500,252,False,False,North,2024-01,0.8068,1
2386,Reese Khan,Ultra,2499,25,5,3,2,2,1,0,1000,181,False,True,West,2024-02,0.8211,1
2387,Jamie Nguyen,Premium,1499,28,1,1,7,5,0,1,500,225,True,False,South,2024-01,0.8324,1
2388,Jamie Nguyen,Basic,699,56,8,3,4,5,0,0,100,20,False,True,West,2024-11,0.9135,1
2389,Taylor Garcia,Plus,999,17,1,3,2,5,1,0,200,178,False,False,East,2024-03,0.8335,1
2390,Avery Garcia,Plus,999,8,1,6,7,4,1,1,200,103,True,False,South,2024-03,0.8297,1
2391,Quinn Johnson,Basic,699,26,7,1,1,3,1,1,100,199,False,False,North,2024-03,0.8196,1
2392,Alex Nguyen,Premium,1499,49,2,6,7,1,0,0,500,61,True,False,East,2024-02,0.8339,1
2393,Reese Martinez,Basic,699,19,0,5,3,0,1,0,100,372,True,False,West,2024-06,0.724,1
2394,Avery Martinez,Premium,1499,11,8,4,6,3,1,0,500,231,False,False,East,2024-07,0.8959,1
2395,Riley Smith,Plus,999,2,7,6,4,5,1,0,200,33,False,False,East,2024-06,0.9349,1
2396,Taylor Garcia,Ultra,2499,11,7,7,3,5,0,0,1000,161,False,True,South,2024-03,0.7271,1
2397,Avery Johnson,Plus,999,17,0,6,3,3,0,0,200,171,False,False,East,2024-01,0.4749,0
2398,Riley Davis,Premium,1499,5,1,7,4,3,0,0,500,169,False,False,East,2024-09,0.8101,0
2399,Avery Brown,Ultra,2499,59,8,6,3,5,0,0,1000,214,False,False,East,2024-01,0.8857,1
2400,Casey Khan,Premium,1499,35,1,3,8,5,0,0,500,36,False,True,East,2024-06,0.8798,1
2401,Jordan Khan,Ultra,2499,27,1,5,2,2,1,0,1000,215,True,True,South,2024-02,0.8178,1
2402,Riley Khan,Ultra,2499,49,0,2,2,5,0,0,1000,82,False,False,South,2024-05,0.7377,0
2403,Taylor Khan,Plus,999,21,3,2,0,4,1,0,200,161,False,False,West,2024-04,0.737,1
2404,Casey Nguyen,Plus,999,40,3,3,5,5,1,0,200,128,True,False,North,2024-10,0.6743,1
2405,Alex Smith,Premium,1499,50,6,4,8,2,1,0,500,279,False,True,South,2024-06,0.8954,1
2406,Casey Smith,Plus,999,39,1,6,7,3,0,0,200,232,False,False,South,2024-04,0.7913,0
2407,Reese Lee,Basic,699,55,1,6,6,1,0,1,100,226,False,True,South,2024-02,0.7891,1
2408,Alex Garcia,Plus,999,56,6,3,6,1,1,0,200,201,False,True,West,2024-01,0.8645,1
2409,Reese Smith,Premium,1499,14,4,4,2,0,0,0,500,272,False,False,East,2024-05,0.7289,1
2410,Casey Brown,Basic,699,41,8,4,2,5,1,1,100,223,False,True,East,2024-02,0.6874,1
2411,Jamie Martinez,Ultra,2499,42,2,4,6,2,0,1,1000,168,True,False,South,2024-06,0.543,0
2412,Quinn Nguyen,Ultra,2499,24,1,5,3,0,0,1,1000,120,False,True,East,2024-11,0.4104,0
2413,Reese Johnson,Premium,1499,31,2,3,0,2,1,0,500,175,False,False,North,2024-01,0.7477,1
2414,Casey Davis,Premium,1499,58,3,7,8,5,1,0,500,185,False,False,North,2024-05,0.9234,1
2415,Avery Johnson,Ultra,2499,8,0,6,6,1,1,1,1000,244,False,False,South,2024-02,0.7896,1
2416,Morgan Garcia,Premium,1499,1,6,1,4,3,0,1,500,240,False,True,South,2024-06,0.5725,0
2417,Jordan Smith,Ultra,2499,3,0,4,0,1,1,0,1000,221,False,False,West,2024-09,0.7237,1
2418,Riley Martinez,Basic,699,36,6,1,4,5,1,0,100,46,False,False,West,2024-07,0.8913,1
2419,Riley Smith,Premium,1499,11,0,0,1,2,0,1,500,147,False,True,West,2024-01,0.6121,1
2420,Reese Khan,Plus,999,46,8,6,1,5,1,1,200,274,True,False,East,2024-12,0.9065,1
2421,Quinn Nguyen,Premium,1499,43,7,6,3,3,0,0,500,123,True,False,West,2024-10,0.8995,1
2422,Avery Brown,Ultra,2499,29,6,0,7,2,0,0,1000,227,False,True,East,2024-12,0.8374,1
2423,Avery Davis,Plus,999,37,0,3,5,3,0,0,200,261,False,False,West,2024-10,0.7685,1
2424,Taylor Johnson,Ultra,2499,14,5,4,7,3,0,1,1000,27,False,True,South,2024-02,0.6683,1
2425,Quinn Lee,Plus,999,43,2,6,4,5,1,0,200,140,False,False,South,2024-05,0.8891,1
2426,Riley Johnson,Plus,999,21,6,5,3,2,0,1,200,20,False,False,West,2024-12,0.9022,1
2427,Quinn Brown,Premium,1499,50,5,7,3,3,1,1,500,217,False,False,East,2024-02,0.6709,0
2428,Casey Lee,Ultra,2499,30,0,1,7,2,0,0,1000,262,False,False,South,2024-10,0.4729,0
2429,Quinn Brown,Plus,999,14,6,7,4,5,0,0,200,240,True,True,East,2024-05,0.7862,1
2430,Jamie Khan,Basic,699,22,1,2,4,1,1,1,100,189,False,False,East,2024-02,0.7127,1
2431,Quinn Lee,Ultra,2499,46,3,5,2,4,1,1,1000,146,True,True,West,2024-12,0.6239,1
2432,Casey Lee,Plus,999,2,6,3,3,2,1,0,200,131,True,False,West,2024-04,0.8465,1
2433,Morgan Patel,Plus,999,43,3,0,4,0,0,1,200,174,True,False,West,2024-01,0.6335,1
2434,Jamie Nguyen,Premium,1499,19,4,1,8,5,1,0,500,193,False,False,West,2024-01,0.8792,1
2435,Riley Khan,Basic,699,15,7,0,2,5,0,0,100,190,False,False,West,2024-12,0.8178,0
2436,Jordan Davis,Ultra,2499,30,3,6,5,3,1,1,1000,395,False,False,North,2024-04,0.693,0
2437,Avery Martinez,Premium,1499,52,4,3,5,5,0,0,500,92,False,True,South,2024-10,0.8904,1
2438,Avery Smith,Plus,999,13,3,3,1,1,1,0,200,137,False,False,East,2024-06,0.7064,1
2439,Reese Brown,Ultra,2499,17,0,6,2,3,0,1,1000,86,False,False,East,2024-11,0.79,1
2440,Jamie Brown,Ultra,2499,28,2,1,6,2,0,1,1000,132,False,False,West,2024-04,0.4813,0
2441,Jordan Smith,Basic,699,28,5,7,2,2,0,0,100,249,True,False,East,2024-09,0.8772,1
2442,Jamie Garcia,Premium,1499,35,2,4,8,4,0,1,500,120,False,False,North,2024-07,0.8619,1
2443,Taylor Brown,Premium,1499,21,6,4,4,3,1,1,500,224,True,False,North,2024-01,0.6767,0
2444,Jamie Lee,Plus,999,57,8,6,7,4,1,1,200,125,False,False,North,2024-09,0.94,1
2445,Avery Patel,Basic,699,8,4,6,7,0,0,1,100,195,False,False,East,2024-01,0.8436,0
2446,Jordan Nguyen,Premium,1499,43,1,7,7,5,0,1,500,122,False,False,West,2024-01,0.8578,1
2447,Quinn Nguyen,Premium,1499,1,7,2,1,3,1,1,500,140,False,False,West,2024-06,0.8534,1
2448,Alex Lee,Plus,999,49,8,6,7,5,1,0,200,105,False,False,West,2024-07,0.9339,1
2449,Morgan Johnson,Ultra,2499,8,5,5,6,5,1,0,1000,61,False,False,East,2024-01,0.92,1
2450,Morgan Smith,Premium,1499,27,0,5,5,2,0,1,500,226,True,False,South,2024-04,0.8131,1
2451,Casey Davis,Plus,999,17,5,1,8,1,1,1,200,152,False,True,South,2024-02,0.8049,1
2452,Morgan Patel,Ultra,2499,55,4,6,7,4,1,1,1000,108,False,False,West,2024-12,0.7097,1
2453,Jordan Johnson,Premium,1499,11,7,0,4,5,0,1,500,225,False,False,South,2024-03,0.8797,1
2454,Jordan Davis,Premium,1499,9,3,0,1,1,1,1,500,145,False,False,North,2024-02,0.6608,1
2455,Morgan Patel,Basic,699,37,8,6,3,3,0,1,100,198,False,True,West,2024-01,0.8762,1
2456,Jordan Patel,Ultra,2499,13,5,6,7,1,1,1,1000,143,False,False,East,2024-03,0.9045,1
2457,Riley Brown,Premium,1499,57,0,0,3,5,0,1,500,237,False,True,South,2024-05,0.7584,1
2458,Quinn Patel,Ultra,2499,14,5,2,3,2,1,0,1000,90,True,False,South,2024-01,0.8458,1
2459,Taylor Martinez,Ultra,2499,55,5,6,2,5,0,1,1000,254,False,False,North,2024-12,0.6646,1
2460,Morgan Smith,Basic,699,30,7,0,3,5,1,1,100,274,False,True,East,2024-08,0.6691,1
2461,Reese Patel,Ultra,2499,55,5,4,5,0,0,0,1000,296,False,False,North,2024-12,0.5314,0
2462,Riley Lee,Plus,999,32,5,3,5,5,0,0,200,221,False,True,East,2024-12,0.9099,1
2463,Casey Lee,Ultra,2499,29,1,5,0,5,0,0,1000,211,False,False,North,2024-08,0.79,1
2464,Jordan Brown,Plus,999,19,4,1,8,2,0,0,200,148,False,False,North,2024-12,0.4939,0
2465,Quinn Smith,Ultra,2499,29,7,6,4,4,0,0,1000,89,False,True,East,2024-08,0.9136,1
2466,Reese Nguyen,Plus,999,46,6,1,5,5,1,0,200,256,False,False,East,2024-09,0.8509,1
2467,Avery Davis,Premium,1499,48,5,7,7,3,1,0,500,287,False,True,West,2024-06,0.9308,1
2468,Avery Garcia,Basic,699,45,5,5,6,5,1,0,100,147,True,True,East,2024-10,0.9389,1
2469,Quinn Patel,Premium,1499,6,2,7,0,3,1,0,500,180,False,False,South,2024-07,0.5682,1
2470,Morgan Khan,Ultra,2499,9,0,2,0,1,0,0,1000,248,False,True,West,2024-07,0.5769,1
2471,Jamie Patel,Plus,999,2,3,7,3,2,1,0,200,221,False,False,West,2024-08,0.5742,0
2472,Casey Brown,Premium,1499,26,5,7,4,1,1,1,500,185,False,False,West,2024-08,0.5941,1
2473,Jordan Patel,Basic,699,38,5,4,6,4,1,0,100,302,False,True,East,2024-09,0.9203,1
2474,Avery Patel,Plus,999,22,3,1,2,4,0,1,200,128,False,False,East,2024-05,0.7271,0
2475,Avery Garcia,Premium,1499,34,0,4,0,0,1,1,500,153,True,False,West,2024-12,0.3578,0
2476,Morgan Johnson,Basic,699,57,0,7,3,4,1,1,100,196,False,False,South,2024-11,0.8504,1
2477,Jordan Nguyen,Plus,999,53,0,4,1,1,0,1,200,235,False,False,North,2024-09,0.3465,0
2478,Alex Davis,Basic,699,23,4,2,8,5,1,0,100,202,False,True,North,2024-10,0.8701,1
2479,Avery Nguyen,Premium,1499,56,0,4,2,5,1,0,500,166,False,False,West,2024-10,0.8388,1
2480,Jordan Nguyen,Plus,999,16,8,7,6,3,1,1,200,176,True,False,South,2024-12,0.9286,0
2481,Casey Nguyen,Premium,1499,2,3,7,8,1,1,1,500,157,False,False,South,2024-01,0.8564,1
2482,Reese Martinez,Plus,999,45,3,7,0,1,1,1,200,171,False,True,North,2024-08,0.4991,0
2483,Riley Khan,Basic,699,36,5,1,3,1,0,0,100,134,False,False,North,2024-06,0.7397,1
2484,Alex Martinez,Basic,699,38,2,2,0,1,0,0,100,114,False,False,West,2024-06,0.6787,1
2485,Taylor Johnson,Plus,999,16,0,3,6,0,1,1,200,159,False,False,South,2024-05,0.7591,1
2486,Morgan Khan,Premium,1499,22,7,1,3,3,1,1,500,287,False,False,East,2024-02,0.8453,1
2487,Jamie Davis,Premium,1499,49,2,5,7,5,1,1,500,109,False,False,South,2024-06,0.6076,1
2488,Alex Khan,Basic,699,46,1,5,1,0,0,1,100,76,False,False,South,2024-04,0.6443,1
2489,Morgan Garcia,Ultra,2499,19,6,7,0,5,1,0,1000,276,False,False,North,2024-10,0.9061,1
2490,Alex Johnson,Plus,999,17,6,5,0,1,1,1,200,207,False,False,South,2024-11,0.7644,1
2491,Avery Lee,Plus,999,45,3,3,8,4,0,0,200,96,False,False,East,2024-03,0.6066,1
2492,Taylor Khan,Basic,699,21,5,7,8,5,0,1,100,200,False,False,South,2024-03,0.9136,0
2493,Morgan Khan,Basic,699,25,1,6,2,5,1,1,100,219,False,False,West,2024-12,0.8782,0
2494,Jamie Brown,Basic,699,14,8,5,4,3,1,0,100,164,False,True,South,2024-02,0.9021,1
2495,Reese Lee,Basic,699,50,2,3,2,4,0,1,100,193,False,True,East,2024-12,0.579,1
2496,Taylor Martinez,Premium,1499,18,1,2,5,4,0,0,500,33,False,True,South,2024-06,0.8406,1
2497,Quinn Davis,Plus,999,28,7,3,5,5,1,0,200,171,False,False,West,2024-06,0.9133,1
2498,Morgan Brown,Ultra,2499,42,2,1,3,1,1,0,1000,133,False,True,West,2024-09,0.7394,1
2499,Morgan Johnson,Ultra,2499,25,0,2,3,0,0,1,1000,229,False,True,East,2024-07,0.7478,0
2500,Morgan Johnson,Plus,999,5,6,3,3,0,1,1,200,236,True,False,West,2024-03,0.8224,1
2501,Avery Nguyen,Premium,1499,39,0,4,7,2,0,0,500,150,False,False,East,2024-11,0.7635,0
2502,Reese Garcia,Basic,699,4,1,6,6,1,1,1,100,54,True,False,South,2024-09,0.5964,0
2503,Quinn Johnson,Premium,1499,49,0,5,7,4,1,0,500,231,True,False,North,2024-02,0.8454,1
2504,Riley Brown,Basic,699,3,6,6,0,5,0,0,100,253,False,False,East,2024-07,0.8996,1
2505,Alex Khan,Premium,1499,13,8,1,6,1,1,1,500,128,True,True,West,2024-11,0.8663,1
2506,Reese Patel,Plus,999,55,2,1,6,2,0,0,200,291,False,False,South,2024-09,0.7703,1
2507,Casey Johnson,Ultra,2499,5,1,0,7,1,1,0,1000,180,True,False,North,2024-06,0.7603,1
2508,Jordan Smith,Ultra,2499,7,4,5,3,1,0,0,1000,185,False,True,West,2024-10,0.812,1
2509,Riley Johnson,Plus,999,19,2,2,0,1,0,1,200,32,False,True,East,2024-03,0.4222,0
2510,Reese Davis,Basic,699,8,2,6,6,1,1,0,100,190,False,False,West,2024-12,0.567,0
2511,Morgan Martinez,Basic,699,15,4,3,0,1,0,1,100,175,True,False,West,2024-05,0.717,0
2512,Quinn Lee,Plus,999,33,4,4,0,5,0,1,200,166,False,False,South,2024-10,0.7925,1
2513,Alex Patel,Basic,699,13,3,0,8,3,1,0,100,339,False,False,South,2024-03,0.7729,1
2514,Jamie Patel,Premium,1499,4,4,7,1,2,0,1,500,107,True,True,South,2024-08,0.8586,1
2515,Morgan Brown,Ultra,2499,17,4,4,7,4,0,0,1000,270,False,False,West,2024-05,0.881,1
2516,Avery Khan,Premium,1499,26,8,4,8,3,1,1,500,93,False,False,East,2024-10,0.9197,1
2517,Jamie Nguyen,Plus,999,15,6,6,0,2,1,1,200,231,True,True,North,2024-09,0.6572,1
2518,Alex Khan,Plus,999,23,2,4,0,2,0,0,200,230,False,True,North,2024-03,0.7989,1
2519,Riley Lee,Ultra,2499,24,2,6,6,4,1,0,1000,332,False,False,West,2024-04,0.8815,1
2520,Morgan Davis,Plus,999,17,8,1,3,2,0,1,200,293,False,False,South,2024-10,0.4994,0
2521,Jordan Garcia,Premium,1499,16,5,2,6,0,1,0,500,214,False,False,West,2024-04,0.7784,0
2522,Jamie Patel,Premium,1499,40,7,4,7,2,1,1,500,168,False,False,West,2024-08,0.6429,0
2523,Avery Nguyen,Ultra,2499,30,8,1,4,2,1,1,1000,237,False,False,South,2024-10,0.8594,1
2524,Alex Johnson,Premium,1499,2,5,7,3,3,0,0,500,34,False,False,East,2024-02,0.8944,1
2525,Casey Davis,Premium,1499,57,3,0,7,5,0,0,500,258,False,False,West,2024-11,0.8309,1
2526,Quinn Johnson,Basic,699,25,5,7,2,1,1,0,100,231,False,True,North,2024-05,0.8585,1
2527,Riley Martinez,Ultra,2499,60,1,2,6,2,1,0,1000,203,False,True,South,2024-10,0.7973,1
2528,Alex Nguyen,Premium,1499,59,2,4,1,4,1,0,500,94,False,False,East,2024-11,0.7928,1
2529,Riley Garcia,Ultra,2499,46,3,0,4,1,1,1,1000,229,False,False,East,2024-10,0.7413,1
2530,Riley Lee,Ultra,2499,49,4,4,8,5,0,1,1000,170,False,True,North,2024-12,0.8981,1
2531,Taylor Smith,Ultra,2499,3,2,3,1,0,1,1,1000,158,False,True,West,2024-03,0.775,1
2532,Jamie Khan,Premium,1499,48,4,2,7,1,1,1,500,156,False,False,South,2024-06,0.4822,0
2533,Avery Lee,Plus,999,52,6,6,5,2,1,1,200,232,False,False,South,2024-11,0.8928,1
2534,Reese Nguyen,Plus,999,38,2,5,0,3,1,1,200,182,True,False,West,2024-01,0.8417,1
2535,Riley Lee,Basic,699,17,0,2,5,3,0,0,100,178,False,True,North,2024-07,0.7619,0
2536,Reese Smith,Plus,999,31,0,7,1,1,1,1,200,97,True,False,East,2024-01,0.7421,0
2537,Riley Patel,Ultra,2499,11,0,4,3,4,0,1,1000,222,False,False,West,2024-03,0.7459,1
2538,Alex Johnson,Plus,999,48,5,4,3,0,1,0,200,194,False,False,East,2024-07,0.5013,1
2539,Alex Patel,Basic,699,53,4,6,7,4,0,0,100,182,False,False,North,2024-07,0.9068,1
2540,Casey Lee,Plus,999,26,1,3,4,0,1,0,200,203,True,True,North,2024-12,0.7911,1
2541,Reese Nguyen,Premium,1499,42,0,5,3,5,0,1,500,110,True,False,North,2024-12,0.8403,0
2542,Morgan Johnson,Premium,1499,15,2,6,1,3,0,1,500,185,False,True,North,2024-06,0.7957,1
2543,Alex Lee,Ultra,2499,55,8,6,4,2,1,1,1000,246,True,True,North,2024-01,0.9381,0
2544,Jamie Davis,Ultra,2499,1,5,2,5,0,1,1,1000,178,False,False,North,2024-03,0.837,1
2545,Alex Garcia,Ultra,2499,42,2,5,8,3,0,1,1000,185,False,False,North,2024-07,0.8338,1
2546,Riley Nguyen,Premium,1499,6,7,7,5,0,0,1,500,52,False,False,East,2024-04,0.6045,0
2547,Jordan Johnson,Premium,1499,49,4,5,8,5,0,0,500,82,False,False,South,2024-02,0.7494,1
2548,Riley Patel,Premium,1499,44,6,1,5,1,1,1,500,171,False,False,South,2024-11,0.8232,0
2549,Reese Nguyen,Basic,699,1,1,4,8,5,0,0,100,242,False,False,East,2024-01,0.8364,1
2550,Avery Lee,Ultra,2499,50,4,1,2,3,0,1,1000,126,False,False,North,2024-12,0.4626,0
2551,Jordan Patel,Basic,699,22,8,0,8,0,1,0,100,252,False,False,North,2024-06,0.8062,1
2552,Jamie Brown,Premium,1499,25,3,5,8,5,1,0,500,197,False,False,South,2024-02,0.7072,1
2553,Alex Davis,Ultra,2499,2,2,1,2,2,1,1,1000,208,False,False,South,2024-09,0.4428,0
2554,Morgan Nguyen,Plus,999,26,2,0,7,2,1,1,200,107,False,False,West,2024-01,0.7608,1
2555,Quinn Garcia,Basic,699,47,4,6,5,3,1,1,100,104,False,False,West,2024-07,0.8872,1
2556,Jamie Lee,Plus,999,2,4,5,0,2,0,1,200,146,False,True,East,2024-06,0.6156,1
2557,Taylor Johnson,Plus,999,51,2,2,3,0,1,0,200,177,False,False,West,2024-07,0.3142,0
2558,Jamie Nguyen,Basic,699,58,3,5,5,3,1,1,100,170,False,True,North,2024-12,0.8816,1
2559,Jamie Smith,Premium,1499,57,0,3,5,2,1,0,500,297,False,False,East,2024-10,0.7543,1
2560,Taylor Smith,Basic,699,28,6,5,6,4,0,0,100,69,False,False,West,2024-03,0.9229,1
2561,Alex Lee,Plus,999,27,8,3,1,1,1,1,200,83,False,False,South,2024-10,0.7899,1
2562,Reese Lee,Ultra,2499,54,8,0,2,1,0,0,1000,161,False,False,North,2024-07,0.423,0
2563,Morgan Smith,Basic,699,9,6,4,4,3,0,1,100,228,False,False,East,2024-12,0.5957,1
2564,Avery Garcia,Plus,999,48,1,6,6,3,0,1,200,160,False,False,East,2024-08,0.8345,1
2565,Jordan Martinez,Basic,699,43,0,4,0,4,0,1,100,190,False,False,South,2024-07,0.3952,0
2566,Alex Khan,Ultra,2499,31,7,5,3,1,1,0,1000,210,True,True,South,2024-10,0.6849,1
2567,Alex Smith,Ultra,2499,29,2,7,7,2,1,1,1000,207,False,True,North,2024-11,0.8806,1
2568,Quinn Brown,Basic,699,7,4,4,6,0,0,1,100,69,False,True,West,2024-12,0.8317,1
2569,Casey Davis,Plus,999,52,0,4,7,2,0,1,200,213,False,False,East,2024-08,0.7806,1
2570,Casey Khan,Plus,999,44,2,5,3,1,0,0,200,131,False,False,East,2024-07,0.4064,0
2571,Reese Lee,Premium,1499,27,7,7,8,5,0,1,500,139,False,False,North,2024-04,0.9347,1
2572,Riley Khan,Plus,999,46,1,1,8,2,1,0,200,252,False,False,North,2024-02,0.7444,1
2573,Riley Martinez,Ultra,2499,9,6,3,8,4,1,1,1000,243,False,False,West,2024-11,0.912,1
2574,Casey Davis,Plus,999,52,2,0,0,4,0,0,200,171,False,True,East,2024-03,0.7044,1
2575,Avery Martinez,Basic,699,26,2,5,1,2,1,1,100,232,False,True,North,2024-10,0.802,1
2576,Jamie Johnson,Basic,699,1,4,5,8,5,1,0,100,339,False,False,West,2024-11,0.9074,1
2577,Morgan Brown,Ultra,2499,23,2,4,8,1,0,1,1000,216,True,True,West,2024-03,0.8147,1
2578,Taylor Johnson,Plus,999,49,3,5,3,3,1,1,200,119,False,False,West,2024-08,0.5667,0
2579,Riley Garcia,Premium,1499,35,7,5,0,1,0,0,500,189,False,False,West,2024-10,0.6172,1
2580,Riley Brown,Plus,999,56,8,0,6,0,0,1,200,167,False,False,West,2024-12,0.737,1
2581,Taylor Lee,Ultra,2499,10,1,7,1,1,1,0,1000,199,False,False,South,2024-12,0.3679,0
2582,Avery Khan,Plus,999,25,5,2,5,2,1,1,200,173,False,False,North,2024-08,0.8365,1
2583,Jamie Davis,Plus,999,34,3,4,7,3,1,1,200,235,False,False,North,2024-03,0.8761,1
2584,Jamie Patel,Plus,999,43,6,3,1,4,1,0,200,144,False,False,East,2024-07,0.8566,1
2585,Avery Lee,Premium,1499,5,5,6,6,1,0,0,500,126,False,True,South,2024-12,0.8733,1
2586,Morgan Khan,Basic,699,25,4,0,7,4,1,0,100,201,False,False,North,2024-02,0.5197,0
2587,Alex Brown,Plus,999,39,6,5,2,3,0,1,200,150,False,False,West,2024-08,0.839,1
2588,Morgan Nguyen,Basic,699,31,1,2,6,4,0,1,100,218,False,False,West,2024-01,0.5573,1
2589,Quinn Brown,Basic,699,14,2,6,8,4,0,1,100,88,False,False,South,2024-02,0.5503,0
2590,Casey Garcia,Basic,699,24,7,7,1,5,0,0,100,171,False,True,East,2024-02,0.9005,1
2591,Avery Johnson,Ultra,2499,28,5,5,8,4,0,0,1000,195,False,False,South,2024-12,0.896,1
2592,Riley Garcia,Plus,999,1,2,2,8,5,0,0,200,165,False,False,South,2024-09,0.8551,1
2593,Alex Patel,Premium,1499,47,3,5,6,2,1,0,500,252,False,False,West,2024-05,0.8259,1
2594,Reese Lee,Ultra,2499,44,2,3,1,0,0,1,1000,154,False,True,North,2024-09,0.6968,1
2595,Reese Brown,Basic,699,48,5,1,0,2,0,0,100,115,True,False,West,2024-08,0.7957,0
2596,Morgan Nguyen,Ultra,2499,28,1,3,7,4,1,1,1000,135,False,False,East,2024-07,0.8434,1
2597,Casey Smith,Premium,1499,53,7,7,4,5,1,0,500,218,False,False,South,2024-03,0.9228,0
2598,Alex Smith,Basic,699,40,1,5,0,1,0,1,100,50,False,False,West,2024-04,0.6891,1
2599,Jamie Johnson,Basic,699,39,4,0,5,5,0,1,100,252,False,False,North,2024-10,0.8219,0
2600,Alex Davis,Plus,999,39,1,4,5,4,1,1,200,120,False,False,West,2024-01,0.8543,1
2601,Riley Brown,Basic,699,39,8,1,7,2,1,0,100,156,False,False,West,2024-11,0.8394,1
2602,Jamie Lee,Premium,1499,58,5,7,1,1,0,1,500,190,False,False,West,2024-02,0.8342,1
2603,Riley Khan,Plus,999,22,7,4,7,3,1,1,200,346,False,False,North,2024-03,0.7097,1
2604,Avery Patel,Premium,1499,25,1,1,8,4,1,1,500,261,False,False,South,2024-03,0.8044,0
2605,Jamie Garcia,Basic,699,21,0,5,4,2,0,1,100,108,False,False,East,2024-05,0.4278,0
2606,Casey Lee,Plus,999,18,4,2,4,3,0,1,200,187,True,True,South,2024-04,0.8143,0
2607,Quinn Smith,Plus,999,13,5,3,5,4,1,1,200,167,False,False,North,2024-10,0.8879,1
2608,Riley Johnson,Basic,699,39,6,0,8,3,1,1,100,205,False,False,South,2024-12,0.8636,0
2609,Alex Lee,Plus,999,4,7,7,3,4,0,1,200,200,False,False,West,2024-11,0.8979,1
2610,Avery Garcia,Basic,699,51,0,4,4,2,0,1,100,144,False,False,South,2024-10,0.6943,0
2611,Alex Davis,Basic,699,60,7,3,2,5,0,1,100,304,False,False,South,2024-06,0.8678,1
2612,Quinn Garcia,Premium,1499,43,1,5,6,3,0,0,500,164,False,False,West,2024-03,0.5152,0
2613,Casey Lee,Ultra,2499,43,0,4,0,3,1,1,1000,385,False,False,North,2024-06,0.375,0
2614,Jordan Smith,Ultra,2499,10,6,3,5,0,1,0,1000,149,False,False,North,2024-07,0.8471,1
2615,Quinn Smith,Basic,699,21,6,3,8,3,0,0,100,222,False,False,East,2024-04,0.8873,1
2616,Avery Martinez,Basic,699,19,2,4,1,1,1,0,100,306,False,True,West,2024-12,0.4467,0
2617,Casey Johnson,Premium,1499,34,3,0,6,4,1,0,500,106,False,False,North,2024-07,0.8308,1
2618,Alex Brown,Premium,1499,43,6,0,6,3,1,1,500,201,False,False,East,2024-08,0.8966,1
2619,Quinn Davis,Basic,699,52,0,5,7,3,0,1,100,82,False,False,South,2024-06,0.8293,1
2620,Avery Martinez,Basic,699,2,8,5,5,4,1,0,100,192,False,False,East,2024-06,0.928,1
2621,Casey Johnson,Basic,699,10,4,1,0,2,0,1,100,172,True,False,East,2024-10,0.3737,0
2622,Reese Khan,Basic,699,34,1,6,1,0,1,1,100,232,False,False,North,2024-04,0.7404,1
2623,Jamie Davis,Premium,1499,3,0,0,4,2,1,0,500,248,False,False,South,2024-03,0.7167,1
2624,Morgan Martinez,Basic,699,60,6,4,4,4,0,1,100,138,False,False,North,2024-11,0.5905,0
2625,Morgan Lee,Plus,999,26,4,7,2,1,1,1,200,237,False,False,North,2024-08,0.5482,0
2626,Morgan Davis,Basic,699,51,4,2,4,2,1,1,100,112,False,False,North,2024-01,0.794,1
2627,Jamie Martinez,Basic,699,18,8,6,7,5,0,1,100,147,True,True,West,2024-02,0.924,1
2628,Quinn Brown,Ultra,2499,14,1,7,0,4,0,1,1000,122,False,False,North,2024-04,0.7667,1
2629,Riley Nguyen,Ultra,2499,39,1,2,8,0,1,0,1000,151,True,False,East,2024-07,0.7387,1
2630,Jamie Lee,Basic,699,10,5,3,6,0,0,1,100,66,False,False,West,2024-03,0.8598,1
2631,Morgan Garcia,Ultra,2499,51,4,7,4,2,0,0,1000,267,False,False,West,2024-02,0.838,1
2632,Riley Garcia,Premium,1499,50,7,1,6,0,1,0,500,199,False,False,North,2024-05,0.831,1
2633,Taylor Davis,Ultra,2499,22,0,4,4,0,1,0,1000,263,False,False,East,2024-11,0.6958,0
2634,Casey Smith,Ultra,2499,48,4,5,4,0,0,0,1000,256,False,False,North,2024-05,0.7855,1
2635,Riley Brown,Basic,699,39,3,3,7,1,1,1,100,86,False,False,South,2024-08,0.8233,1
2636,Casey Garcia,Basic,699,20,6,4,4,0,0,1,100,270,False,True,South,2024-05,0.6291,1
2637,Taylor Lee,Plus,999,10,6,2,1,1,1,0,200,96,False,False,North,2024-01,0.8014,1
2638,Jordan Smith,Plus,999,56,7,5,0,2,1,0,200,151,False,False,South,2024-12,0.5909,1
2639,Morgan Nguyen,Ultra,2499,13,3,4,0,5,0,0,1000,77,False,False,South,2024-03,0.8101,1
2640,Jamie Brown,Plus,999,57,6,2,7,3,1,1,200,125,False,False,East,2024-09,0.8789,1
2641,Riley Smith,Ultra,2499,35,7,7,4,4,0,1,1000,135,False,False,North,2024-04,0.9152,1
2642,Avery Nguyen,Ultra,2499,27,8,4,0,5,1,0,1000,251,False,False,West,2024-11,0.8947,1
2643,Morgan Garcia,Basic,699,26,1,3,1,3,1,0,100,293,False,False,South,2024-09,0.7563,1
2644,Avery Garcia,Premium,1499,51,1,0,1,3,1,1,500,94,False,True,South,2024-07,0.4389,0
2645,Alex Khan,Plus,999,33,8,5,3,0,0,1,200,137,False,False,South,2024-10,0.8315,0
2646,Reese Johnson,Plus,999,17,1,5,1,0,1,1,200,290,True,False,South,2024-04,0.7386,1
2647,Taylor Johnson,Basic,699,10,6,2,2,2,1,0,100,75,True,False,East,2024-02,0.8309,1
2648,Jamie Khan,Basic,699,51,3,5,0,3,0,0,100,272,True,False,North,2024-06,0.7981,0
2649,Quinn Nguyen,Basic,699,26,2,1,0,4,1,1,100,185,False,False,West,2024-07,0.762,1
2650,Riley Garcia,Ultra,2499,36,1,6,8,5,0,0,1000,228,False,False,South,2024-08,0.8831,1
2651,Avery Smith,Premium,1499,49,3,0,3,4,0,0,500,165,True,True,West,2024-03,0.8043,1
2652,Morgan Smith,Premium,1499,32,4,5,7,4,0,0,500,240,False,False,North,2024-06,0.8987,1
2653,Reese Khan,Plus,999,37,7,2,5,2,0,0,200,161,False,False,South,2024-09,0.8535,1
2654,Jamie Smith,Premium,1499,19,3,1,8,4,1,1,500,170,False,False,North,2024-01,0.8323,1
2655,Alex Martinez,Premium,1499,49,6,3,6,3,0,1,500,126,False,False,East,2024-11,0.6114,0
2656,Taylor Garcia,Plus,999,35,7,5,0,0,1,1,200,160,False,False,North,2024-12,0.5387,1
2657,Avery Garcia,Basic,699,51,3,5,8,0,1,0,100,123,False,True,East,2024-11,0.8346,1
2658,Casey Patel,Basic,699,6,4,6,0,0,0,0,100,134,False,True,West,2024-03,0.7579,0
2659,Morgan Garcia,Plus,999,5,6,4,2,3,1,0,200,74,False,False,East,2024-01,0.8826,0
2660,Jamie Lee,Basic,699,5,7,1,7,0,1,1,100,166,False,False,North,2024-06,0.8404,1
2661,Alex Davis,Basic,699,36,1,0,0,2,1,1,100,195,False,True,East,2024-03,0.6154,0
2662,Quinn Johnson,Premium,1499,6,7,6,3,2,0,1,500,255,True,False,North,2024-03,0.8911,1
2663,Reese Garcia,Ultra,2499,7,0,6,6,2,1,0,1000,193,True,False,South,2024-06,0.8467,1
2664,Riley Lee,Premium,1499,38,0,5,7,0,1,1,500,143,False,True,West,2024-11,0.7929,1
2665,Jordan Garcia,Plus,999,26,1,5,8,3,0,1,200,213,False,False,South,2024-02,0.7787,1
2666,Morgan Khan,Basic,699,17,2,4,1,1,1,1,100,142,False,False,West,2024-08,0.3945,0
2667,Avery Nguyen,Basic,699,60,7,4,1,4,0,1,100,197,False,False,East,2024-11,0.6316,1
2668,Morgan Martinez,Premium,1499,1,1,1,7,3,0,1,500,125,True,True,North,2024-02,0.5188,1
2669,Avery Patel,Plus,999,55,1,1,7,1,0,0,200,144,False,False,West,2024-06,0.6726,1
2670,Casey Brown,Basic,699,37,1,5,4,1,1,0,100,155,False,False,South,2024-05,0.4864,0
2671,Quinn Smith,Plus,999,18,2,4,1,0,1,1,200,106,False,False,West,2024-07,0.3856,0
2672,Jamie Lee,Plus,999,15,0,6,4,1,0,0,200,60,False,False,West,2024-01,0.4197,0
2673,Morgan Garcia,Basic,699,41,5,2,3,2,1,1,100,156,False,True,West,2024-05,0.8607,1
2674,Jordan Nguyen,Ultra,2499,49,4,5,0,3,0,1,1000,160,False,False,North,2024-12,0.7595,1
2675,Alex Khan,Premium,1499,42,6,3,1,5,0,1,500,40,False,False,North,2024-11,0.8792,1
2676,Morgan Brown,Ultra,2499,4,1,3,0,2,0,1,1000,222,False,False,East,2024-08,0.7244,1
2677,Morgan Garcia,Plus,999,24,7,3,6,4,1,0,200,191,True,False,East,2024-03,0.9244,1
2678,Jamie Khan,Ultra,2499,52,5,0,4,0,0,1,1000,142,True,False,North,2024-09,0.778,1
2679,Jamie Smith,Premium,1499,42,0,5,2,4,0,1,500,65,False,False,East,2024-01,0.7798,1
2680,Jordan Garcia,Basic,699,34,4,7,2,3,1,0,100,53,False,True,South,2024-05,0.6385,0
2681,Jordan Smith,Premium,1499,56,4,0,6,1,1,0,500,176,False,False,North,2024-07,0.7937,1
2682,Avery Nguyen,Basic,699,30,5,2,8,1,0,0,100,184,False,True,East,2024-07,0.7991,1
2683,Riley Nguyen,Premium,1499,49,6,1,6,1,1,0,500,166,False,False,South,2024-05,0.8093,1
2684,Taylor Patel,Plus,999,13,5,7,3,5,1,1,200,275,True,False,East,2024-12,0.724,1
2685,Alex Davis,Ultra,2499,39,3,7,4,0,1,1,1000,145,True,False,East,2024-03,0.8663,0
2686,Jamie Nguyen,Plus,999,43,5,3,0,4,1,1,200,93,False,False,West,2024-08,0.8086,0
2687,Jordan Smith,Ultra,2499,19,2,7,3,3,1,1,1000,103,True,False,North,2024-07,0.8629,1
2688,Avery Smith,Plus,999,6,3,5,1,0,0,0,200,210,False,True,North,2024-08,0.7597,1
2689,Morgan Martinez,Premium,1499,26,4,4,1,1,0,0,500,360,False,True,South,2024-03,0.7196,1
2690,Morgan Khan,Premium,1499,57,7,0,4,1,0,0,500,222,False,False,East,2024-09,0.7643,0
2691,Riley Garcia,Plus,999,8,3,1,6,5,0,0,200,138,False,True,North,2024-10,0.8385,1
2692,Reese Khan,Premium,1499,7,3,1,7,4,1,1,500,116,False,False,South,2024-09,0.6486,1
2693,Reese Patel,Plus,999,35,1,1,3,1,1,0,200,238,False,False,West,2024-03,0.6799,1
2694,Jordan Garcia,Ultra,2499,55,7,0,0,2,0,1,1000,274,False,False,South,2024-04,0.7012,1
2695,Taylor Lee,Basic,699,43,8,2,3,4,1,0,100,86,False,True,East,2024-08,0.838,0
2696,Avery Johnson,Ultra,2499,48,5,3,7,0,1,1,1000,131,False,True,South,2024-04,0.85,1
2697,Jordan Davis,Ultra,2499,27,7,0,6,1,0,0,1000,187,True,False,North,2024-12,0.8267,1
2698,Riley Patel,Premium,1499,22,3,0,3,3,0,0,500,81,False,False,North,2024-04,0.7721,1
2699,Riley Smith,Plus,999,32,3,0,6,0,0,0,200,196,False,False,East,2024-09,0.3894,0
2700,Alex Patel,Basic,699,26,2,4,7,5,1,0,100,47,False,False,West,2024-04,0.6719,0
2701,Riley Smith,Ultra,2499,22,2,0,5,5,0,1,1000,96,False,False,North,2024-03,0.4901,0
2702,Jamie Davis,Basic,699,40,5,7,8,5,0,0,100,217,False,False,East,2024-01,0.9163,1
2703,Taylor Patel,Ultra,2499,35,4,4,5,3,1,1,1000,120,False,False,North,2024-12,0.8734,1
2704,Casey Khan,Premium,1499,17,0,5,1,2,1,1,500,72,False,False,North,2024-10,0.7962,1
2705,Casey Khan,Premium,1499,39,3,0,0,0,0,1,500,165,False,True,North,2024-06,0.6699,1
2706,Avery Brown,Basic,699,37,1,4,4,3,1,1,100,143,False,True,North,2024-01,0.5079,1
2707,Reese Martinez,Ultra,2499,17,5,4,7,3,0,1,1000,126,False,False,West,2024-06,0.6707,1
2708,Alex Garcia,Plus,999,56,4,6,6,1,1,1,200,130,False,True,South,2024-09,0.6563,1
2709,Reese Nguyen,Basic,699,33,1,2,1,3,1,0,100,153,False,False,North,2024-06,0.6623,1
2710,Casey Nguyen,Basic,699,22,0,7,1,3,1,0,100,140,False,False,West,2024-08,0.7452,0
2711,Jordan Johnson,Basic,699,41,0,3,2,5,0,0,100,182,False,False,North,2024-03,0.7274,0
2712,Quinn Nguyen,Premium,1499,59,4,4,6,4,1,1,500,244,False,False,South,2024-05,0.8944,1
2713,Taylor Davis,Plus,999,33,1,1,3,3,0,1,200,167,False,False,East,2024-08,0.7268,1
2714,Quinn Brown,Ultra,2499,48,5,1,4,2,1,0,1000,247,False,False,East,2024-07,0.8216,1
2715,Riley Johnson,Ultra,2499,16,2,4,8,5,1,0,1000,126,False,False,South,2024-08,0.8562,1
2716,Riley Garcia,Premium,1499,55,7,3,7,4,0,1,500,131,False,False,East,2024-02,0.8857,1
2717,Jordan Davis,Ultra,2499,9,8,7,4,3,1,1,1000,187,False,False,West,2024-01,0.9062,1
2718,Riley Patel,Plus,999,58,5,2,6,2,0,1,200,228,False,False,South,2024-02,0.8128,0
2719,Reese Khan,Premium,1499,27,7,5,1,0,1,1,500,176,False,True,West,2024-08,0.6005,1
2720,Jordan Lee,Ultra,2499,31,1,4,0,2,1,1,1000,203,False,True,East,2024-12,0.4307,0
2721,Reese Martinez,Premium,1499,19,4,4,0,5,1,1,500,137,False,True,West,2024-11,0.6023,1
2722,Alex Patel,Premium,1499,23,5,5,7,3,1,0,500,120,False,False,East,2024-03,0.6789,0
2723,Quinn Martinez,Premium,1499,14,0,7,2,3,1,0,500,232,False,False,South,2024-08,0.7985,1
2724,Taylor Khan,Ultra,2499,4,8,4,2,5,1,1,1000,85,True,False,West,2024-10,0.9385,1
2725,Casey Lee,Ultra,2499,44,4,4,8,1,1,0,1000,202,False,True,West,2024-10,0.8347,1
2726,Casey Nguyen,Plus,999,31,7,7,8,2,0,1,200,149,False,False,East,2024-10,0.8906,1
2727,Avery Khan,Ultra,2499,38,5,0,7,1,1,0,1000,299,False,True,North,2024-06,0.7996,1
2728,Riley Brown,Plus,999,14,0,7,0,0,0,0,200,248,False,False,East,2024-12,0.6921,1
2729,Jamie Davis,Plus,999,12,6,2,4,4,1,0,200,135,False,True,West,2024-11,0.8817,1
2730,Jordan Brown,Basic,699,8,2,4,6,2,0,0,100,107,True,True,South,2024-09,0.8305,1
2731,Casey Johnson,Ultra,2499,59,5,5,1,0,0,0,1000,177,False,False,North,2024-06,0.7956,1
2732,Morgan Khan,Premium,1499,10,3,4,3,4,0,1,500,256,False,False,East,2024-03,0.826,1
2733,Jordan Khan,Ultra,2499,16,4,5,0,5,0,0,1000,42,False,False,West,2024-08,0.8649,1
2734,Reese Martinez,Plus,999,53,1,6,2,2,0,1,200,200,False,True,West,2024-10,0.7854,1
2735,Quinn Johnson,Plus,999,45,7,2,6,4,1,1,200,157,False,True,East,2024-10,0.6961,1
2736,Taylor Davis,Ultra,2499,11,8,7,7,2,1,1,1000,286,False,True,East,2024-01,0.9239,1
2737,Reese Patel,Ultra,2499,56,6,5,2,5,1,0,1000,153,False,False,North,2024-11,0.9033,1
2738,Taylor Johnson,Premium,1499,5,0,7,1,4,0,0,500,168,False,False,South,2024-12,0.566,1
2739,Jordan Garcia,Premium,1499,29,8,1,4,4,1,0,500,167,False,False,North,2024-10,0.6288,1
2740,Jordan Khan,Basic,699,57,1,5,8,2,1,1,100,146,False,True,North,2024-04,0.8575,1
2741,Riley Nguyen,Premium,1499,37,3,1,7,2,1,0,500,317,False,False,North,2024-03,0.8202,1
2742,Quinn Davis,Ultra,2499,14,3,7,0,0,0,0,1000,185,False,False,South,2024-07,0.4123,0
2743,Avery Smith,Plus,999,59,2,4,0,0,1,0,200,20,False,False,East,2024-12,0.7314,0
2744,Jordan Lee,Premium,1499,55,1,4,3,2,0,1,500,189,False,True,North,2024-01,0.7832,1
2745,Reese Khan,Plus,999,60,1,1,5,4,1,0,200,130,False,True,West,2024-10,0.7978,0
2746,Reese Johnson,Ultra,2499,39,6,6,0,2,1,1,1000,151,False,False,East,2024-01,0.879,1
2747,Taylor Khan,Premium,1499,49,0,6,4,5,1,0,500,153,False,False,East,2024-05,0.8968,1
2748,Alex Lee,Ultra,2499,7,1,4,8,4,0,1,1000,210,True,False,North,2024-02,0.8318,1
2749,Reese Smith,Ultra,2499,3,8,2,6,3,1,1,1000,171,False,False,East,2024-02,0.8892,0
2750,Quinn Johnson,Premium,1499,50,2,6,7,5,0,0,500,26,False,False,North,2024-06,0.9198,1
2751,Avery Khan,Plus,999,27,8,4,7,0,1,0,200,229,False,False,North,2024-05,0.6059,0
2752,Taylor Nguyen,Ultra,2499,43,8,1,7,5,0,0,1000,191,False,True,East,2024-04,0.8779,1
2753,Avery Garcia,Ultra,2499,26,6,1,0,2,1,0,1000,146,False,False,East,2024-01,0.5141,1
2754,Casey Khan,Ultra,2499,23,1,0,0,3,1,1,1000,106,True,False,East,2024-06,0.6249,1
2755,Jordan Brown,Ultra,2499,52,0,6,6,3,0,0,1000,164,False,True,South,2024-09,0.8401,1
2756,Reese Patel,Plus,999,1,2,1,5,1,1,0,200,189,False,False,South,2024-04,0.7754,0
2757,Taylor Lee,Basic,699,11,0,5,4,2,1,1,100,224,False,False,North,2024-02,0.4797,0
2758,Avery Garcia,Ultra,2499,52,2,0,8,1,1,0,1000,263,False,False,North,2024-03,0.7031,0
2759,Jordan Lee,Ultra,2499,56,2,0,6,5,0,1,1000,215,True,False,East,2024-10,0.8474,0
2760,Morgan Johnson,Basic,699,26,7,6,1,3,1,0,100,93,False,False,East,2024-09,0.8513,0
2761,Avery Martinez,Basic,699,9,5,3,6,4,1,0,100,127,False,False,South,2024-03,0.8798,1
2762,Morgan Brown,Basic,699,25,4,0,7,4,1,0,100,232,False,False,West,2024-02,0.8289,1
2763,Morgan Patel,Basic,699,49,0,0,0,3,1,1,100,120,False,False,South,2024-12,0.6173,0
2764,Morgan Khan,Basic,699,18,6,0,3,5,1,1,100,258,True,False,West,2024-01,0.8735,1
2765,Quinn Davis,Premium,1499,40,0,4,4,3,0,1,500,167,False,False,North,2024-05,0.7691,1
2766,Jordan Davis,Basic,699,11,7,6,4,2,0,0,100,270,True,False,North,2024-06,0.873,1
2767,Quinn Lee,Premium,1499,59,7,5,4,3,0,0,500,272,False,True,East,2024-01,0.8977,1
2768,Avery Garcia,Basic,699,29,2,5,5,1,0,0,100,168,False,True,East,2024-02,0.8526,1
2769,Jamie Garcia,Plus,999,22,2,4,7,0,0,1,200,106,False,False,East,2024-01,0.744,1
2770,Reese Lee,Premium,1499,6,8,0,5,5,0,1,500,93,True,True,North,2024-08,0.7095,0
2771,Reese Khan,Basic,699,22,6,3,3,1,1,1,100,298,False,True,West,2024-09,0.8699,0
2772,Morgan Johnson,Plus,999,33,7,3,0,4,0,1,200,265,True,True,North,2024-07,0.8545,1
2773,Jordan Davis,Basic,699,29,1,2,4,0,0,1,100,154,False,False,North,2024-03,0.5961,1
2774,Alex Davis,Plus,999,58,6,6,4,1,1,1,200,322,False,False,South,2024-02,0.8808,0
2775,Riley Davis,Premium,1499,24,6,1,5,0,1,0,500,145,False,False,South,2024-11,0.8388,1
2776,Quinn Nguyen,Ultra,2499,57,6,3,3,5,0,0,1000,111,False,False,South,2024-04,0.891,1
2777,Quinn Johnson,Basic,699,43,6,0,2,2,0,0,100,167,False,False,North,2024-05,0.464,0
2778,Casey Johnson,Ultra,2499,28,8,4,7,0,1,0,1000,175,False,False,West,2024-06,0.8337,1
2779,Jamie Khan,Plus,999,27,8,0,5,1,1,0,200,185,False,False,South,2024-04,0.5417,0
2780,Jordan Patel,Basic,699,6,8,2,4,3,1,0,100,177,False,False,North,2024-09,0.8728,1
2781,Casey Martinez,Ultra,2499,54,3,6,7,4,0,0,1000,106,False,False,West,2024-01,0.6629,0
2782,Quinn Garcia,Basic,699,57,2,7,0,2,0,1,100,136,True,False,West,2024-06,0.7945,1
2783,Quinn Patel,Ultra,2499,39,2,2,4,0,1,1,1000,182,True,True,North,2024-09,0.4784,0
2784,Quinn Johnson,Premium,1499,57,4,4,8,3,0,1,500,256,False,False,South,2024-05,0.8769,1
2785,Casey Brown,Ultra,2499,59,2,6,0,1,0,0,1000,199,True,False,North,2024-07,0.737,0
2786,Alex Nguyen,Basic,699,21,7,4,3,5,0,1,100,179,False,True,South,2024-08,0.8889,0
2787,Jordan Nguyen,Ultra,2499,7,2,6,8,4,1,0,1000,155,False,False,East,2024-06,0.8863,0
2788,Reese Nguyen,Ultra,2499,13,1,4,2,0,1,1,1000,111,False,True,West,2024-10,0.6718,0
2789,Reese Patel,Plus,999,54,1,7,8,1,1,0,200,133,False,True,West,2024-07,0.8347,1
2790,Riley Martinez,Ultra,2499,34,4,6,4,0,0,1,1000,85,False,False,West,2024-03,0.5206,0
2791,Jamie Davis,Premium,1499,54,6,5,2,2,1,1,500,313,True,False,West,2024-07,0.8969,1
2792,Riley Nguyen,Basic,699,30,2,2,6,3,1,0,100,295,False,True,East,2024-05,0.5618,1
2793,Reese Johnson,Ultra,2499,43,8,3,3,4,0,0,1000,261,False,False,West,2024-03,0.5966,0
2794,Jordan Brown,Ultra,2499,12,6,6,1,0,0,1,1000,134,False,False,North,2024-09,0.7444,1
2795,Reese Johnson,Plus,999,27,2,7,3,5,1,0,200,263,False,True,North,2024-03,0.9056,1
2796,Alex Brown,Basic,699,38,6,1,4,4,0,0,100,141,True,False,West,2024-07,0.8559,1
2797,Taylor Patel,Premium,1499,20,3,0,0,0,1,1,500,127,False,True,West,2024-12,0.6786,0
2798,Alex Johnson,Premium,1499,12,2,5,8,4,1,0,500,258,True,False,South,2024-03,0.615,0
2799,Taylor Lee,Basic,699,3,7,0,8,5,1,0,100,208,False,False,North,2024-04,0.8917,1
2800,Casey Lee,Basic,699,2,6,4,2,1,1,1,100,187,False,False,East,2024-10,0.8543,1
2801,Taylor Martinez,Plus,999,59,6,5,0,2,0,1,200,166,False,False,East,2024-02,0.5211,1
2802,Avery Brown,Premium,1499,45,5,3,8,4,1,1,500,165,False,False,West,2024-06,0.9102,1
2803,Morgan Smith,Basic,699,44,5,5,2,4,0,0,100,209,True,False,West,2024-05,0.8779,1
2804,Riley Brown,Ultra,2499,30,4,4,4,1,0,0,1000,91,False,False,West,2024-09,0.7963,0
2805,Avery Johnson,Basic,699,19,7,7,2,2,1,1,100,242,False,False,South,2024-11,0.8717,1
2806,Reese Smith,Ultra,2499,41,1,0,0,4,1,1,1000,226,False,True,South,2024-10,0.7816,1
2807,Alex Lee,Basic,699,9,8,2,6,2,1,1,100,252,False,True,South,2024-05,0.878,1
2808,Morgan Brown,Ultra,2499,37,1,5,8,5,1,0,1000,144,False,False,West,2024-06,0.8385,1
2809,Alex Davis,Plus,999,59,4,4,0,5,1,0,200,168,False,True,South,2024-02,0.8558,1
2810,Quinn Smith,Premium,1499,16,5,7,8,5,1,1,500,207,False,False,South,2024-12,0.93,1
2811,Riley Martinez,Basic,699,41,1,1,2,3,1,0,100,157,True,False,North,2024-06,0.3551,0
2812,Taylor Johnson,Plus,999,50,7,7,0,3,0,1,200,114,False,False,East,2024-11,0.8595,1
2813,Riley Patel,Plus,999,12,7,6,2,2,0,0,200,300,False,False,North,2024-08,0.8514,1
2814,Morgan Johnson,Ultra,2499,33,3,7,8,3,1,1,1000,202,True,False,South,2024-10,0.9132,1
2815,Jamie Smith,Basic,699,52,8,4,5,2,1,0,100,123,False,False,South,2024-09,0.8813,1
2816,Quinn Khan,Plus,999,26,2,0,1,3,1,0,200,128,False,False,East,2024-03,0.7349,1
2817,Reese Khan,Basic,699,24,5,3,3,1,0,1,100,190,False,False,North,2024-11,0.4812,0
2818,Avery Smith,Premium,1499,58,6,1,6,5,0,1,500,125,False,False,South,2024-02,0.899,1
2819,Avery Johnson,Ultra,2499,34,6,4,5,4,1,0,1000,325,False,False,South,2024-06,0.6811,0
2820,Reese Johnson,Plus,999,7,0,5,3,3,1,0,200,156,True,False,South,2024-12,0.8123,0
2821,Avery Khan,Plus,999,12,6,7,5,1,0,0,200,235,False,False,East,2024-04,0.8552,1
2822,Reese Lee,Premium,1499,29,3,1,4,5,1,1,500,20,False,False,North,2024-10,0.8822,1
2823,Casey Martinez,Ultra,2499,12,4,3,8,2,0,0,1000,233,False,False,North,2024-06,0.7955,0
2824,Quinn Johnson,Premium,1499,1,7,0,5,5,0,0,500,137,False,False,North,2024-01,0.9034,1
2825,Casey Johnson,Ultra,2499,9,0,7,5,4,0,1,1000,281,False,False,West,2024-07,0.8595,1
2826,Alex Lee,Ultra,2499,44,6,0,1,5,1,0,1000,167,False,True,North,2024-02,0.6088,1
2827,Reese Garcia,Ultra,2499,25,4,7,5,3,1,1,1000,170,False,False,South,2024-10,0.9088,1
2828,Reese Khan,Basic,699,22,0,6,8,2,0,0,100,118,False,True,East,2024-07,0.7923,1
2829,Reese Smith,Basic,699,56,6,1,6,2,0,1,100,250,False,False,North,2024-06,0.5432,0
2830,Jordan Patel,Basic,699,32,8,1,6,1,0,0,100,276,False,False,West,2024-02,0.7924,1
2831,Jamie Khan,Ultra,2499,26,1,6,0,1,1,1,1000,176,True,False,East,2024-02,0.4186,0
2832,Jamie Johnson,Ultra,2499,39,6,3,1,4,1,1,1000,180,False,False,West,2024-11,0.5667,1
2833,Quinn Smith,Basic,699,56,2,2,8,1,0,1,100,145,False,False,West,2024-08,0.6994,1
2834,Taylor Nguyen,Premium,1499,50,3,7,5,4,1,1,500,228,False,False,South,2024-08,0.9053,0
2835,Morgan Johnson,Basic,699,56,0,7,1,2,1,1,100,58,False,False,East,2024-01,0.5025,0
2836,Taylor Martinez,Ultra,2499,55,2,1,1,2,1,1,1000,354,False,False,North,2024-05,0.3863,0
2837,Morgan Garcia,Plus,999,19,6,4,1,5,0,1,200,135,True,False,North,2024-10,0.7396,1
2838,Morgan Johnson,Premium,1499,59,6,3,7,4,0,0,500,87,True,False,North,2024-06,0.7033,0
2839,Jordan Davis,Basic,699,2,4,7,0,2,1,1,100,192,False,False,East,2024-11,0.8632,1
2840,Quinn Johnson,Plus,999,40,4,2,7,4,0,0,200,205,False,False,West,2024-09,0.8382,1
2841,Riley Smith,Basic,699,41,6,1,4,2,0,1,100,113,False,False,West,2024-02,0.4922,0
2842,Avery Brown,Premium,1499,11,0,6,7,0,0,1,500,109,False,False,East,2024-09,0.4495,0
2843,Casey Garcia,Ultra,2499,32,5,7,2,2,0,0,1000,140,False,True,East,2024-02,0.8314,1
2844,Jamie Lee,Ultra,2499,23,8,6,2,1,1,1,1000,267,False,False,East,2024-11,0.8551,1
2845,Jamie Smith,Plus,999,12,5,1,0,0,0,0,200,91,False,False,South,2024-04,0.3262,0
2846,Alex Brown,Plus,999,29,7,7,0,4,1,1,200,184,False,True,South,2024-04,0.8662,1
2847,Casey Davis,Plus,999,45,4,4,8,1,0,0,200,203,False,True,North,2024-06,0.8089,1
2848,Morgan Davis,Premium,1499,50,1,5,1,1,1,1,500,299,False,True,South,2024-08,0.7771,1
2849,Taylor Garcia,Ultra,2499,16,1,7,5,1,1,0,1000,152,False,False,South,2024-05,0.4946,0
2850,Reese Lee,Plus,999,37,5,7,6,2,1,0,200,172,False,False,South,2024-06,0.6904,1
2851,Alex Martinez,Premium,1499,47,8,0,4,4,0,1,500,178,True,False,South,2024-09,0.8541,1
2852,Avery Martinez,Ultra,2499,48,2,3,7,0,1,0,1000,184,False,False,West,2024-12,0.4401,0
2853,Jordan Lee,Basic,699,24,5,2,2,3,0,0,100,155,False,False,West,2024-08,0.7441,1
2854,Quinn Martinez,Plus,999,55,2,7,0,1,1,0,200,248,False,False,West,2024-08,0.764,1
2855,Jamie Martinez,Ultra,2499,14,7,1,3,3,1,0,1000,125,False,False,East,2024-04,0.8803,1
2856,Reese Brown,Basic,699,52,2,2,3,5,1,1,100,186,False,False,South,2024-11,0.7981,1
2857,Reese Smith,Premium,1499,8,2,5,6,1,0,0,500,239,True,False,South,2024-05,0.8348,1
2858,Avery Johnson,Ultra,2499,8,3,0,7,0,1,0,1000,207,False,False,South,2024-10,0.7323,1
2859,Jordan Patel,Plus,999,34,2,2,1,3,0,1,200,211,True,False,West,2024-09,0.7351,1
2860,Jordan Smith,Plus,999,27,3,0,5,3,1,1,200,218,False,False,North,2024-11,0.7397,1
2861,Taylor Nguyen,Plus,999,21,2,0,8,4,1,0,200,149,False,True,North,2024-08,0.5959,1
2862,Morgan Smith,Ultra,2499,2,3,6,8,0,1,1,1000,126,False,False,South,2024-08,0.5767,1
2863,Morgan Patel,Ultra,2499,55,7,7,6,1,0,0,1000,148,False,True,North,2024-05,0.6313,0
2864,Riley Brown,Ultra,2499,37,7,5,6,4,1,0,1000,25,True,True,North,2024-02,0.9413,1
2865,Avery Smith,Ultra,2499,11,1,3,1,0,0,1,1000,189,False,False,East,2024-07,0.3105,0
2866,Alex Martinez,Plus,999,7,2,1,7,4,0,1,200,169,False,True,South,2024-12,0.5291,1
2867,Riley Smith,Basic,699,56,1,5,2,0,1,0,100,251,True,False,West,2024-06,0.4065,0
2868,Alex Garcia,Ultra,2499,6,8,1,0,4,1,0,1000,139,True,True,North,2024-08,0.8567,1
2869,Quinn Garcia,Plus,999,26,2,2,3,4,0,0,200,220,False,False,North,2024-03,0.5129,0
2870,Riley Smith,Premium,1499,1,1,4,6,4,1,0,500,136,False,True,West,2024-01,0.8813,1
2871,Avery Garcia,Basic,699,41,4,5,0,5,0,1,100,203,False,False,East,2024-04,0.5327,1
2872,Avery Lee,Ultra,2499,46,2,6,2,2,0,0,1000,181,False,False,East,2024-07,0.7577,1
2873,Taylor Brown,Basic,699,52,5,1,3,1,0,0,100,56,False,False,North,2024-10,0.7747,0
2874,Quinn Lee,Basic,699,31,4,1,3,2,1,1,100,153,False,True,North,2024-04,0.799,1
2875,Riley Lee,Ultra,2499,18,3,3,1,4,1,0,1000,178,False,True,East,2024-02,0.8151,1
2876,Alex Lee,Basic,699,6,4,6,8,1,0,1,100,176,False,True,North,2024-04,0.8382,1
2877,Quinn Martinez,Premium,1499,25,4,2,0,0,0,0,500,277,True,True,North,2024-07,0.6849,1
2878,Alex Patel,Basic,699,26,0,1,7,2,0,1,100,166,False,True,South,2024-07,0.6908,1
2879,Quinn Khan,Premium,1499,26,1,6,2,5,0,1,500,219,False,False,West,2024-06,0.8335,0
2880,Casey Brown,Plus,999,1,2,0,4,4,1,0,200,143,False,False,West,2024-11,0.8173,1
2881,Quinn Patel,Basic,699,17,4,2,7,0,1,1,100,182,False,True,East,2024-06,0.8157,1
2882,Jamie Brown,Basic,699,10,0,6,5,2,1,0,100,111,False,False,East,2024-03,0.7719,1
2883,Riley Patel,Plus,999,27,1,0,0,4,0,1,200,187,False,False,North,2024-05,0.653,0
2884,Alex Nguyen,Plus,999,54,3,6,0,3,1,0,200,223,False,False,North,2024-03,0.5295,1
2885,Reese Patel,Basic,699,13,4,1,7,3,0,0,100,194,False,False,East,2024-05,0.775,1
2886,Casey Davis,Basic,699,25,3,7,0,2,1,0,100,312,False,False,South,2024-04,0.7966,1
2887,Casey Khan,Basic,699,2,8,2,6,5,1,1,100,228,False,True,North,2024-07,0.9133,1
2888,Reese Nguyen,Ultra,2499,17,7,5,6,1,1,0,1000,201,False,False,North,2024-12,0.867,1
2889,Taylor Lee,Plus,999,23,7,0,2,4,1,0,200,211,True,False,East,2024-02,0.5638,1
2890,Alex Smith,Premium,1499,10,0,3,2,5,1,1,500,182,False,True,North,2024-10,0.8354,1
2891,Quinn Brown,Plus,999,52,0,5,3,0,1,1,200,93,False,True,South,2024-01,0.3746,0
2892,Jordan Davis,Basic,699,7,6,7,7,3,0,0,100,212,False,False,North,2024-06,0.7567,1
2893,Casey Khan,Ultra,2499,3,5,7,4,2,1,1,1000,170,True,False,North,2024-05,0.7249,1
2894,Jamie Johnson,Plus,999,36,4,3,1,5,1,1,200,172,False,False,East,2024-10,0.8809,1
2895,Jamie Garcia,Plus,999,48,6,3,2,5,1,0,200,57,True,False,South,2024-08,0.9059,1
2896,Morgan Smith,Basic,699,21,6,6,5,5,0,1,100,66,True,True,South,2024-01,0.914,1
2897,Morgan Johnson,Ultra,2499,25,8,1,6,0,1,0,1000,200,False,False,North,2024-03,0.825,1
2898,Riley Garcia,Plus,999,29,4,3,7,1,0,0,200,160,False,True,East,2024-04,0.8152,1
2899,Riley Martinez,Ultra,2499,48,8,2,6,0,0,0,1000,396,False,False,West,2024-03,0.5103,1
2900,Morgan Garcia,Ultra,2499,57,3,5,4,0,1,1,1000,215,False,False,West,2024-05,0.7879,0
2901,Jamie Brown,Basic,699,50,6,5,2,3,1,0,100,200,False,False,North,2024-09,0.8715,1
2902,Quinn Martinez,Plus,999,36,3,0,1,2,1,1,200,151,False,False,North,2024-07,0.7582,1
2903,Jordan Khan,Basic,699,57,4,1,8,5,0,0,100,262,False,False,South,2024-09,0.8558,1
2904,Riley Smith,Plus,999,17,6,0,8,3,0,1,200,20,False,True,South,2024-12,0.5905,1
2905,Casey Brown,Plus,999,38,3,0,4,2,0,0,200,369,True,False,South,2024-05,0.7399,1
2906,Riley Martinez,Ultra,2499,27,4,2,7,1,1,0,1000,257,False,True,West,2024-11,0.6098,0
2907,Casey Khan,Basic,699,36,1,5,5,1,0,1,100,195,False,False,North,2024-03,0.4094,0
2908,Reese Davis,Basic,699,27,0,3,3,4,1,0,100,20,False,False,West,2024-07,0.5132,1
2909,Quinn Martinez,Basic,699,31,2,6,4,4,0,0,100,122,False,True,North,2024-07,0.8637,1
2910,Jamie Lee,Plus,999,29,3,5,3,0,0,0,200,92,False,False,North,2024-05,0.7427,1
2911,Casey Smith,Plus,999,53,6,2,3,1,0,1,200,182,True,False,West,2024-02,0.8116,1
2912,Taylor Martinez,Plus,999,4,6,7,8,0,0,1,200,101,False,True,North,2024-05,0.9011,1
2913,Morgan Khan,Basic,699,17,4,7,1,1,0,0,100,138,False,True,West,2024-05,0.7593,1
2914,Alex Garcia,Ultra,2499,45,1,7,3,1,1,1,1000,172,False,True,West,2024-04,0.8077,1
2915,Casey Nguyen,Plus,999,27,8,0,6,2,1,1,200,191,True,False,East,2024-11,0.6351,0
2916,Jamie Smith,Plus,999,31,5,6,1,4,1,1,200,163,False,False,West,2024-12,0.8778,1
2917,Casey Patel,Premium,1499,22,8,3,6,0,0,1,500,102,False,False,South,2024-04,0.8459,0
2918,Riley Martinez,Premium,1499,9,4,4,5,0,0,1,500,192,False,False,North,2024-03,0.4818,0
2919,Quinn Patel,Plus,999,40,5,1,6,0,0,0,200,46,False,False,South,2024-10,0.8171,1
2920,Jordan Patel,Premium,1499,14,7,4,1,5,0,1,500,94,False,False,North,2024-09,0.8689,1
2921,Riley Lee,Ultra,2499,50,1,7,0,3,0,0,1000,205,False,True,East,2024-01,0.4355,0
2922,Quinn Garcia,Premium,1499,12,5,0,1,3,1,1,500,75,False,False,East,2024-09,0.7524,1
2923,Avery Johnson,Basic,699,44,7,0,5,3,0,1,100,230,False,False,East,2024-02,0.5146,1
2924,Reese Lee,Ultra,2499,53,1,6,1,5,1,0,1000,384,False,False,West,2024-01,0.8293,1
2925,Alex Lee,Ultra,2499,39,7,1,8,0,1,0,1000,115,False,False,West,2024-10,0.8093,1
2926,Reese Davis,Premium,1499,26,0,6,8,1,1,0,500,197,False,False,South,2024-09,0.7989,0
2927,Morgan Johnson,Ultra,2499,38,6,6,0,4,0,1,1000,222,False,False,North,2024-05,0.6019,0
2928,Taylor Davis,Plus,999,20,8,7,4,2,0,0,200,83,False,False,South,2024-08,0.8389,0
2929,Jamie Patel,Plus,999,57,0,4,4,1,0,0,200,24,True,True,East,2024-06,0.7507,1
2930,Morgan Khan,Basic,699,31,2,5,6,3,1,0,100,158,False,True,South,2024-07,0.8576,0
2931,Morgan Smith,Basic,699,42,5,1,0,2,0,0,100,267,False,False,West,2024-08,0.7621,0
2932,Avery Davis,Plus,999,18,6,7,3,3,0,1,200,156,False,False,West,2024-10,0.847,1
2933,Jamie Brown,Premium,1499,22,4,0,2,4,1,1,500,140,False,False,South,2024-07,0.7925,1
2934,Jordan Brown,Basic,699,16,6,6,7,2,1,1,100,134,False,True,West,2024-09,0.9025,1
2935,Riley Smith,Basic,699,35,3,5,0,5,1,0,100,134,False,False,East,2024-08,0.5627,1
2936,Avery Khan,Premium,1499,20,4,5,2,3,1,0,500,135,True,False,West,2024-11,0.6321,1
2937,Jamie Davis,Premium,1499,6,3,1,4,3,0,0,500,205,False,True,North,2024-04,0.7762,1
2938,Jamie Nguyen,Basic,699,44,0,5,8,3,1,1,100,268,True,False,East,2024-01,0.5307,0
2939,Casey Johnson,Plus,999,21,6,7,7,5,1,1,200,66,False,True,West,2024-08,0.8186,1
2940,Casey Smith,Ultra,2499,48,8,6,1,3,0,0,1000,122,False,False,North,2024-04,0.6337,1
2941,Alex Nguyen,Premium,1499,44,8,6,4,0,1,1,500,20,False,False,East,2024-10,0.8983,1
2942,Avery Garcia,Ultra,2499,20,4,3,4,4,1,1,1000,227,True,True,West,2024-07,0.6189,0
2943,Alex Patel,Plus,999,56,8,3,4,4,0,0,200,76,False,False,South,2024-01,0.9047,1
2944,Alex Smith,Premium,1499,41,5,6,8,3,1,0,500,128,True,True,South,2024-04,0.7359,0
2945,Jordan Smith,Premium,1499,1,4,1,5,5,1,1,500,21,False,False,South,2024-08,0.8897,1
2946,Reese Brown,Ultra,2499,29,3,3,3,1,1,1,1000,164,False,False,South,2024-01,0.4943,0
2947,Jordan Khan,Premium,1499,29,6,6,1,3,0,1,500,82,True,False,North,2024-01,0.5968,1
2948,Avery Nguyen,Plus,999,43,2,6,5,1,0,1,200,211,False,False,East,2024-05,0.8222,1
2949,Jordan Brown,Premium,1499,48,6,7,2,3,1,1,500,70,False,True,South,2024-12,0.9236,1
2950,Casey Patel,Plus,999,53,5,3,5,5,1,0,200,182,False,False,West,2024-03,0.91,1
2951,Riley Brown,Ultra,2499,45,8,1,3,4,1,1,1000,175,False,False,South,2024-12,0.8133,1
2952,Taylor Patel,Basic,699,33,5,0,5,5,0,1,100,169,True,False,East,2024-05,0.8786,1
2953,Alex Martinez,Ultra,2499,40,0,6,1,0,1,1,1000,117,False,False,East,2024-04,0.7009,1
2954,Morgan Garcia,Premium,1499,25,4,3,4,2,0,0,500,167,False,False,North,2024-01,0.736,1
2955,Reese Nguyen,Premium,1499,60,0,7,8,3,0,0,500,296,False,False,South,2024-10,0.5112,1
2956,Quinn Brown,Plus,999,48,2,6,2,0,1,1,200,215,False,False,East,2024-12,0.7571,0
2957,Alex Garcia,Ultra,2499,24,6,5,7,4,0,0,1000,268,False,False,East,2024-04,0.7312,1
2958,Jordan Martinez,Premium,1499,49,7,7,8,1,0,1,500,163,False,False,South,2024-10,0.8683,1
2959,Casey Khan,Ultra,2499,53,5,4,6,5,0,1,1000,235,False,False,West,2024-03,0.8786,1
2960,Taylor Patel,Basic,699,58,3,2,7,0,1,1,100,225,False,False,North,2024-10,0.736,1
2961,Quinn Brown,Ultra,2499,22,2,0,4,3,0,1,1000,267,False,True,North,2024-11,0.7657,1
2962,Jamie Khan,Ultra,2499,32,3,2,0,1,1,1,1000,225,False,False,North,2024-11,0.7196,1
2963,Jordan Johnson,Basic,699,59,8,0,1,0,0,0,100,57,False,False,West,2024-03,0.6837,0
2964,Alex Smith,Premium,1499,60,2,6,1,5,1,1,500,227,False,False,North,2024-01,0.867,1
2965,Casey Garcia,Ultra,2499,22,6,5,2,5,0,0,1000,262,True,False,South,2024-01,0.9122,1
2966,Reese Nguyen,Plus,999,12,1,5,2,4,0,0,200,112,False,False,North,2024-12,0.7722,1
2967,Reese Khan,Basic,699,36,6,0,4,1,0,0,100,187,False,True,South,2024-05,0.7177,0
2968,Jordan Brown,Basic,699,3,6,0,6,0,1,1,100,297,False,True,West,2024-09,0.8384,1
2969,Jordan Khan,Basic,699,35,1,0,0,3,0,0,100,265,False,False,North,2024-12,0.2503,0
2970,Morgan Johnson,Basic,699,48,5,6,4,3,1,1,100,267,False,False,East,2024-08,0.9187,1
2971,Reese Martinez,Ultra,2499,56,5,4,7,4,0,0,1000,87,False,False,South,2024-12,0.9034,1
2972,Jamie Martinez,Ultra,2499,21,2,3,0,4,0,1,1000,180,False,True,East,2024-04,0.413,0
2973,Jamie Johnson,Plus,999,2,7,0,0,0,0,1,200,214,False,False,East,2024-05,0.7261,1
2974,Alex Martinez,Premium,1499,51,1,6,3,4,0,1,500,137,True,False,South,2024-11,0.6213,1
2975,Avery Martinez,Plus,999,6,7,2,6,1,0,0,200,63,False,False,East,2024-09,0.8047,0
2976,Riley Khan,Ultra,2499,57,1,1,2,2,0,1,1000,189,False,False,North,2024-07,0.6778,0
2977,Casey Nguyen,Plus,999,6,1,2,7,0,1,0,200,129,True,False,North,2024-11,0.767,0
2978,Casey Martinez,Premium,1499,9,1,5,2,3,1,0,500,217,False,False,North,2024-01,0.8262,1
2979,Jamie Lee,Ultra,2499,34,6,4,6,5,1,0,1000,171,False,False,East,2024-10,0.9322,1
2980,Jamie Lee,Plus,999,41,7,4,2,2,0,1,200,148,False,False,West,2024-12,0.8662,1
2981,Jamie Lee,Basic,699,25,6,0,3,5,0,0,100,123,False,False,North,2024-02,0.6401,0
2982,Riley Khan,Basic,699,44,7,1,5,5,0,1,100,182,False,False,South,2024-03,0.5778,0
2983,Jamie Patel,Plus,999,22,6,1,1,2,1,0,200,275,False,False,East,2024-02,0.7939,0
2984,Avery Lee,Ultra,2499,12,8,1,5,5,1,1,1000,239,True,False,South,2024-01,0.9208,1
2985,Riley Davis,Basic,699,41,8,3,4,1,1,0,100,203,False,False,North,2024-12,0.8236,1
2986,Reese Nguyen,Plus,999,19,7,2,4,5,1,0,200,248,False,False,South,2024-02,0.8899,1
2987,Taylor Davis,Basic,699,40,6,4,7,2,0,0,100,228,True,False,East,2024-09,0.8425,1
2988,Morgan Nguyen,Premium,1499,7,6,2,8,5,0,1,500,211,False,False,South,2024-07,0.6713,1
2989,Jordan Davis,Basic,699,56,2,5,8,0,0,1,100,295,False,False,East,2024-01,0.4784,0
2990,Jordan Johnson,Ultra,2499,56,4,4,7,3,1,0,1000,196,False,True,West,2024-10,0.8987,1
2991,Alex Patel,Plus,999,5,7,5,1,3,0,0,200,110,False,False,East,2024-06,0.66,1
2992,Morgan Garcia,Basic,699,23,7,4,5,5,0,1,100,319,False,False,West,2024-09,0.9071,1
2993,Reese Lee,Plus,999,30,6,0,7,4,0,0,200,291,False,False,South,2024-11,0.8422,1
2994,Casey Garcia,Plus,999,19,8,1,6,0,0,1,200,124,False,False,West,2024-07,0.7869,1
2995,Jordan Smith,Premium,1499,7,1,1,0,5,0,1,500,210,False,False,South,2024-10,0.7253,1
2996,Alex Johnson,Plus,999,52,5,4,4,4,0,0,200,217,True,False,South,2024-08,0.8855,1
2997,Morgan Patel,Premium,1499,13,0,1,7,2,1,1,500,110,False,False,North,2024-09,0.4422,0
2998,Reese Lee,Plus,999,11,0,6,4,0,1,1,200,240,False,False,South,2024-12,0.755,1
2999,Avery Patel,Plus,999,53,6,5,8,3,0,0,200,260,False,True,West,2024-06,0.8847,0
3000,Casey Martinez,Basic,699,24,8,0,1,4,0,0,100,212,False,True,East,2024-04,0.7832,1
3001,Taylor Nguyen,Ultra,2499,41,2,2,0,1,0,1,1000,102,True,False,North,2024-07,0.6649,1
3002,Avery Smith,Ultra,2499,25,6,2,1,2,1,0,1000,114,False,False,North,2024-10,0.8066,1
3003,Casey Nguyen,Ultra,2499,47,2,2,4,1,1,0,1000,165,False,False,South,2024-05,0.7783,1
3004,Quinn Lee,Ultra,2499,42,4,5,5,4,0,0,1000,157,False,False,South,2024-04,0.856,1
3005,Riley Lee,Ultra,2499,55,2,3,4,3,0,0,1000,259,False,True,North,2024-06,0.7916,0
3006,Taylor Khan,Plus,999,2,2,6,1,2,0,1,200,175,True,False,East,2024-11,0.8201,1
3007,Riley Brown,Basic,699,18,5,4,8,0,0,0,100,193,False,True,East,2024-06,0.8512,1
3008,Avery Patel,Premium,1499,3,0,2,6,1,1,1,500,213,False,False,West,2024-11,0.4136,0
3009,Jamie Smith,Basic,699,23,7,0,1,4,1,1,100,332,False,False,East,2024-08,0.8233,1
3010,Jordan Smith,Premium,1499,23,5,6,8,0,1,1,500,169,False,False,North,2024-02,0.8864,1
3011,Riley Smith,Plus,999,25,2,4,2,2,1,1,200,197,False,True,East,2024-02,0.8006,1
3012,Casey Nguyen,Premium,1499,45,4,6,0,4,1,1,500,354,False,False,East,2024-09,0.8616,1
3013,Morgan Brown,Basic,699,44,8,3,5,3,0,0,100,157,False,True,North,2024-01,0.8763,1
3014,Casey Martinez,Ultra,2499,20,1,0,4,1,0,0,1000,255,True,True,West,2024-06,0.6579,1
3015,Casey Martinez,Plus,999,60,8,7,6,2,1,1,200,42,False,False,East,2024-09,0.904,1
3016,Taylor Lee,Premium,1499,2,6,6,4,4,1,0,500,65,False,False,West,2024-02,0.7625,1
3017,Quinn Brown,Premium,1499,17,6,4,5,1,0,1,500,215,False,False,South,2024-10,0.5514,0
3018,Casey Davis,Premium,1499,30,0,4,1,5,1,1,500,80,True,False,West,2024-04,0.8235,1
3019,Reese Smith,Premium,1499,42,1,1,8,0,1,0,500,240,False,False,East,2024-11,0.6628,1
3020,Avery Garcia,Plus,999,37,8,1,3,1,0,1,200,237,True,False,West,2024-08,0.8089,1
3021,Reese Nguyen,Ultra,2499,29,7,4,3,3,0,1,1000,246,False,False,East,2024-10,0.6554,1
3022,Jordan Martinez,Ultra,2499,37,4,7,4,4,0,1,1000,334,False,False,South,2024-12,0.8794,1
3023,Riley Davis,Ultra,2499,52,7,6,4,5,1,0,1000,187,False,True,West,2024-11,0.9313,1
3024,Taylor Martinez,Basic,699,41,0,5,3,5,0,0,100,180,False,True,East,2024-12,0.8544,1
3025,Morgan Patel,Premium,1499,60,5,5,8,3,1,1,500,85,False,False,North,2024-11,0.6684,1
3026,Reese Lee,Ultra,2499,34,3,7,3,0,0,1,1000,276,False,False,South,2024-12,0.5083,0
3027,Riley Brown,Plus,999,13,2,5,8,0,0,1,200,154,False,False,North,2024-02,0.7938,0
3028,Avery Smith,Plus,999,22,1,4,2,4,1,0,200,203,True,False,South,2024-04,0.583,1
3029,Casey Nguyen,Basic,699,3,6,0,7,3,0,1,100,185,False,True,West,2024-01,0.6465,0
3030,Jordan Lee,Plus,999,47,5,6,4,0,1,0,200,364,False,False,West,2024-01,0.8532,1
3031,Reese Martinez,Basic,699,18,3,5,1,3,0,0,100,183,False,False,East,2024-01,0.5171,0
3032,Alex Nguyen,Premium,1499,11,6,0,2,5,0,1,500,154,False,False,South,2024-05,0.6566,1
3033,Morgan Brown,Basic,699,49,6,1,1,1,0,0,100,192,False,False,South,2024-08,0.7309,1
3034,Jordan Martinez,Basic,699,33,7,0,5,3,0,0,100,121,False,False,West,2024-04,0.8461,1
3035,Morgan Martinez,Plus,999,36,4,3,7,2,1,0,200,240,True,False,East,2024-08,0.8501,1
3036,Alex Patel,Basic,699,30,2,6,6,0,1,0,100,220,False,False,East,2024-01,0.461,0
3037,Morgan Smith,Premium,1499,27,6,5,5,4,0,1,500,192,False,False,West,2024-12,0.9112,1
3038,Riley Garcia,Premium,1499,12,0,4,3,0,0,1,500,299,False,True,North,2024-01,0.6692,0
3039,Taylor Nguyen,Plus,999,25,3,5,1,5,0,1,200,90,False,True,North,2024-03,0.8328,1
3040,Reese Nguyen,Plus,999,36,6,1,4,0,0,1,200,86,False,False,South,2024-05,0.7926,1
3041,Morgan Lee,Basic,699,10,3,2,0,0,0,0,100,288,False,False,South,2024-09,0.6475,1
3042,Taylor Davis,Basic,699,42,7,1,3,2,0,0,100,265,False,False,North,2024-11,0.7958,0
3043,Casey Garcia,Premium,1499,58,8,4,6,5,1,1,500,173,False,False,West,2024-08,0.9227,1
3044,Morgan Garcia,Premium,1499,1,8,3,0,5,1,0,500,158,False,False,South,2024-07,0.603,1
3045,Jamie Khan,Premium,1499,28,7,2,6,0,1,0,500,198,False,False,East,2024-06,0.8353,1
3046,Taylor Smith,Ultra,2499,56,7,3,8,5,0,1,1000,232,False,False,North,2024-05,0.9084,1
3047,Avery Johnson,Plus,999,34,3,3,8,5,0,0,200,168,False,False,South,2024-12,0.5767,1
3048,Taylor Brown,Plus,999,32,0,4,0,5,0,1,200,185,False,True,East,2024-03,0.4777,0
3049,Jamie Nguyen,Premium,1499,25,7,0,8,5,0,0,500,99,False,False,East,2024-01,0.6441,0
3050,Jamie Lee,Plus,999,42,7,4,1,2,0,1,200,196,False,False,South,2024-04,0.7977,1
3051,Alex Khan,Basic,699,47,0,5,3,0,1,1,100,138,False,False,East,2024-01,0.716,0
3052,Quinn Brown,Plus,999,15,2,3,0,0,1,0,200,100,False,False,North,2024-09,0.6775,0
3053,Alex Patel,Ultra,2499,44,7,4,7,5,1,0,1000,117,False,True,South,2024-12,0.9421,1
3054,Jordan Garcia,Ultra,2499,37,2,2,7,5,0,0,1000,343,False,True,East,2024-11,0.8417,1
3055,Jamie Brown,Basic,699,58,5,5,6,1,1,0,100,217,True,False,West,2024-07,0.8677,1
3056,Morgan Smith,Basic,699,48,5,6,4,3,0,0,100,252,False,False,South,2024-05,0.852,1
3057,Morgan Khan,Basic,699,28,5,4,3,1,1,0,100,213,False,True,North,2024-12,0.8174,0
3058,Avery Davis,Basic,699,23,2,4,3,0,0,0,100,165,False,False,West,2024-09,0.3375,0
3059,Casey Brown,Premium,1499,16,1,2,2,2,0,1,500,237,False,False,West,2024-09,0.6714,1
3060,Taylor Brown,Premium,1499,11,8,6,3,0,1,0,500,218,False,True,North,2024-12,0.6079,1
3061,Avery Brown,Premium,1499,34,0,5,6,4,1,0,500,171,True,False,West,2024-05,0.8713,1
3062,Avery Brown,Premium,1499,38,1,0,0,3,0,0,500,126,False,False,East,2024-10,0.3212,0
3063,Alex Lee,Plus,999,2,6,4,0,2,0,0,200,287,True,False,East,2024-11,0.8181,1
3064,Jordan Brown,Basic,699,14,1,5,8,4,1,1,100,262,True,False,West,2024-08,0.8961,1
3065,Avery Smith,Basic,699,17,8,3,5,0,1,1,100,122,True,False,East,2024-12,0.5179,1
3066,Jordan Brown,Basic,699,22,3,6,1,0,1,0,100,201,True,False,West,2024-03,0.7734,1
3067,Riley Smith,Plus,999,49,5,3,4,0,0,1,200,310,True,False,East,2024-01,0.7933,0
3068,Avery Martinez,Premium,1499,23,3,1,0,3,0,1,500,123,False,True,North,2024-08,0.3747,0
3069,Morgan Johnson,Premium,1499,21,2,4,0,4,1,0,500,256,False,False,South,2024-06,0.7932,1
3070,Riley Garcia,Basic,699,7,0,3,1,4,0,1,100,183,False,True,North,2024-03,0.7709,0
3071,Morgan Brown,Plus,999,43,2,7,4,5,0,1,200,146,False,False,East,2024-10,0.6114,1
3072,Casey Brown,Premium,1499,53,0,2,6,3,1,0,500,178,False,False,West,2024-11,0.8073,1
3073,Casey Khan,Basic,699,57,1,0,5,0,0,0,100,221,False,False,East,2024-04,0.2864,0
3074,Morgan Lee,Ultra,2499,32,8,3,6,3,1,0,1000,184,True,True,South,2024-05,0.91,1
3075,Casey Smith,Basic,699,46,3,3,1,2,1,0,100,76,True,True,South,2024-07,0.8218,0
3076,Casey Davis,Basic,699,6,7,2,5,5,0,0,100,312,False,False,West,2024-01,0.8685,1
3077,Riley Johnson,Ultra,2499,50,1,1,0,4,1,0,1000,125,False,False,South,2024-11,0.7067,0
3078,Riley Johnson,Ultra,2499,14,6,0,8,3,0,0,1000,230,False,False,East,2024-01,0.8541,1
3079,Jamie Smith,Basic,699,51,5,5,0,4,0,0,100,168,False,False,North,2024-09,0.5305,1
3080,Casey Garcia,Premium,1499,4,8,0,5,2,1,1,500,186,False,True,East,2024-02,0.8355,1
3081,Quinn Nguyen,Ultra,2499,4,5,0,2,4,0,1,1000,190,False,False,North,2024-12,0.8403,1
3082,Alex Lee,Ultra,2499,32,8,4,0,1,0,0,1000,92,False,False,North,2024-02,0.7522,1
3083,Taylor Smith,Basic,699,45,0,4,3,3,1,0,100,290,False,True,West,2024-06,0.7718,1
3084,Alex Johnson,Premium,1499,4,8,3,8,3,0,0,500,259,False,True,West,2024-08,0.8982,1
3085,Taylor Khan,Ultra,2499,24,3,5,1,2,0,1,1000,168,False,False,West,2024-05,0.4914,0
3086,Taylor Patel,Basic,699,34,1,2,0,3,0,0,100,118,False,False,North,2024-02,0.3452,0
3087,Jamie Patel,Plus,999,55,3,4,1,3,0,0,200,153,False,False,East,2024-02,0.7431,1
3088,Taylor Smith,Ultra,2499,57,6,4,4,2,0,1,1000,203,False,False,West,2024-12,0.5892,0
3089,Taylor Martinez,Plus,999,30,7,2,6,0,0,1,200,169,False,False,North,2024-03,0.7718,1
3090,Reese Davis,Premium,1499,55,6,5,5,4,0,0,500,291,False,False,West,2024-09,0.9162,1
3091,Reese Brown,Plus,999,55,3,7,4,2,0,0,200,247,False,True,East,2024-09,0.834,1
3092,Casey Nguyen,Premium,1499,15,3,7,3,3,0,0,500,58,False,False,South,2024-12,0.8902,1
3093,Alex Smith,Basic,699,34,3,4,2,5,0,0,100,175,True,False,South,2024-11,0.8359,0
3094,Quinn Davis,Plus,999,19,6,1,5,0,0,0,200,209,False,False,West,2024-12,0.4988,0
3095,Alex Martinez,Ultra,2499,3,1,0,6,3,1,1,1000,178,False,True,East,2024-03,0.8418,0
3096,Casey Nguyen,Plus,999,49,3,5,4,5,0,1,200,255,False,False,North,2024-12,0.579,1
3097,Alex Nguyen,Plus,999,48,4,6,6,4,0,0,200,132,False,False,West,2024-01,0.7034,0
3098,Quinn Khan,Plus,999,44,8,3,1,2,0,0,200,20,False,False,North,2024-10,0.5144,1
3099,Quinn Smith,Ultra,2499,2,1,5,0,4,0,0,1000,79,False,False,East,2024-02,0.4971,0
3100,Avery Khan,Premium,1499,23,4,1,8,1,0,1,500,159,False,True,West,2024-12,0.7902,0
3101,Alex Lee,Premium,1499,15,8,2,0,1,1,0,500,141,False,False,West,2024-09,0.755,1
3102,Reese Smith,Basic,699,3,5,3,5,3,1,0,100,340,False,False,West,2024-04,0.7006,1
3103,Taylor Brown,Premium,1499,31,4,1,5,0,1,0,500,98,True,False,West,2024-12,0.5417,1
3104,Reese Johnson,Plus,999,27,4,5,1,3,0,1,200,152,False,False,West,2024-04,0.5248,1
3105,Quinn Nguyen,Basic,699,6,7,4,1,4,1,1,100,175,True,False,North,2024-12,0.8766,1
3106,Riley Garcia,Premium,1499,60,6,2,7,4,0,1,500,248,False,False,East,2024-01,0.659,1
3107,Casey Lee,Premium,1499,23,1,3,7,2,0,0,500,146,False,False,West,2024-06,0.7435,1
3108,Reese Davis,Plus,999,37,3,6,7,2,1,0,200,117,False,False,East,2024-11,0.8353,1
3109,Reese Khan,Plus,999,39,7,5,5,2,0,1,200,180,False,False,South,2024-03,0.8482,0
3110,Riley Johnson,Basic,699,22,4,4,7,3,1,0,100,161,False,False,North,2024-02,0.8943,1
3111,Reese Brown,Plus,999,54,7,0,4,1,1,0,200,263,False,False,North,2024-06,0.79,1
3112,Reese Martinez,Plus,999,2,2,7,3,4,1,1,200,173,False,False,East,2024-01,0.6904,0
3113,Riley Khan,Basic,699,20,6,6,8,5,0,1,100,216,False,False,East,2024-11,0.7409,1
3114,Taylor Garcia,Basic,699,8,5,7,8,3,0,1,100,80,False,False,East,2024-07,0.6876,0
3115,Casey Johnson,Ultra,2499,14,6,7,1,1,1,0,1000,238,True,True,South,2024-02,0.8694,1
3116,Taylor Smith,Ultra,2499,56,1,6,2,2,1,1,1000,200,False,False,South,2024-12,0.4839,0
3117,Reese Martinez,Premium,1499,30,2,2,4,3,1,1,500,167,False,False,West,2024-02,0.7382,1
3118,Avery Davis,Premium,1499,30,2,5,7,4,1,0,500,164,False,False,South,2024-10,0.8962,0
3119,Alex Martinez,Plus,999,19,1,3,7,1,1,1,200,135,False,False,West,2024-02,0.7681,1
3120,Riley Johnson,Plus,999,55,2,1,8,0,1,0,200,127,False,False,North,2024-08,0.7358,1
3121,Alex Patel,Plus,999,53,1,3,1,3,1,1,200,164,False,True,West,2024-05,0.4083,0
3122,Jamie Garcia,Plus,999,24,3,3,2,5,0,0,200,273,True,False,East,2024-12,0.8556,1
3123,Alex Martinez,Premium,1499,38,5,7,7,0,0,0,500,137,False,False,East,2024-07,0.8623,1
3124,Quinn Nguyen,Plus,999,12,0,1,4,1,1,1,200,217,False,False,South,2024-07,0.6913,1
3125,Morgan Smith,Ultra,2499,33,6,3,6,5,1,1,1000,61,False,False,North,2024-01,0.9359,1
3126,Taylor Davis,Ultra,2499,56,7,3,2,5,0,1,1000,140,False,False,East,2024-03,0.8706,1
3127,Quinn Smith,Plus,999,49,1,1,2,2,1,1,200,364,False,False,East,2024-01,0.7017,1
3128,Jamie Davis,Basic,699,37,3,7,2,0,0,0,100,152,False,True,South,2024-12,0.7087,1
3129,Casey Martinez,Basic,699,7,5,0,5,4,1,1,100,277,False,False,West,2024-09,0.8232,1
3130,Reese Nguyen,Basic,699,16,0,4,0,0,1,1,100,109,False,False,North,2024-12,0.6225,1
3131,Jamie Smith,Plus,999,27,0,5,7,2,0,0,200,279,True,False,North,2024-06,0.524,1
3132,Jamie Smith,Basic,699,49,7,1,6,4,0,0,100,168,False,False,West,2024-11,0.8706,0
3133,Jordan Garcia,Basic,699,59,5,4,8,5,0,1,100,137,True,False,North,2024-02,0.9106,1
3134,Morgan Smith,Premium,1499,58,3,6,0,4,1,1,500,185,False,False,South,2024-11,0.6214,1
3135,Alex Johnson,Basic,699,1,6,0,1,2,0,1,100,247,False,False,North,2024-06,0.4711,0
3136,Casey Davis,Plus,999,60,4,0,4,4,1,0,200,154,False,False,East,2024-06,0.835,0
3137,Avery Nguyen,Plus,999,11,4,0,5,5,1,1,200,173,True,False,South,2024-06,0.5788,1
3138,Quinn Patel,Basic,699,45,6,6,7,3,0,1,100,151,True,False,East,2024-11,0.9131,0
3139,Alex Khan,Premium,1499,45,3,4,2,4,0,0,500,243,False,False,South,2024-06,0.8224,1
3140,Quinn Johnson,Plus,999,39,8,0,3,3,0,0,200,95,False,True,North,2024-03,0.5221,0
3141,Alex Garcia,Premium,1499,34,5,3,0,3,1,1,500,187,False,True,South,2024-05,0.8426,1
3142,Reese Martinez,Premium,1499,1,5,0,1,4,0,0,500,244,False,False,North,2024-08,0.8282,1
3143,Morgan Davis,Premium,1499,20,1,2,3,5,1,0,500,138,True,False,East,2024-11,0.8202,1
3144,Jamie Nguyen,Ultra,2499,10,5,5,6,0,1,1,1000,107,True,True,West,2024-01,0.6824,0
3145,Avery Davis,Plus,999,8,5,2,4,0,1,1,200,281,True,True,East,2024-09,0.8135,1
3146,Avery Patel,Ultra,2499,48,5,2,6,0,0,0,1000,163,False,False,East,2024-09,0.5449,0
3147,Casey Khan,Basic,699,5,2,3,3,5,0,0,100,215,False,False,West,2024-06,0.8383,1
3148,Riley Brown,Plus,999,12,3,3,6,4,1,0,200,96,False,False,West,2024-03,0.6346,1
3149,Quinn Nguyen,Basic,699,21,3,0,5,5,1,0,100,114,False,False,East,2024-03,0.8084,1
3150,Avery Lee,Ultra,2499,10,5,7,7,1,0,0,1000,155,False,False,West,2024-05,0.8596,1
3151,Alex Smith,Basic,699,59,5,7,8,5,0,1,100,164,False,True,East,2024-10,0.9058,0
3152,Taylor Davis,Ultra,2499,17,3,5,2,1,0,1,1000,247,False,False,South,2024-05,0.8036,1
3153,Taylor Patel,Basic,699,43,2,0,2,4,0,1,100,43,False,False,North,2024-11,0.7697,1
3154,Morgan Patel,Premium,1499,41,5,7,8,0,0,0,500,123,False,False,West,2024-03,0.8686,1
3155,Reese Nguyen,Plus,999,18,1,3,0,0,0,0,200,175,False,False,East,2024-05,0.2737,0
3156,Reese Davis,Ultra,2499,42,7,0,5,2,0,0,1000,167,False,False,North,2024-11,0.5651,1
3157,Casey Brown,Ultra,2499,26,7,7,2,2,1,1,1000,93,False,False,North,2024-04,0.8891,1
3158,Reese Khan,Ultra,2499,29,2,7,6,1,0,1,1000,257,False,False,West,2024-02,0.8385,1
3159,Alex Davis,Premium,1499,4,5,2,2,0,0,0,500,342,True,False,West,2024-01,0.7651,1
3160,Jamie Khan,Plus,999,16,2,3,8,0,1,0,200,247,False,False,North,2024-07,0.7603,1
3161,Riley Martinez,Premium,1499,44,4,6,7,0,1,0,500,266,True,False,East,2024-02,0.8709,1
3162,Reese Smith,Ultra,2499,9,3,0,3,3,0,1,1000,152,False,False,West,2024-01,0.4815,0
3163,Quinn Khan,Plus,999,26,2,4,5,4,1,1,200,145,False,False,West,2024-02,0.8232,1
3164,Avery Patel,Premium,1499,56,0,0,5,5,1,0,500,143,True,False,West,2024-09,0.5357,1
3165,Casey Patel,Plus,999,47,7,4,8,4,1,0,200,277,False,False,West,2024-10,0.9111,1
3166,Riley Khan,Premium,1499,20,8,6,7,0,0,0,500,272,False,False,West,2024-12,0.8424,1
3167,Jordan Martinez,Premium,1499,38,6,7,8,5,1,1,500,148,False,False,South,2024-12,0.9362,1
3168,Avery Khan,Basic,699,21,6,7,5,2,0,0,100,171,False,False,East,2024-06,0.8821,1
3169,Reese Garcia,Basic,699,31,7,0,4,5,1,1,100,228,False,True,North,2024-02,0.8725,1
3170,Taylor Lee,Plus,999,31,2,5,2,0,0,1,200,189,False,False,East,2024-01,0.7096,1
3171,Morgan Khan,Basic,699,32,7,4,8,2,1,1,100,115,True,False,East,2024-03,0.8941,1
3172,Riley Smith,Premium,1499,10,8,2,2,0,0,0,500,169,True,True,West,2024-05,0.795,1
3173,Avery Davis,Ultra,2499,22,2,0,1,5,1,1,1000,182,False,False,West,2024-04,0.7793,1
3174,Jamie Johnson,Plus,999,11,1,5,6,5,0,0,200,149,True,False,West,2024-12,0.892,1
3175,Avery Smith,Basic,699,44,5,4,4,5,1,0,100,98,False,False,East,2024-02,0.6597,0
3176,Alex Garcia,Basic,699,35,6,7,6,5,0,1,100,374,True,False,South,2024-04,0.9216,1
3177,Morgan Brown,Ultra,2499,21,1,6,7,4,0,1,1000,85,True,False,East,2024-04,0.6615,1
3178,Taylor Martinez,Plus,999,12,0,7,0,2,0,0,200,34,False,True,West,2024-08,0.4121,0
3179,Riley Martinez,Ultra,2499,17,5,3,6,3,1,0,1000,330,False,False,North,2024-08,0.8579,0
3180,Taylor Smith,Ultra,2499,14,8,0,1,0,0,0,1000,41,True,False,South,2024-04,0.7058,1
3181,Casey Martinez,Plus,999,30,7,5,0,2,1,0,200,242,False,True,South,2024-05,0.6268,0
3182,Jamie Nguyen,Premium,1499,27,0,4,1,5,0,1,500,144,True,False,East,2024-06,0.8149,1
3183,Avery Smith,Plus,999,43,7,0,2,0,1,1,200,277,True,False,North,2024-05,0.805,1
3184,Avery Lee,Ultra,2499,43,5,4,4,0,0,1,1000,162,False,False,North,2024-03,0.7417,1
3185,Avery Brown,Basic,699,14,5,6,2,1,1,0,100,122,False,False,East,2024-06,0.83,1
3186,Jordan Garcia,Premium,1499,56,1,1,0,3,1,1,500,161,False,True,South,2024-11,0.7195,1
3187,Taylor Smith,Ultra,2499,33,5,1,2,2,0,1,1000,258,True,False,North,2024-07,0.8222,0
3188,Riley Smith,Plus,999,60,5,3,8,2,0,1,200,167,False,False,West,2024-02,0.8611,1
3189,Quinn Nguyen,Plus,999,43,4,5,8,4,0,1,200,205,False,False,South,2024-04,0.8839,1
3190,Quinn Patel,Plus,999,31,8,3,6,5,0,1,200,243,False,False,West,2024-07,0.9012,1
3191,Casey Patel,Basic,699,31,5,6,5,1,0,0,100,324,True,False,West,2024-06,0.5608,1
3192,Riley Brown,Premium,1499,31,0,2,8,0,0,0,500,143,False,True,South,2024-11,0.3638,0
3193,Casey Smith,Ultra,2499,53,2,7,3,4,0,0,1000,210,False,False,East,2024-10,0.871,1
3194,Jordan Johnson,Plus,999,47,3,6,8,1,0,1,200,178,True,False,North,2024-10,0.8156,1
3195,Reese Brown,Basic,699,43,8,0,8,0,0,1,100,238,True,True,West,2024-12,0.5333,1
3196,Taylor Smith,Premium,1499,54,2,2,7,2,1,0,500,44,False,True,South,2024-12,0.8361,1
3197,Reese Lee,Plus,999,7,5,5,3,1,1,0,200,68,False,False,South,2024-03,0.8362,0
3198,Casey Patel,Basic,699,6,6,5,1,3,0,1,100,116,True,False,East,2024-02,0.6437,1
3199,Jordan Nguyen,Premium,1499,53,7,5,2,5,1,1,500,188,False,False,West,2024-02,0.8926,1
3200,Morgan Johnson,Plus,999,43,0,7,2,1,0,0,200,241,False,False,East,2024-06,0.6648,0
3201,Jamie Khan,Premium,1499,58,1,6,7,5,1,1,500,203,False,False,North,2024-10,0.8816,1
3202,Riley Patel,Ultra,2499,4,2,2,3,3,1,1,1000,154,False,False,East,2024-11,0.5339,1
3203,Reese Smith,Premium,1499,13,4,2,4,4,0,1,500,216,True,True,West,2024-08,0.887,1
3204,Morgan Garcia,Plus,999,10,1,2,4,1,0,1,200,174,False,False,North,2024-04,0.3673,0
3205,Jordan Patel,Ultra,2499,21,1,0,2,4,1,0,1000,149,False,False,South,2024-04,0.4249,0
3206,Riley Garcia,Premium,1499,21,3,5,1,1,1,1,500,210,False,False,East,2024-04,0.4738,0
3207,Quinn Smith,Basic,699,58,6,3,3,2,1,1,100,53,False,False,East,2024-04,0.6082,0
3208,Reese Lee,Premium,1499,20,1,7,6,4,0,0,500,205,True,False,South,2024-10,0.8651,1
3209,Jordan Johnson,Basic,699,12,8,4,5,3,0,1,100,90,False,False,North,2024-10,0.8967,1
3210,Jordan Nguyen,Plus,999,24,4,3,1,2,1,0,200,214,False,False,South,2024-04,0.7783,0
3211,Morgan Johnson,Ultra,2499,30,4,6,1,3,0,1,1000,100,False,False,South,2024-04,0.823,1
3212,Riley Martinez,Ultra,2499,6,2,7,4,3,0,1,1000,271,False,False,East,2024-04,0.8469,1
3213,Morgan Garcia,Premium,1499,55,0,6,7,1,1,1,500,141,False,False,East,2024-02,0.8215,1
3214,Avery Garcia,Basic,699,42,6,7,8,5,1,1,100,122,False,False,West,2024-12,0.8138,0
3215,Morgan Martinez,Plus,999,41,5,5,3,0,1,1,200,274,False,True,West,2024-02,0.8205,1
3216,Alex Patel,Premium,1499,4,3,7,2,3,1,1,500,135,False,False,North,2024-10,0.8187,1
3217,Morgan Smith,Premium,1499,26,3,6,0,1,1,1,500,76,True,False,South,2024-04,0.4873,0
3218,Quinn Johnson,Ultra,2499,32,8,3,4,1,1,1,1000,189,False,True,West,2024-08,0.8533,1
3219,Casey Lee,Plus,999,10,5,4,3,3,1,0,200,85,False,True,West,2024-02,0.6149,0
3220,Reese Martinez,Plus,999,41,5,5,5,1,1,1,200,215,False,False,East,2024-09,0.8664,1
3221,Jamie Brown,Ultra,2499,16,0,7,2,4,1,1,1000,47,False,False,West,2024-10,0.5574,0
3222,Taylor Brown,Plus,999,6,4,1,4,1,0,1,200,83,False,False,North,2024-10,0.7695,0
3223,Avery Nguyen,Plus,999,36,5,7,4,0,1,0,200,234,False,False,West,2024-11,0.8228,0
3224,Jordan Patel,Premium,1499,17,7,6,6,1,0,1,500,126,False,False,West,2024-10,0.8755,1
3225,Avery Brown,Basic,699,26,5,1,4,0,1,0,100,22,False,False,East,2024-07,0.4801,0
3226,Avery Patel,Basic,699,46,1,7,0,4,0,0,100,160,True,False,East,2024-02,0.8243,1
3227,Alex Lee,Plus,999,38,5,0,1,5,0,1,200,103,False,False,West,2024-03,0.7837,1
3228,Casey Martinez,Premium,1499,9,3,7,8,1,0,1,500,74,False,False,East,2024-08,0.8374,1
3229,Jamie Patel,Premium,1499,19,2,6,3,1,0,0,500,97,False,False,East,2024-12,0.8099,1
3230,Reese Brown,Plus,999,46,4,3,0,4,0,1,200,131,True,True,West,2024-01,0.829,1
3231,Morgan Patel,Basic,699,13,5,3,4,0,1,1,100,153,False,False,South,2024-04,0.7649,1
3232,Morgan Garcia,Ultra,2499,8,8,2,1,5,0,0,1000,168,False,False,West,2024-11,0.6154,1
3233,Avery Smith,Ultra,2499,30,8,1,1,5,0,0,1000,95,True,False,South,2024-07,0.8723,1
3234,Taylor Martinez,Premium,1499,29,5,3,5,3,1,1,500,120,False,False,South,2024-06,0.8673,1
3235,Riley Lee,Ultra,2499,16,6,2,4,0,0,0,1000,217,False,False,South,2024-01,0.4552,0
3236,Morgan Davis,Basic,699,17,5,0,0,4,0,0,100,182,False,False,West,2024-03,0.7527,1
3237,Morgan Brown,Premium,1499,16,1,0,6,5,1,0,500,189,False,False,South,2024-08,0.7637,0
3238,Jordan Patel,Basic,699,55,2,4,6,3,0,0,100,51,False,False,East,2024-12,0.8497,1
3239,Quinn Khan,Basic,699,41,5,4,4,2,1,1,100,252,False,True,East,2024-01,0.8473,1
3240,Jamie Martinez,Basic,699,13,2,2,1,5,1,1,100,162,False,False,South,2024-06,0.8044,1
3241,Taylor Davis,Plus,999,37,1,0,3,1,0,1,200,228,True,True,West,2024-03,0.6025,1
3242,Morgan Nguyen,Ultra,2499,12,5,7,5,2,0,0,1000,117,False,False,North,2024-08,0.871,1
3243,Casey Smith,Basic,699,51,2,2,5,0,1,1,100,229,False,False,South,2024-02,0.7965,1
3244,Taylor Davis,Basic,699,55,3,3,4,2,1,0,100,164,False,False,West,2024-06,0.7683,1
3245,Quinn Smith,Premium,1499,55,0,4,4,0,1,1,500,208,False,True,West,2024-07,0.777,1
3246,Alex Garcia,Premium,1499,27,4,5,8,3,1,1,500,187,False,False,East,2024-11,0.878,1
3247,Taylor Lee,Ultra,2499,56,5,0,6,3,1,1,1000,247,False,True,East,2024-10,0.8732,1
3248,Reese Johnson,Ultra,2499,33,7,0,4,1,1,1,1000,108,False,False,East,2024-01,0.8126,1
3249,Taylor Patel,Ultra,2499,54,0,6,3,4,0,1,1000,249,True,False,West,2024-03,0.8554,1
3250,Taylor Khan,Plus,999,12,5,2,1,1,0,0,200,175,True,False,East,2024-05,0.7477,1
3251,Jamie Lee,Ultra,2499,16,5,1,4,4,1,1,1000,265,False,False,North,2024-06,0.836,1
3252,Jamie Garcia,Premium,1499,24,8,3,8,2,0,0,500,210,False,False,East,2024-10,0.8395,1
3253,Avery Garcia,Ultra,2499,38,5,3,5,5,1,0,1000,254,True,False,East,2024-02,0.7133,1
3254,Quinn Davis,Basic,699,32,4,7,3,0,0,0,100,268,False,False,South,2024-04,0.8012,1
3255,Alex Davis,Basic,699,60,0,5,0,2,1,1,100,94,False,True,West,2024-11,0.7762,1
3256,Quinn Brown,Ultra,2499,24,8,3,4,5,1,1,1000,288,False,False,North,2024-01,0.917,1
3257,Avery Lee,Basic,699,57,8,2,8,5,1,1,100,126,False,True,West,2024-09,0.9092,1
3258,Jamie Johnson,Premium,1499,8,5,1,0,4,0,1,500,190,False,False,West,2024-01,0.7798,0
3259,Quinn Nguyen,Basic,699,55,6,1,6,4,1,0,100,298,False,False,North,2024-03,0.8841,1
3260,Taylor Johnson,Ultra,2499,55,5,5,5,4,0,1,1000,20,False,True,West,2024-10,0.9161,1
3261,Taylor Nguyen,Basic,699,53,5,6,4,4,0,1,100,155,False,False,South,2024-08,0.8878,1
3262,Riley Nguyen,Premium,1499,53,1,2,0,4,1,1,500,154,False,False,West,2024-10,0.4579,0
3263,Quinn Khan,Premium,1499,39,4,3,8,2,1,0,500,258,False,False,East,2024-10,0.8597,1
3264,Taylor Nguyen,Ultra,2499,56,0,1,8,4,0,0,1000,156,True,True,West,2024-10,0.8075,1
3265,Jamie Johnson,Plus,999,7,4,3,2,2,0,1,200,181,True,False,North,2024-03,0.7772,1
3266,Avery Brown,Plus,999,16,8,7,0,4,0,0,200,220,False,True,North,2024-09,0.8858,1
3267,Reese Smith,Premium,1499,34,4,3,5,0,1,0,500,287,False,False,East,2024-08,0.5494,0
3268,Morgan Garcia,Premium,1499,40,0,0,2,4,1,0,500,132,True,False,West,2024-01,0.7673,1
3269,Alex Garcia,Plus,999,32,7,4,3,2,0,0,200,113,False,False,East,2024-12,0.8512,1
3270,Taylor Davis,Ultra,2499,15,3,3,5,4,0,0,1000,143,False,True,South,2024-01,0.5613,0
3271,Quinn Smith,Ultra,2499,40,6,5,4,3,0,0,1000,199,True,False,North,2024-11,0.5888,1
3272,Jamie Smith,Basic,699,53,2,4,0,3,1,1,100,57,False,False,East,2024-11,0.783,1
3273,Jamie Lee,Basic,699,49,3,5,0,5,0,0,100,185,False,False,West,2024-09,0.8183,0
3274,Reese Khan,Basic,699,38,2,1,8,2,1,1,100,69,False,False,East,2024-12,0.7733,1
3275,Reese Davis,Plus,999,43,0,4,7,2,1,0,200,207,False,False,East,2024-07,0.4993,0
3276,Reese Lee,Basic,699,17,6,5,1,2,1,1,100,178,False,False,East,2024-08,0.8703,1
3277,Quinn Brown,Plus,999,21,2,6,4,3,1,0,200,207,False,False,North,2024-05,0.5543,1
3278,Taylor Khan,Plus,999,5,3,1,3,3,1,1,200,160,False,True,South,2024-08,0.7841,0
3279,Quinn Nguyen,Basic,699,24,4,2,2,2,0,0,100,172,False,False,North,2024-12,0.4717,0
3280,Reese Garcia,Premium,1499,49,1,2,4,3,0,0,500,227,False,False,West,2024-03,0.4876,0
3281,Taylor Garcia,Ultra,2499,23,3,7,0,5,0,1,1000,158,False,True,West,2024-08,0.6552,0
3282,Alex Garcia,Basic,699,34,5,3,7,2,1,0,100,166,False,False,South,2024-02,0.884,1
3283,Quinn Nguyen,Basic,699,36,8,5,8,4,0,0,100,178,False,False,East,2024-03,0.9142,1
3284,Jordan Davis,Premium,1499,9,0,6,4,1,0,1,500,283,False,False,South,2024-04,0.7579,1
3285,Avery Patel,Ultra,2499,9,0,4,0,4,0,0,1000,195,False,False,South,2024-11,0.7744,0
3286,Riley Smith,Basic,699,44,7,3,1,3,0,0,100,170,True,False,North,2024-11,0.8087,1
3287,Jamie Johnson,Premium,1499,17,7,3,0,3,0,0,500,330,True,False,East,2024-08,0.8277,1
3288,Avery Khan,Basic,699,4,2,4,1,4,0,1,100,191,False,False,East,2024-11,0.8297,1
3289,Casey Johnson,Ultra,2499,37,1,5,2,4,0,0,1000,137,True,False,West,2024-08,0.8004,1
3290,Taylor Nguyen,Premium,1499,55,0,1,8,0,0,1,500,197,False,False,South,2024-08,0.5965,1
3291,Reese Nguyen,Basic,699,25,2,5,7,2,0,0,100,159,False,True,West,2024-07,0.8371,1
3292,Taylor Garcia,Ultra,2499,42,3,4,7,5,0,1,1000,161,False,False,North,2024-07,0.5959,1
3293,Quinn Patel,Plus,999,38,1,2,3,3,0,1,200,291,False,False,North,2024-02,0.4002,0
3294,Taylor Lee,Plus,999,49,1,0,2,3,0,0,200,280,False,False,West,2024-08,0.6595,1
3295,Casey Davis,Plus,999,56,2,2,5,2,1,1,200,118,False,False,East,2024-08,0.7876,0
3296,Taylor Brown,Basic,699,20,5,5,0,1,1,1,100,164,False,False,East,2024-03,0.7709,1
3297,Alex Smith,Ultra,2499,28,7,6,2,1,1,1,1000,282,False,False,West,2024-10,0.5882,0
3298,Reese Nguyen,Plus,999,19,2,0,5,4,1,1,200,51,False,True,East,2024-10,0.8519,1
3299,Jamie Davis,Ultra,2499,6,6,0,3,2,1,0,1000,144,True,False,North,2024-06,0.8174,1
3300,Avery Martinez,Premium,1499,12,1,1,5,2,0,1,500,56,True,False,East,2024-04,0.8117,1
3301,Casey Brown,Ultra,2499,54,8,0,8,4,0,1,1000,89,False,False,East,2024-09,0.864,0
3302,Avery Brown,Premium,1499,17,8,7,5,4,1,1,500,243,False,False,East,2024-03,0.9291,1
3303,Riley Martinez,Plus,999,25,8,2,7,2,1,1,200,175,False,False,East,2024-01,0.8285,0
3304,Jamie Brown,Ultra,2499,59,7,2,5,1,0,0,1000,123,False,True,West,2024-08,0.8413,1
3305,Jordan Patel,Premium,1499,7,1,3,2,2,1,1,500,124,True,False,South,2024-08,0.7808,1
3306,Taylor Patel,Basic,699,47,2,5,6,1,1,0,100,227,False,False,West,2024-06,0.8395,1
3307,Jamie Brown,Plus,999,25,1,3,0,0,1,1,200,94,False,False,North,2024-10,0.7108,1
3308,Quinn Davis,Basic,699,43,0,3,6,3,1,0,100,233,False,False,South,2024-03,0.7941,1
3309,Reese Johnson,Premium,1499,3,1,1,7,0,0,0,500,256,False,False,West,2024-01,0.7747,1
3310,Jamie Smith,Ultra,2499,38,0,7,7,5,0,1,1000,79,False,False,West,2024-10,0.8728,1
3311,Riley Patel,Ultra,2499,20,6,0,1,0,0,1,1000,20,False,False,West,2024-08,0.7328,1
3312,Alex Nguyen,Basic,699,33,3,2,5,5,1,1,100,205,False,True,North,2024-07,0.6234,1
3313,Casey Martinez,Ultra,2499,3,0,7,0,0,0,0,1000,134,False,False,South,2024-12,0.2834,0
3314,Reese Davis,Plus,999,56,0,5,1,5,0,0,200,206,False,False,North,2024-12,0.8173,1
3315,Casey Nguyen,Basic,699,1,6,7,6,4,1,0,100,138,True,False,East,2024-10,0.9425,1
3316,Riley Smith,Plus,999,36,2,2,5,0,1,1,200,70,False,False,East,2024-09,0.7611,1
3317,Taylor Brown,Basic,699,5,7,0,2,2,1,1,100,152,False,False,East,2024-06,0.4814,0
3318,Taylor Brown,Plus,999,58,1,2,5,2,0,1,200,126,False,False,East,2024-01,0.7193,1
3319,Morgan Smith,Plus,999,27,3,3,5,1,0,0,200,206,False,False,East,2024-09,0.7317,0
3320,Riley Brown,Basic,699,10,0,6,1,5,0,0,100,152,True,True,West,2024-08,0.8311,1
3321,Jamie Johnson,Premium,1499,34,2,2,8,5,1,0,500,103,False,True,North,2024-01,0.902,1
3322,Reese Davis,Plus,999,3,6,6,6,3,1,0,200,120,False,True,South,2024-12,0.922,1
3323,Reese Johnson,Basic,699,59,0,4,7,0,1,1,100,111,False,False,East,2024-06,0.7858,0
3324,Taylor Martinez,Premium,1499,30,7,1,3,5,1,0,500,218,False,False,West,2024-09,0.8641,1
3325,Jamie Brown,Ultra,2499,50,3,2,2,3,1,1,1000,257,False,False,East,2024-03,0.8022,1
3326,Morgan Johnson,Ultra,2499,45,4,5,4,5,0,0,1000,198,False,True,North,2024-03,0.8936,1
3327,Casey Martinez,Ultra,2499,21,4,5,3,4,0,0,1000,127,True,True,East,2024-12,0.675,1
3328,Avery Garcia,Plus,999,9,8,6,5,3,1,1,200,141,False,False,North,2024-04,0.9304,1
3329,Jordan Garcia,Plus,999,15,7,6,1,4,0,1,200,91,False,False,North,2024-02,0.8994,1
3330,Riley Johnson,Premium,1499,48,8,1,6,1,0,0,500,172,False,False,South,2024-09,0.5411,1
3331,Avery Davis,Premium,1499,3,1,6,3,4,1,1,500,238,True,False,South,2024-02,0.8705,1
3332,Jamie Brown,Basic,699,4,0,4,4,1,0,0,100,240,True,False,South,2024-01,0.6624,1
3333,Jordan Garcia,Plus,999,29,6,3,8,0,0,1,200,129,False,False,West,2024-08,0.796,1
3334,Taylor Davis,Premium,1499,16,1,0,7,2,0,1,500,92,False,False,East,2024-03,0.7166,0
3335,Taylor Martinez,Plus,999,2,6,4,6,0,1,0,200,207,False,True,North,2024-07,0.8865,1
3336,Quinn Davis,Premium,1499,59,4,0,5,4,1,1,500,196,False,False,East,2024-08,0.8278,1
3337,Reese Smith,Ultra,2499,52,2,4,5,4,1,0,1000,205,False,False,East,2024-06,0.864,1
3338,Alex Nguyen,Basic,699,2,0,1,4,5,1,0,100,245,True,False,West,2024-08,0.8329,1
3339,Morgan Patel,Basic,699,47,5,7,8,3,1,0,100,182,False,False,South,2024-04,0.6716,1
3340,Morgan Garcia,Basic,699,48,2,5,5,1,1,0,100,134,False,False,South,2024-08,0.7937,1
3341,Morgan Nguyen,Plus,999,53,5,2,4,2,1,0,200,157,True,False,North,2024-02,0.8469,1
3342,Quinn Khan,Premium,1499,36,3,6,2,2,0,0,500,230,False,False,East,2024-05,0.5181,1
3343,Reese Martinez,Basic,699,30,1,3,5,5,0,1,100,181,False,False,North,2024-01,0.8237,1
3344,Jamie Davis,Plus,999,22,6,2,7,1,1,1,200,143,False,False,North,2024-07,0.5377,1
3345,Riley Smith,Plus,999,60,8,6,8,5,1,1,200,57,True,False,West,2024-06,0.7967,1
3346,Reese Brown,Basic,699,45,7,5,0,3,1,0,100,213,False,False,East,2024-12,0.8435,1
3347,Taylor Garcia,Basic,699,27,4,3,3,0,0,0,100,163,False,False,East,2024-05,0.7484,1
3348,Jordan Johnson,Basic,699,26,0,3,6,1,0,0,100,216,False,False,East,2024-03,0.3448,0
3349,Morgan Patel,Premium,1499,26,1,3,0,3,0,1,500,249,True,False,East,2024-11,0.7701,1
3350,Alex Garcia,Basic,699,30,4,5,7,5,1,1,100,100,False,True,East,2024-07,0.9077,1
3351,Riley Lee,Plus,999,7,6,3,3,1,1,0,200,263,False,False,South,2024-12,0.8217,1
3352,Casey Johnson,Ultra,2499,45,8,6,6,0,1,0,1000,24,False,False,East,2024-01,0.8721,0
3353,Morgan Smith,Basic,699,60,6,5,0,4,1,0,100,162,False,False,West,2024-09,0.8527,1
3354,Quinn Nguyen,Ultra,2499,49,4,7,4,0,1,0,1000,151,False,False,East,2024-04,0.8368,1
3355,Quinn Garcia,Premium,1499,38,6,0,0,0,0,0,500,282,True,False,North,2024-07,0.7061,1
3356,Avery Garcia,Plus,999,46,2,7,1,4,0,0,200,255,False,False,West,2024-10,0.5731,1
3357,Taylor Smith,Basic,699,30,5,7,6,5,0,0,100,280,False,False,West,2024-12,0.9185,1
3358,Riley Khan,Ultra,2499,9,4,1,5,1,0,0,1000,42,False,False,West,2024-07,0.7972,1
3359,Alex Lee,Plus,999,5,3,1,7,2,0,0,200,253,False,True,West,2024-11,0.8034,1
3360,Riley Smith,Plus,999,32,6,5,1,0,0,1,200,302,False,False,East,2024-02,0.8067,1
3361,Avery Nguyen,Ultra,2499,7,5,4,8,5,0,1,1000,219,True,True,South,2024-05,0.7812,0
3362,Reese Martinez,Plus,999,19,6,0,7,2,1,1,200,203,False,False,East,2024-07,0.7784,1
3363,Riley Brown,Plus,999,8,8,7,3,4,0,0,200,145,False,False,East,2024-09,0.9088,1
3364,Casey Lee,Basic,699,58,5,0,3,0,1,0,100,123,False,False,West,2024-06,0.3909,0
3365,Morgan Martinez,Ultra,2499,40,6,3,8,3,1,1,1000,106,False,False,South,2024-05,0.7345,1
3366,Taylor Patel,Plus,999,17,1,0,6,2,1,0,200,297,False,False,West,2024-07,0.7104,1
3367,Avery Martinez,Ultra,2499,53,7,0,3,4,0,0,1000,190,False,False,West,2024-08,0.5245,0
3368,Quinn Smith,Premium,1499,13,7,1,1,4,0,0,500,223,False,True,East,2024-01,0.8477,1
3369,Alex Garcia,Ultra,2499,48,1,7,3,5,0,0,1000,236,False,False,West,2024-07,0.8569,0
3370,Jamie Khan,Premium,1499,31,8,7,7,4,1,1,500,385,False,False,West,2024-10,0.9195,1
3371,Taylor Nguyen,Basic,699,7,4,1,7,4,1,1,100,60,True,False,North,2024-07,0.8766,0
3372,Morgan Smith,Premium,1499,7,0,3,2,3,1,1,500,70,False,False,East,2024-03,0.4052,0
3373,Alex Garcia,Ultra,2499,52,5,0,3,0,1,0,1000,109,False,True,South,2024-01,0.7372,0
3374,Reese Davis,Plus,999,14,5,2,4,4,1,1,200,113,False,True,West,2024-12,0.6474,1
3375,Riley Johnson,Plus,999,49,7,0,4,2,0,1,200,144,False,False,South,2024-12,0.7847,1
3376,Quinn Nguyen,Plus,999,8,3,5,4,5,1,1,200,242,False,False,South,2024-02,0.8749,1
3377,Avery Smith,Premium,1499,36,5,3,1,1,0,0,500,161,False,False,North,2024-05,0.4638,0
3378,Reese Smith,Premium,1499,7,7,0,3,3,1,0,500,44,False,False,South,2024-04,0.4881,0
3379,Reese Smith,Premium,1499,5,4,7,1,4,1,1,500,204,True,True,West,2024-08,0.9148,0
3380,Avery Khan,Plus,999,7,0,1,7,1,1,1,200,324,False,True,East,2024-02,0.7357,0
3381,Jordan Davis,Ultra,2499,16,1,3,2,2,0,1,1000,237,False,False,West,2024-12,0.7131,1
3382,Morgan Khan,Ultra,2499,26,2,7,1,2,1,1,1000,200,True,False,West,2024-09,0.8582,1
3383,Jordan Khan,Premium,1499,45,7,7,1,5,1,0,500,31,True,False,South,2024-12,0.9316,1
3384,Taylor Khan,Ultra,2499,47,7,0,7,5,0,0,1000,329,True,False,West,2024-03,0.8949,1
3385,Jamie Brown,Premium,1499,13,0,0,3,4,1,0,500,295,False,False,East,2024-07,0.7182,1
3386,Jamie Smith,Basic,699,43,8,6,8,5,1,1,100,177,False,False,South,2024-12,0.7782,1
3387,Alex Khan,Plus,999,25,8,6,8,3,0,0,200,24,False,False,West,2024-09,0.8952,1
3388,Taylor Smith,Ultra,2499,57,5,3,0,4,0,1,1000,103,False,False,South,2024-01,0.8407,1
3389,Avery Davis,Plus,999,23,7,5,0,2,0,0,200,241,True,False,South,2024-12,0.8414,1
3390,Reese Khan,Premium,1499,54,5,5,7,1,0,1,500,237,False,True,West,2024-07,0.6167,0
3391,Quinn Johnson,Ultra,2499,28,0,3,8,1,0,1,1000,264,False,True,South,2024-05,0.7505,0
3392,Morgan Nguyen,Premium,1499,8,7,3,6,4,1,0,500,184,False,False,South,2024-10,0.9047,1
3393,Quinn Garcia,Ultra,2499,53,6,3,8,5,1,0,1000,227,False,True,West,2024-04,0.9218,1
3394,Alex Smith,Ultra,2499,23,2,2,3,2,0,1,1000,248,False,False,South,2024-08,0.7048,1
3395,Jamie Lee,Basic,699,38,8,0,6,4,1,1,100,103,True,True,South,2024-05,0.697,0
3396,Riley Martinez,Basic,699,35,6,7,2,5,0,1,100,173,False,False,North,2024-01,0.8921,1
3397,Jamie Nguyen,Ultra,2499,29,3,7,1,4,0,0,1000,242,False,False,East,2024-07,0.8305,1
3398,Taylor Brown,Plus,999,3,5,3,7,2,0,1,200,165,True,False,West,2024-02,0.6726,1
3399,Avery Johnson,Ultra,2499,32,3,6,5,0,1,0,1000,287,False,False,West,2024-02,0.6049,1
3400,Avery Patel,Plus,999,24,7,2,4,3,1,0,200,160,False,False,South,2024-07,0.8802,1
3401,Jamie Smith,Ultra,2499,9,8,4,3,4,1,0,1000,113,True,False,West,2024-07,0.8942,0
3402,Reese Nguyen,Premium,1499,42,5,0,5,0,1,0,500,20,False,False,South,2024-06,0.8293,1
3403,Casey Brown,Premium,1499,51,5,3,6,2,1,0,500,119,False,False,West,2024-08,0.6156,1
3404,Riley Johnson,Ultra,2499,47,1,5,3,1,0,0,1000,116,True,True,West,2024-06,0.8029,0
3405,Casey Martinez,Ultra,2499,49,6,3,8,5,0,1,1000,153,True,False,West,2024-11,0.9006,1
3406,Alex Davis,Basic,699,10,0,7,5,0,0,0,100,210,False,False,North,2024-06,0.6867,0
3407,Reese Martinez,Plus,999,56,2,2,4,2,1,1,200,121,False,False,South,2024-03,0.3714,0
3408,Casey Davis,Premium,1499,18,1,3,5,5,0,1,500,80,False,False,South,2024-01,0.5565,1
3409,Jordan Smith,Premium,1499,38,0,7,0,2,1,1,500,42,False,True,West,2024-04,0.748,1
3410,Reese Lee,Ultra,2499,19,0,1,1,3,0,0,1000,179,False,False,South,2024-09,0.3097,0
3411,Alex Patel,Plus,999,35,7,6,2,4,0,0,200,319,False,True,East,2024-01,0.918,1
3412,Alex Brown,Premium,1499,25,0,3,1,4,0,0,500,119,False,True,East,2024-12,0.7692,1
3413,Avery Lee,Basic,699,36,4,4,0,4,0,1,100,232,False,False,North,2024-10,0.7942,0
3414,Avery Davis,Premium,1499,33,7,4,8,3,0,1,500,75,False,True,North,2024-12,0.7106,1
3415,Casey Lee,Premium,1499,18,6,1,5,0,0,0,500,167,False,False,South,2024-06,0.4588,0
3416,Morgan Khan,Ultra,2499,28,0,5,0,2,0,1,1000,210,False,False,West,2024-06,0.6786,0
3417,Jordan Davis,Plus,999,38,1,4,7,2,0,1,200,99,True,False,North,2024-12,0.5041,0
3418,Morgan Smith,Ultra,2499,52,0,1,0,1,1,1,1000,207,False,False,North,2024-05,0.2485,0
3419,Avery Davis,Basic,699,7,1,0,2,3,1,0,100,244,False,False,North,2024-04,0.6421,0
3420,Reese Smith,Plus,999,7,4,5,2,1,1,0,200,139,False,False,South,2024-12,0.8008,1
3421,Quinn Davis,Premium,1499,27,5,6,8,3,1,0,500,135,False,False,North,2024-01,0.6996,1
3422,Alex Khan,Premium,1499,59,3,1,5,3,1,0,500,310,False,False,East,2024-04,0.7994,0
3423,Jordan Brown,Basic,699,36,0,7,7,4,1,0,100,350,False,False,North,2024-06,0.8648,1
3424,Casey Johnson,Premium,1499,28,6,1,5,2,0,1,500,186,True,True,West,2024-06,0.8666,1
3425,Casey Johnson,Ultra,2499,35,8,5,4,2,1,0,1000,357,False,False,West,2024-04,0.87,1
3426,Casey Smith,Premium,1499,39,5,0,2,5,0,1,500,101,False,False,South,2024-04,0.8064,1
3427,Alex Martinez,Plus,999,25,6,4,8,2,0,1,200,182,True,False,South,2024-09,0.8508,1
3428,Riley Patel,Basic,699,43,5,3,3,0,1,0,100,181,False,True,South,2024-06,0.8381,1
3429,Jamie Garcia,Plus,999,32,8,4,7,1,1,1,200,190,False,False,South,2024-08,0.6097,1
3430,Alex Khan,Ultra,2499,49,6,1,6,4,0,0,1000,136,False,False,East,2024-11,0.6626,1
3431,Riley Lee,Premium,1499,1,8,7,4,3,1,0,500,122,False,True,West,2024-03,0.9409,1
3432,Alex Brown,Ultra,2499,22,7,7,0,3,0,0,1000,315,False,False,East,2024-02,0.6127,1
3433,Jordan Johnson,Premium,1499,21,1,2,4,0,1,0,500,179,False,False,East,2024-09,0.4072,0
3434,Taylor Patel,Basic,699,43,7,0,6,2,0,1,100,256,False,True,South,2024-08,0.8114,1
3435,Riley Johnson,Basic,699,53,5,6,1,2,1,0,100,143,False,False,North,2024-06,0.8193,1
3436,Reese Lee,Premium,1499,1,1,3,4,0,1,0,500,208,True,True,North,2024-10,0.8006,1
3437,Riley Smith,Basic,699,20,5,1,4,4,1,1,100,85,False,True,West,2024-04,0.8534,1
3438,Avery Davis,Ultra,2499,28,1,0,8,2,0,0,1000,85,False,False,South,2024-08,0.6953,0
3439,Jordan Davis,Basic,699,30,0,4,6,2,1,1,100,218,True,True,North,2024-07,0.8053,1
3440,Riley Smith,Basic,699,33,1,7,3,1,0,0,100,158,True,False,West,2024-04,0.7263,1
3441,Riley Nguyen,Plus,999,14,7,3,6,4,1,0,200,193,False,True,West,2024-01,0.9092,1
3442,Morgan Brown,Premium,1499,14,5,2,2,3,1,1,500,128,False,True,East,2024-04,0.8431,1
3443,Riley Smith,Premium,1499,7,3,5,6,2,0,1,500,192,True,False,North,2024-12,0.5812,1
3444,Morgan Johnson,Ultra,2499,17,0,5,1,2,0,0,1000,76,False,False,North,2024-02,0.7877,0
3445,Jamie Smith,Premium,1499,27,4,0,2,5,1,1,500,135,False,True,North,2024-01,0.8396,1
3446,Taylor Smith,Plus,999,13,8,4,3,2,1,0,200,250,False,False,East,2024-06,0.9105,1
3447,Quinn Davis,Premium,1499,5,7,4,7,2,0,1,500,92,False,False,West,2024-06,0.8964,1
3448,Taylor Garcia,Premium,1499,28,3,3,6,3,1,1,500,130,False,False,South,2024-02,0.8467,1
3449,Alex Khan,Plus,999,15,8,7,5,1,1,0,200,129,True,False,South,2024-06,0.8767,1
3450,Alex Nguyen,Premium,1499,37,8,3,6,4,0,0,500,177,False,False,East,2024-04,0.6269,0
3451,Jamie Smith,Premium,1499,12,1,5,1,3,0,1,500,246,False,False,North,2024-07,0.77,1
3452,Taylor Smith,Premium,1499,31,1,5,7,2,1,0,500,209,True,True,North,2024-01,0.8532,1
3453,Quinn Lee,Basic,699,46,2,3,5,2,0,0,100,154,True,False,South,2024-03,0.4958,0
3454,Riley Garcia,Premium,1499,7,4,2,2,3,0,0,500,98,False,False,South,2024-02,0.7835,1
3455,Jamie Garcia,Premium,1499,42,0,4,5,0,1,1,500,119,False,False,North,2024-02,0.7102,1
3456,Morgan Johnson,Plus,999,12,6,4,2,1,0,1,200,32,False,False,East,2024-07,0.8482,1
3457,Riley Martinez,Plus,999,6,0,5,7,0,1,0,200,131,True,False,North,2024-06,0.806,1
3458,Quinn Johnson,Ultra,2499,28,2,6,0,1,0,1,1000,254,False,True,South,2024-01,0.7245,0
3459,Jamie Garcia,Basic,699,39,5,0,7,5,1,1,100,103,False,False,South,2024-11,0.91,1
3460,Alex Garcia,Premium,1499,36,7,4,6,0,0,0,500,302,False,True,North,2024-01,0.5927,1
3461,Jamie Davis,Ultra,2499,55,5,6,3,3,0,1,1000,198,False,True,West,2024-01,0.6331,0
3462,Alex Garcia,Ultra,2499,27,6,6,8,2,1,0,1000,210,True,False,North,2024-01,0.9107,1
3463,Riley Garcia,Premium,1499,45,4,7,3,4,1,1,500,37,False,False,South,2024-02,0.6483,1
3464,Morgan Lee,Basic,699,60,3,0,2,3,1,1,100,181,True,False,East,2024-09,0.7389,1
3465,Quinn Johnson,Premium,1499,14,4,2,3,0,1,1,500,175,False,True,North,2024-03,0.7482,0
3466,Reese Garcia,Basic,699,28,2,0,8,0,0,1,100,125,True,False,North,2024-06,0.3936,0
3467,Jamie Johnson,Premium,1499,1,5,0,8,2,0,0,500,197,False,False,West,2024-11,0.5346,1
3468,Taylor Brown,Plus,999,51,6,4,1,1,0,1,200,241,False,True,East,2024-12,0.528,0
3469,Morgan Davis,Premium,1499,14,6,0,4,1,1,0,500,281,False,True,East,2024-12,0.8086,1
3470,Casey Johnson,Ultra,2499,34,5,2,7,3,0,0,1000,149,False,False,North,2024-03,0.5461,0
3471,Morgan Lee,Basic,699,60,4,2,8,0,1,0,100,149,True,False,West,2024-10,0.8285,1
3472,Morgan Khan,Basic,699,54,5,1,1,3,1,0,100,270,False,False,South,2024-11,0.8167,0
3473,Jordan Khan,Ultra,2499,1,8,6,0,2,0,1,1000,54,False,False,West,2024-03,0.8882,1
3474,Casey Brown,Plus,999,3,1,5,3,1,0,0,200,51,True,False,South,2024-06,0.8107,1
3475,Reese Smith,Ultra,2499,49,4,1,3,1,0,0,1000,154,False,False,South,2024-10,0.7587,1
3476,Reese Davis,Plus,999,27,6,3,1,2,1,0,200,86,True,False,North,2024-04,0.8612,1
3477,Casey Nguyen,Basic,699,16,1,5,6,5,1,0,100,77,False,False,West,2024-08,0.6341,1
3478,Taylor Davis,Premium,1499,6,4,5,2,1,0,0,500,110,True,False,South,2024-05,0.7715,1
3479,Riley Patel,Ultra,2499,49,3,4,6,2,1,1,1000,186,False,True,South,2024-06,0.6728,1
3480,Reese Khan,Ultra,2499,19,0,6,4,0,0,0,1000,366,False,False,North,2024-06,0.7339,1
3481,Jordan Patel,Plus,999,1,7,5,0,0,1,0,200,258,True,False,South,2024-11,0.556,1
3482,Reese Lee,Premium,1499,9,6,6,3,3,1,0,500,214,False,True,North,2024-03,0.9054,1
3483,Jamie Martinez,Premium,1499,13,6,7,6,4,1,1,500,193,False,False,West,2024-11,0.9353,1
3484,Casey Khan,Ultra,2499,46,3,0,1,5,0,0,1000,139,False,False,South,2024-02,0.77,1
3485,Jordan Johnson,Basic,699,39,6,1,4,4,1,0,100,175,False,False,East,2024-12,0.878,1
3486,Alex Johnson,Basic,699,51,3,4,5,5,0,1,100,105,True,False,South,2024-03,0.8779,1
3487,Riley Martinez,Basic,699,20,1,0,6,3,0,1,100,313,False,False,South,2024-03,0.7676,0
3488,Jordan Garcia,Basic,699,59,8,5,0,3,0,0,100,274,True,False,South,2024-05,0.8537,0
3489,Jordan Smith,Plus,999,4,2,7,3,0,0,0,200,202,False,False,East,2024-11,0.7909,1
3490,Quinn Davis,Plus,999,3,7,2,2,1,0,0,200,289,False,False,South,2024-04,0.4079,0
3491,Riley Johnson,Premium,1499,5,1,1,3,5,1,1,500,87,False,True,West,2024-10,0.6026,1
3492,Reese Brown,Ultra,2499,35,2,3,6,0,1,0,1000,160,True,False,West,2024-06,0.4674,0
3493,Quinn Brown,Ultra,2499,22,7,4,3,0,1,0,1000,92,False,False,North,2024-05,0.8186,0
3494,Morgan Davis,Basic,699,38,8,7,2,0,0,0,100,81,True,True,North,2024-09,0.6488,0
3495,Reese Davis,Basic,699,19,1,1,1,5,1,1,100,178,False,True,East,2024-01,0.7758,1
3496,Reese Garcia,Premium,1499,4,4,4,3,1,1,0,500,221,False,False,North,2024-03,0.85,1
3497,Casey Nguyen,Ultra,2499,6,6,3,6,1,1,0,1000,246,False,False,East,2024-02,0.884,1
3498,Taylor Smith,Plus,999,16,8,1,3,3,0,1,200,135,False,False,North,2024-01,0.5088,1
3499,Morgan Lee,Ultra,2499,55,5,4,1,5,1,0,1000,233,False,False,South,2024-09,0.8733,1
3500,Jamie Patel,Ultra,2499,34,1,1,6,2,1,1,1000,179,False,False,West,2024-02,0.7807,1
3501,Reese Johnson,Basic,699,50,0,2,1,2,1,0,100,234,False,False,North,2024-02,0.6091,1
3502,Morgan Lee,Basic,699,9,3,5,3,2,1,0,100,230,False,True,East,2024-01,0.8313,0
3503,Quinn Brown,Ultra,2499,15,1,6,7,3,1,0,1000,229,True,True,South,2024-08,0.899,1
3504,Avery Brown,Ultra,2499,33,7,1,8,0,0,0,1000,292,False,False,West,2024-12,0.5456,0
3505,Jordan Brown,Ultra,2499,15,0,0,2,4,0,0,1000,274,False,False,East,2024-09,0.4053,0
3506,Avery Patel,Plus,999,2,4,4,4,3,1,1,200,200,True,False,West,2024-04,0.8834,0
3507,Jordan Nguyen,Basic,699,38,7,6,8,5,0,0,100,241,False,True,East,2024-02,0.9376,1
3508,Reese Johnson,Basic,699,14,0,7,6,3,0,1,100,158,True,False,North,2024-07,0.843,1
3509,Casey Davis,Premium,1499,51,8,2,0,4,1,0,500,177,False,False,North,2024-09,0.5454,1
3510,Morgan Davis,Plus,999,15,4,4,4,0,1,1,200,270,False,False,East,2024-08,0.7955,1
3511,Jordan Khan,Ultra,2499,55,3,6,2,0,0,1,1000,323,True,False,East,2024-10,0.7458,1
3512,Quinn Lee,Plus,999,56,3,1,0,0,1,0,200,141,False,False,West,2024-04,0.6491,1
3513,Casey Lee,Plus,999,54,5,4,0,2,1,0,200,259,False,False,West,2024-02,0.8161,1
3514,Jordan Garcia,Ultra,2499,23,6,4,1,5,1,1,1000,201,False,False,North,2024-06,0.8766,1
3515,Jamie Smith,Basic,699,9,0,7,0,0,0,1,100,99,False,False,South,2024-06,0.6634,1
3516,Quinn Brown,Ultra,2499,12,5,5,2,2,1,1,1000,84,True,True,South,2024-04,0.871,1
3517,Jamie Khan,Basic,699,54,8,6,1,4,1,0,100,215,False,False,South,2024-05,0.8768,1
3518,Avery Nguyen,Premium,1499,14,2,1,0,0,0,0,500,292,False,False,South,2024-01,0.6465,1
3519,Alex Khan,Ultra,2499,60,6,5,8,2,0,0,1000,70,False,True,East,2024-07,0.8928,1
3520,Quinn Nguyen,Ultra,2499,3,0,5,0,1,1,0,1000,20,False,True,North,2024-10,0.7413,0
3521,Jordan Khan,Ultra,2499,57,4,3,6,1,1,1,1000,233,True,False,West,2024-08,0.8439,1
3522,Quinn Martinez,Ultra,2499,21,2,6,4,5,0,1,1000,212,False,False,East,2024-12,0.8471,1
3523,Riley Lee,Basic,699,43,4,1,2,2,1,0,100,235,False,False,West,2024-01,0.7478,0
3524,Alex Patel,Premium,1499,3,5,6,2,2,1,0,500,180,False,False,West,2024-08,0.8761,1
3525,Morgan Brown,Basic,699,15,1,3,8,3,0,1,100,90,False,False,North,2024-05,0.759,1
3526,Morgan Lee,Premium,1499,14,8,2,8,5,0,1,500,247,True,False,East,2024-08,0.9137,1
3527,Reese Johnson,Ultra,2499,60,2,3,6,5,0,1,1000,253,False,True,North,2024-04,0.8753,1
3528,Morgan Patel,Premium,1499,52,3,2,1,5,0,1,500,190,False,False,West,2024-02,0.7615,0
3529,Avery Nguyen,Ultra,2499,37,0,1,8,2,1,1,1000,161,False,False,East,2024-02,0.4221,0
3530,Jamie Lee,Premium,1499,26,2,5,7,5,1,0,500,316,True,False,North,2024-03,0.9147,1
3531,Alex Khan,Premium,1499,2,0,0,4,2,1,0,500,287,False,False,West,2024-11,0.406,0
3532,Alex Nguyen,Plus,999,32,5,6,2,1,0,0,200,130,True,False,South,2024-09,0.5591,0
3533,Reese Martinez,Ultra,2499,2,1,3,7,5,1,0,1000,196,False,False,South,2024-01,0.8568,1
3534,Morgan Smith,Plus,999,54,2,3,7,3,1,1,200,153,False,False,East,2024-07,0.8262,1
3535,Riley Martinez,Premium,1499,8,4,4,2,3,0,1,500,292,False,False,East,2024-07,0.7787,1
3536,Jamie Martinez,Premium,1499,26,4,5,1,5,0,1,500,264,True,False,East,2024-07,0.8605,1
3537,Jordan Brown,Premium,1499,6,6,5,2,1,1,0,500,83,False,True,West,2024-08,0.8836,1
3538,Riley Smith,Premium,1499,36,7,7,7,2,1,1,500,231,False,False,North,2024-01,0.7499,1
3539,Alex Khan,Ultra,2499,32,6,0,6,5,1,1,1000,236,False,False,South,2024-01,0.9198,1
3540,Jordan Smith,Premium,1499,26,2,2,1,3,0,1,500,219,False,False,West,2024-06,0.7304,1
3541,Jordan Brown,Basic,699,19,1,3,8,1,1,0,100,204,False,False,West,2024-11,0.7984,1
3542,Alex Lee,Ultra,2499,54,6,0,1,3,0,1,1000,125,False,False,West,2024-01,0.4507,0
3543,Jamie Lee,Plus,999,12,6,4,1,5,0,1,200,158,False,False,East,2024-06,0.5459,0
3544,Jordan Garcia,Ultra,2499,36,7,3,5,0,1,0,1000,189,True,False,South,2024-03,0.8156,1
3545,Alex Lee,Plus,999,42,1,0,0,1,0,1,200,183,False,True,East,2024-08,0.6201,1
3546,Jordan Martinez,Ultra,2499,44,7,3,4,5,0,0,1000,146,False,True,North,2024-04,0.7449,1
3547,Riley Lee,Plus,999,27,6,4,8,1,1,0,200,77,False,False,West,2024-04,0.6832,0
3548,Reese Lee,Premium,1499,49,5,6,2,3,0,0,500,227,False,False,East,2024-05,0.8324,1
3549,Casey Lee,Basic,699,39,0,6,6,0,1,1,100,369,False,False,West,2024-03,0.7721,1
3550,Taylor Khan,Ultra,2499,12,4,4,4,3,0,0,1000,118,True,False,East,2024-03,0.8333,1
3551,Quinn Lee,Premium,1499,38,3,0,8,0,0,0,500,164,True,True,North,2024-06,0.7542,0
3552,Quinn Khan,Basic,699,14,6,4,0,2,1,0,100,187,False,False,South,2024-04,0.8184,1
3553,Riley Martinez,Ultra,2499,31,5,1,0,0,0,0,1000,224,True,False,North,2024-08,0.364,0
3554,Taylor Nguyen,Premium,1499,16,2,6,7,2,1,1,500,44,False,False,North,2024-01,0.8707,0
3555,Reese Lee,Plus,999,35,5,4,3,3,1,1,200,20,False,False,East,2024-09,0.6372,1
3556,Quinn Martinez,Ultra,2499,35,2,2,4,1,0,0,1000,111,False,False,South,2024-06,0.7319,1
3557,Casey Khan,Plus,999,48,2,3,0,3,0,1,200,271,True,False,East,2024-08,0.3864,0
3558,Jordan Nguyen,Basic,699,30,7,2,4,2,1,1,100,254,False,False,East,2024-11,0.8327,1
3559,Morgan Davis,Basic,699,24,6,7,3,0,0,0,100,302,False,False,East,2024-06,0.8184,1
3560,Alex Martinez,Premium,1499,28,8,4,5,4,0,0,500,121,False,False,North,2024-04,0.9058,1
3561,Jordan Patel,Ultra,2499,9,6,3,2,5,1,1,1000,149,True,True,North,2024-10,0.6972,1
3562,Jamie Lee,Plus,999,16,8,7,2,4,0,1,200,146,False,False,East,2024-10,0.8843,1
3563,Jordan Garcia,Basic,699,47,1,6,4,1,0,1,100,273,False,True,East,2024-01,0.3989,0
3564,Jamie Nguyen,Ultra,2499,1,0,0,0,4,0,0,1000,181,True,True,South,2024-03,0.7415,1
3565,Taylor Brown,Premium,1499,25,0,0,4,3,1,0,500,193,False,True,North,2024-02,0.7801,0
3566,Quinn Lee,Ultra,2499,53,5,1,1,3,0,0,1000,174,False,False,North,2024-12,0.7777,1
3567,Alex Patel,Ultra,2499,46,6,0,2,3,0,0,1000,221,False,True,East,2024-01,0.5237,1
3568,Reese Lee,Ultra,2499,53,3,2,7,0,1,0,1000,152,False,False,North,2024-11,0.7937,1
3569,Reese Smith,Ultra,2499,58,4,6,8,3,1,1,1000,134,False,False,East,2024-07,0.8927,0
3570,Jordan Patel,Premium,1499,1,0,0,0,5,0,0,500,143,False,False,East,2024-04,0.7471,1
3571,Taylor Smith,Ultra,2499,16,8,2,3,1,0,1,1000,20,False,False,South,2024-04,0.8234,1
3572,Casey Garcia,Plus,999,47,3,4,5,0,0,1,200,182,False,False,West,2024-06,0.7126,0
3573,Morgan Nguyen,Basic,699,45,0,0,0,2,0,0,100,201,False,False,East,2024-08,0.5869,1
3574,Alex Martinez,Premium,1499,33,1,4,0,1,1,1,500,221,False,False,North,2024-06,0.6206,1
3575,Quinn Smith,Basic,699,42,0,7,5,3,1,1,100,275,False,False,South,2024-02,0.8114,1
3576,Reese Garcia,Plus,999,32,0,4,4,2,1,1,200,228,True,False,North,2024-04,0.7992,1
3577,Avery Garcia,Premium,1499,12,3,2,6,5,1,1,500,118,False,True,West,2024-04,0.6833,0
3578,Jamie Nguyen,Basic,699,28,5,3,6,0,1,1,100,153,False,False,West,2024-02,0.4549,0
3579,Quinn Johnson,Basic,699,41,0,2,6,1,1,1,100,261,False,False,North,2024-07,0.7014,1
3580,Quinn Johnson,Ultra,2499,1,5,6,6,0,0,0,1000,120,False,True,North,2024-12,0.6224,1
3581,Taylor Martinez,Premium,1499,15,5,3,0,4,1,1,500,199,False,True,West,2024-04,0.5942,1
3582,Jamie Johnson,Ultra,2499,38,1,6,1,5,1,1,1000,218,False,False,South,2024-05,0.8219,1
3583,Alex Martinez,Premium,1499,43,2,2,0,3,0,1,500,128,False,False,South,2024-01,0.3829,0
3584,Reese Martinez,Basic,699,43,8,7,5,3,0,1,100,312,False,False,North,2024-09,0.8931,1
3585,Riley Davis,Plus,999,59,1,2,7,5,0,1,200,255,False,False,West,2024-09,0.8184,1
3586,Reese Patel,Plus,999,9,8,1,8,0,1,1,200,146,True,False,West,2024-11,0.5407,1
3587,Quinn Brown,Plus,999,4,7,3,6,0,1,1,200,168,False,False,East,2024-02,0.8665,1
3588,Quinn Davis,Basic,699,2,0,0,0,0,0,0,100,276,True,False,South,2024-12,0.2449,0
3589,Riley Smith,Basic,699,17,0,1,1,5,0,0,100,263,True,False,North,2024-10,0.3671,0
3590,Alex Martinez,Premium,1499,19,3,7,6,2,1,1,500,150,True,False,East,2024-07,0.8767,0
3591,Jordan Davis,Plus,999,14,6,5,7,2,1,0,200,202,False,False,North,2024-05,0.8886,1
3592,Casey Martinez,Plus,999,45,0,3,3,4,0,1,200,231,False,True,West,2024-09,0.7428,0
3593,Riley Patel,Basic,699,9,6,6,6,5,0,1,100,183,False,False,South,2024-12,0.933,1
3594,Casey Khan,Ultra,2499,45,6,5,7,2,1,1,1000,35,False,False,East,2024-10,0.9327,1
3595,Riley Nguyen,Plus,999,45,8,0,0,3,1,0,200,160,False,False,South,2024-04,0.7283,1
3596,Quinn Lee,Plus,999,37,3,4,7,2,0,0,200,191,False,False,West,2024-06,0.8213,1
3597,Alex Martinez,Premium,1499,54,6,0,5,1,0,1,500,174,False,False,South,2024-02,0.5222,1
3598,Riley Johnson,Ultra,2499,44,8,2,8,4,0,0,1000,232,False,False,South,2024-10,0.8894,1
3599,Avery Johnson,Plus,999,4,8,3,7,5,0,1,200,211,False,False,North,2024-12,0.9101,1
3600,Quinn Brown,Plus,999,13,1,5,4,1,1,1,200,304,False,False,West,2024-05,0.7327,1
3601,Avery Davis,Ultra,2499,32,1,1,7,1,1,1,1000,189,False,False,East,2024-04,0.7464,0
3602,Morgan Smith,Premium,1499,7,6,2,6,3,0,1,500,236,True,False,South,2024-09,0.8725,1
3603,Jamie Davis,Basic,699,24,6,6,7,0,0,0,100,57,False,True,North,2024-01,0.651,1
3604,Reese Johnson,Plus,999,46,0,7,1,4,0,0,200,199,True,True,West,2024-01,0.8434,1
3605,Alex Brown,Basic,699,56,1,7,3,2,0,1,100,91,False,False,North,2024-05,0.8043,0
3606,Casey Johnson,Premium,1499,6,2,3,3,2,1,0,500,345,False,False,East,2024-12,0.7744,1
3607,Alex Smith,Plus,999,2,3,6,3,1,1,1,200,89,False,False,North,2024-08,0.8262,1
3608,Riley Khan,Premium,1499,55,0,1,1,3,1,0,500,180,False,False,West,2024-11,0.7139,1
3609,Alex Nguyen,Basic,699,53,3,4,1,2,1,0,100,138,False,False,West,2024-05,0.8181,1
3610,Reese Johnson,Premium,1499,59,0,0,4,1,1,0,500,101,False,False,West,2024-04,0.6057,1
3611,Reese Nguyen,Premium,1499,7,3,2,7,0,0,0,500,257,False,False,North,2024-03,0.6854,0
3612,Taylor Nguyen,Premium,1499,49,7,0,8,0,0,0,500,165,False,False,North,2024-07,0.8517,1
3613,Reese Davis,Ultra,2499,9,5,3,2,4,1,1,1000,179,False,False,North,2024-12,0.8471,1
3614,Jamie Smith,Basic,699,9,8,3,0,0,1,0,100,175,False,False,North,2024-09,0.4409,0
3615,Jordan Khan,Premium,1499,24,1,6,7,4,0,1,500,191,False,True,West,2024-01,0.8849,1
3616,Casey Smith,Plus,999,40,2,3,3,5,1,0,200,107,False,True,South,2024-02,0.879,1
3617,Riley Khan,Ultra,2499,47,2,4,5,5,0,1,1000,197,False,False,North,2024-10,0.6293,1
3618,Jordan Johnson,Basic,699,49,6,2,8,5,0,0,100,136,False,True,East,2024-07,0.9163,1
3619,Taylor Nguyen,Plus,999,25,2,7,0,1,1,1,200,162,False,False,West,2024-04,0.4432,0
3620,Reese Lee,Plus,999,9,4,2,6,1,1,0,200,114,False,False,South,2024-06,0.4751,0
3621,Reese Nguyen,Plus,999,60,8,7,8,2,1,1,200,228,False,False,West,2024-05,0.8969,1
3622,Morgan Smith,Premium,1499,18,1,0,5,3,1,0,500,120,False,False,East,2024-04,0.4191,0
3623,Jamie Khan,Premium,1499,20,4,3,4,5,1,0,500,228,False,False,East,2024-01,0.8739,1
3624,Avery Garcia,Ultra,2499,21,4,7,2,5,0,1,1000,171,False,True,West,2024-07,0.6731,0
3625,Quinn Brown,Ultra,2499,12,2,0,4,1,1,1,1000,45,False,False,East,2024-09,0.692,1
3626,Quinn Patel,Plus,999,28,1,5,2,4,0,0,200,203,False,False,South,2024-12,0.4575,0
3627,Jamie Brown,Plus,999,2,7,0,8,4,0,0,200,253,False,False,South,2024-06,0.6468,1
3628,Taylor Lee,Plus,999,13,5,4,7,4,0,0,200,230,True,True,South,2024-10,0.9264,1
3629,Reese Nguyen,Basic,699,2,0,2,2,3,0,1,100,174,False,False,South,2024-06,0.7325,1
3630,Riley Martinez,Plus,999,28,0,3,2,1,1,0,200,139,False,False,West,2024-08,0.7536,1
3631,Avery Martinez,Basic,699,32,1,5,0,3,1,0,100,318,False,True,East,2024-10,0.473,0
3632,Jordan Garcia,Premium,1499,8,5,1,2,1,1,1,500,207,False,True,West,2024-12,0.8269,1
3633,Avery Garcia,Ultra,2499,8,5,0,3,3,1,1,1000,169,False,True,East,2024-10,0.8208,1
3634,Riley Garcia,Plus,999,21,6,4,8,5,0,1,200,241,False,False,West,2024-09,0.9098,1
3635,Jamie Garcia,Premium,1499,20,2,5,5,3,0,1,500,192,False,False,West,2024-01,0.5287,0
3636,Alex Garcia,Basic,699,15,5,3,3,3,0,1,100,59,False,True,West,2024-03,0.5976,1
3637,Taylor Garcia,Premium,1499,21,8,6,6,1,0,1,500,243,False,False,North,2024-07,0.6425,1
3638,Casey Johnson,Basic,699,55,8,5,4,4,0,0,100,280,False,False,East,2024-02,0.8802,1
3639,Quinn Patel,Premium,1499,36,1,4,3,0,0,1,500,106,False,True,North,2024-12,0.3846,0
3640,Jamie Lee,Basic,699,53,1,0,6,1,0,0,100,174,False,False,South,2024-07,0.7017,1
3641,Jamie Martinez,Basic,699,43,8,1,7,4,1,1,100,125,True,False,North,2024-06,0.9118,1
3642,Jordan Patel,Basic,699,58,3,4,5,4,1,0,100,317,True,False,East,2024-01,0.8791,1
3643,Taylor Johnson,Basic,699,27,5,6,8,0,0,0,100,267,False,False,South,2024-02,0.8208,1
3644,Quinn Garcia,Ultra,2499,19,0,3,0,3,1,0,1000,255,False,False,North,2024-11,0.7516,1
3645,Avery Martinez,Basic,699,25,7,1,0,4,0,1,100,240,False,False,North,2024-06,0.7986,0
3646,Casey Johnson,Ultra,2499,22,3,7,4,4,1,1,1000,20,False,False,South,2024-10,0.6623,1
3647,Quinn Johnson,Premium,1499,17,3,4,7,4,0,0,500,136,False,False,North,2024-01,0.8498,0
3648,Taylor Lee,Plus,999,12,0,1,7,0,0,0,200,188,False,False,North,2024-08,0.6265,1
3649,Riley Martinez,Premium,1499,59,8,1,1,5,0,0,500,122,False,False,North,2024-06,0.8207,1
3650,Alex Khan,Premium,1499,20,2,4,6,3,1,0,500,129,True,False,South,2024-06,0.8868,1
3651,Jamie Davis,Basic,699,12,5,4,4,2,1,1,100,133,False,False,East,2024-02,0.8419,1
3652,Alex Smith,Basic,699,55,1,4,0,5,0,1,100,148,False,False,East,2024-10,0.7809,1
3653,Casey Khan,Basic,699,27,5,3,8,4,1,0,100,211,False,False,North,2024-08,0.8366,1
3654,Casey Lee,Premium,1499,45,2,4,4,1,0,0,500,251,True,False,East,2024-08,0.8199,1
3655,Quinn Patel,Basic,699,7,2,4,5,0,1,1,100,106,False,False,East,2024-01,0.7454,1
3656,Casey Patel,Basic,699,37,2,2,7,0,1,1,100,148,True,False,South,2024-06,0.4198,0
3657,Reese Smith,Basic,699,30,7,2,6,2,1,0,100,195,False,True,West,2024-02,0.5592,0
3658,Morgan Patel,Ultra,2499,59,0,1,8,1,0,0,1000,101,False,False,North,2024-01,0.4088,0
3659,Alex Johnson,Premium,1499,54,6,7,4,0,1,0,500,115,False,False,East,2024-04,0.6585,0
3660,Morgan Johnson,Premium,1499,45,8,3,5,3,0,1,500,204,False,False,East,2024-09,0.8387,0
3661,Morgan Patel,Premium,1499,37,2,1,5,1,1,1,500,224,False,False,North,2024-07,0.7488,1
3662,Alex Lee,Plus,999,9,2,1,6,4,0,1,200,148,True,False,North,2024-12,0.8273,0
3663,Jordan Khan,Ultra,2499,17,1,2,5,0,0,0,1000,213,False,True,South,2024-05,0.4028,0
3664,Jordan Garcia,Basic,699,38,4,4,5,5,1,1,100,262,False,False,West,2024-03,0.8995,1
3665,Jamie Smith,Ultra,2499,8,2,0,3,2,1,1,1000,83,False,True,West,2024-06,0.7406,0
3666,Morgan Nguyen,Plus,999,1,0,2,2,2,0,0,200,386,False,False,North,2024-07,0.7003,1
3667,Jamie Davis,Premium,1499,59,1,7,2,0,0,0,500,345,False,False,South,2024-08,0.763,1
3668,Morgan Garcia,Plus,999,47,0,6,7,3,1,0,200,196,True,False,North,2024-12,0.86,1
3669,Alex Johnson,Basic,699,5,0,1,0,5,1,1,100,177,True,False,South,2024-11,0.719,1
3670,Quinn Nguyen,Ultra,2499,35,6,5,1,0,0,1,1000,181,False,False,South,2024-03,0.8266,1
3671,Casey Lee,Plus,999,48,0,2,5,1,0,1,200,138,False,False,North,2024-08,0.6904,1
3672,Reese Lee,Ultra,2499,31,6,5,4,1,1,0,1000,239,False,True,West,2024-04,0.8669,1
3673,Taylor Smith,Plus,999,17,7,4,1,0,1,0,200,148,False,False,West,2024-09,0.768,1
3674,Reese Lee,Plus,999,14,4,4,4,2,1,1,200,122,False,False,West,2024-10,0.808,1
3675,Riley Garcia,Basic,699,45,4,2,1,5,1,1,100,116,True,False,North,2024-05,0.6325,0
3676,Jamie Lee,Plus,999,13,1,4,3,4,0,1,200,115,False,False,West,2024-02,0.7923,1
3677,Morgan Patel,Premium,1499,17,5,2,5,5,0,0,500,144,False,False,North,2024-07,0.8963,1
3678,Jordan Davis,Ultra,2499,36,0,3,3,2,1,1,1000,271,True,False,East,2024-04,0.7858,0
3679,Avery Lee,Plus,999,36,2,1,8,5,0,1,200,201,True,True,East,2024-09,0.8462,1
3680,Taylor Garcia,Basic,699,26,8,1,5,0,0,1,100,96,False,False,East,2024-07,0.8193,1
3681,Alex Garcia,Ultra,2499,60,6,2,7,5,0,1,1000,126,False,False,North,2024-05,0.7067,1
3682,Reese Lee,Premium,1499,38,7,5,3,5,0,0,500,254,False,False,South,2024-04,0.8963,1
3683,Quinn Davis,Basic,699,6,2,2,2,0,1,0,100,252,False,True,North,2024-06,0.724,1
3684,Jamie Khan,Plus,999,2,2,2,2,5,0,0,200,300,False,False,North,2024-08,0.7908,0
3685,Jamie Khan,Basic,699,53,6,3,8,1,0,1,100,89,False,False,North,2024-11,0.827,1
3686,Morgan Patel,Ultra,2499,15,5,4,6,1,1,1,1000,194,False,False,South,2024-02,0.6127,1
3687,Alex Johnson,Basic,699,11,5,3,4,5,0,1,100,152,False,False,South,2024-08,0.5655,1
3688,Riley Smith,Premium,1499,19,0,3,1,2,0,0,500,212,True,False,East,2024-06,0.7606,1
3689,Jamie Brown,Basic,699,57,5,5,5,1,0,0,100,212,False,False,East,2024-06,0.8496,1
3690,Jamie Smith,Premium,1499,1,5,3,6,0,1,0,500,220,True,False,East,2024-10,0.8687,0
3691,Morgan Patel,Ultra,2499,57,6,0,1,0,1,1,1000,245,False,False,South,2024-09,0.7483,0
3692,Taylor Khan,Premium,1499,12,3,6,1,2,0,1,500,158,False,False,South,2024-11,0.7826,1
3693,Jamie Khan,Premium,1499,46,2,0,0,5,1,0,500,162,False,False,North,2024-08,0.7716,0
3694,Reese Martinez,Ultra,2499,47,8,1,0,2,1,0,1000,157,False,False,North,2024-12,0.7985,1
3695,Jordan Lee,Ultra,2499,34,4,0,4,0,1,1,1000,210,False,False,West,2024-08,0.7604,1
3696,Avery Brown,Ultra,2499,40,2,2,1,5,0,1,1000,269,False,False,North,2024-07,0.7878,1
3697,Jamie Smith,Ultra,2499,55,6,3,3,0,1,1,1000,88,False,False,East,2024-02,0.8082,1
3698,Riley Martinez,Premium,1499,9,7,6,7,3,1,0,500,183,False,True,West,2024-05,0.9068,1
3699,Alex Davis,Premium,1499,53,6,3,7,0,1,1,500,277,False,True,North,2024-02,0.8643,1
3700,Morgan Smith,Premium,1499,57,2,4,1,3,0,1,500,206,False,False,South,2024-06,0.8061,1
3701,Jordan Garcia,Premium,1499,6,0,1,1,0,0,0,500,135,False,False,North,2024-05,0.2585,0
3702,Reese Smith,Plus,999,3,1,7,4,3,1,0,200,172,False,False,West,2024-02,0.8432,0
3703,Avery Martinez,Plus,999,50,8,0,2,5,0,0,200,125,False,False,South,2024-05,0.8617,1
3704,Reese Khan,Basic,699,48,7,0,2,3,1,1,100,153,False,True,East,2024-03,0.8396,1
3705,Jamie Khan,Basic,699,12,6,1,5,5,1,1,100,48,False,False,South,2024-01,0.9127,1
3706,Reese Lee,Plus,999,9,3,1,8,5,1,0,200,253,False,False,South,2024-04,0.8587,1
3707,Avery Smith,Plus,999,38,7,5,0,4,0,0,200,164,False,False,East,2024-07,0.8629,1
3708,Reese Khan,Premium,1499,18,0,2,7,4,0,1,500,340,False,False,East,2024-10,0.7418,1
3709,Casey Patel,Basic,699,17,4,7,5,0,1,0,100,234,False,False,South,2024-07,0.8166,1
3710,Quinn Smith,Plus,999,16,8,2,0,5,0,0,200,178,False,True,West,2024-09,0.5702,0
3711,Avery Nguyen,Premium,1499,28,5,5,3,0,0,0,500,150,False,True,South,2024-09,0.8203,1
3712,Casey Patel,Premium,1499,53,8,3,2,5,0,0,500,100,True,True,East,2024-05,0.718,1
3713,Reese Johnson,Plus,999,36,8,1,4,4,1,0,200,54,False,True,South,2024-03,0.675,0
3714,Alex Smith,Ultra,2499,8,7,1,0,4,0,1,1000,157,False,False,North,2024-04,0.7882,1
3715,Jamie Khan,Basic,699,50,4,5,5,2,1,1,100,194,True,False,North,2024-05,0.8451,0
3716,Avery Martinez,Premium,1499,50,4,2,2,5,1,1,500,182,False,True,East,2024-09,0.8398,1
3717,Morgan Johnson,Plus,999,51,7,4,3,1,0,0,200,212,False,True,South,2024-01,0.8117,1
3718,Alex Nguyen,Ultra,2499,31,5,5,8,3,1,0,1000,148,False,False,East,2024-08,0.9067,1
3719,Jordan Davis,Plus,999,32,0,2,3,4,1,0,200,125,False,False,East,2024-11,0.7579,1
3720,Jamie Lee,Plus,999,30,8,1,2,5,0,1,200,74,False,False,East,2024-09,0.6165,1
3721,Avery Garcia,Plus,999,11,4,2,7,2,1,0,200,303,False,False,West,2024-03,0.6477,1
3722,Riley Brown,Basic,699,29,5,5,5,5,1,1,100,186,False,False,South,2024-06,0.7443,0
3723,Reese Davis,Premium,1499,17,8,0,7,0,1,1,500,55,False,False,North,2024-04,0.5879,1
3724,Avery Nguyen,Plus,999,15,0,0,8,1,0,1,200,234,True,False,North,2024-06,0.6609,0
3725,Taylor Davis,Plus,999,4,3,0,3,2,1,0,200,266,True,False,West,2024-12,0.4531,0
3726,Jamie Smith,Premium,1499,51,0,4,8,4,0,1,500,147,False,False,West,2024-04,0.5477,1
3727,Reese Johnson,Ultra,2499,34,0,2,8,1,1,0,1000,105,False,True,North,2024-07,0.4758,0
3728,Casey Davis,Ultra,2499,36,6,3,0,1,0,1,1000,106,False,False,East,2024-09,0.747,1
3729,Taylor Lee,Ultra,2499,55,4,4,4,4,0,0,1000,116,False,True,North,2024-06,0.6579,1
3730,Taylor Khan,Premium,1499,57,7,3,0,5,0,0,500,136,False,True,East,2024-03,0.8452,1
3731,Reese Nguyen,Plus,999,32,5,2,1,5,1,0,200,137,False,False,South,2024-04,0.5806,1
3732,Jamie Martinez,Premium,1499,5,6,6,3,4,0,1,500,97,False,False,West,2024-03,0.8963,1
3733,Jamie Johnson,Premium,1499,27,0,5,3,5,1,1,500,327,False,False,West,2024-05,0.8236,1
3734,Riley Khan,Plus,999,17,8,6,8,3,0,1,200,157,False,False,West,2024-03,0.8971,1
3735,Morgan Garcia,Plus,999,25,0,5,3,4,0,0,200,150,True,True,North,2024-08,0.8339,1
3736,Avery Martinez,Plus,999,47,6,3,7,5,1,0,200,246,False,False,North,2024-04,0.9092,1
3737,Reese Brown,Basic,699,40,3,3,2,1,1,1,100,93,False,False,East,2024-11,0.786,1
3738,Casey Martinez,Ultra,2499,11,7,7,2,2,1,1,1000,173,False,False,West,2024-02,0.9072,1
3739,Quinn Smith,Ultra,2499,29,4,2,0,5,1,0,1000,22,False,False,South,2024-04,0.8506,1
3740,Casey Nguyen,Premium,1499,47,3,0,8,3,1,0,500,314,False,True,North,2024-03,0.823,0
3741,Jordan Davis,Premium,1499,52,8,1,5,3,1,0,500,164,True,False,West,2024-03,0.6535,1
3742,Jordan Smith,Plus,999,13,5,6,2,4,1,1,200,140,False,False,South,2024-09,0.6509,0
3743,Reese Khan,Premium,1499,57,2,0,0,2,0,0,500,156,True,False,South,2024-09,0.6516,1
3744,Jamie Nguyen,Ultra,2499,43,6,6,7,4,0,0,1000,266,False,True,South,2024-10,0.9314,1
3745,Jordan Martinez,Ultra,2499,23,1,3,7,3,1,0,1000,197,False,False,West,2024-08,0.8417,0
3746,Alex Johnson,Premium,1499,53,5,1,2,0,1,1,500,161,False,False,East,2024-02,0.7259,1
3747,Jamie Davis,Premium,1499,49,5,3,4,0,0,0,500,137,False,False,South,2024-09,0.7859,0
3748,Taylor Khan,Ultra,2499,11,2,5,7,5,1,0,1000,105,True,True,South,2024-12,0.9085,1
3749,Casey Khan,Plus,999,24,4,4,5,2,0,0,200,143,False,False,East,2024-09,0.6174,1
3750,Casey Johnson,Ultra,2499,10,3,6,7,5,1,0,1000,20,False,False,East,2024-02,0.9201,1
3751,Casey Brown,Plus,999,26,7,4,0,4,0,1,200,300,False,False,South,2024-10,0.8453,1
3752,Alex Johnson,Basic,699,14,6,1,4,5,1,1,100,232,False,False,South,2024-10,0.6468,0
3753,Taylor Smith,Premium,1499,2,5,4,8,2,0,1,500,133,False,False,South,2024-06,0.8367,1
3754,Avery Khan,Plus,999,23,1,1,7,2,1,0,200,194,False,True,North,2024-06,0.7528,1
3755,Avery Martinez,Basic,699,43,4,3,5,5,0,1,100,123,False,True,West,2024-03,0.8705,1
3756,Jamie Khan,Premium,1499,21,6,3,1,2,1,1,500,302,True,True,East,2024-01,0.8994,1
3757,Jamie Martinez,Premium,1499,22,8,5,3,3,1,0,500,195,False,False,North,2024-10,0.885,1
3758,Riley Khan,Ultra,2499,19,4,7,3,1,0,1,1000,97,False,False,East,2024-05,0.8335,1
3759,Taylor Khan,Basic,699,26,0,5,5,4,0,1,100,304,False,False,West,2024-05,0.8058,1
3760,Casey Smith,Premium,1499,20,1,1,5,3,1,0,500,20,False,True,North,2024-11,0.8279,0
3761,Alex Brown,Ultra,2499,26,8,1,8,0,1,0,1000,248,False,False,South,2024-01,0.4731,0
3762,Morgan Khan,Ultra,2499,16,1,6,4,5,1,0,1000,192,False,False,East,2024-10,0.8847,1
3763,Quinn Lee,Premium,1499,22,8,3,8,4,0,0,500,174,False,True,South,2024-11,0.6729,0
3764,Avery Patel,Plus,999,33,2,0,6,3,1,1,200,251,False,False,West,2024-12,0.7737,1
3765,Avery Martinez,Plus,999,55,8,1,0,0,0,0,200,76,False,False,West,2024-07,0.6485,1
3766,Reese Smith,Ultra,2499,51,4,4,1,3,0,1,1000,268,False,False,East,2024-01,0.5381,0
3767,Taylor Khan,Premium,1499,4,1,2,2,4,0,1,500,186,False,False,West,2024-06,0.7657,0
3768,Avery Khan,Basic,699,38,7,6,6,0,1,0,100,142,False,False,South,2024-04,0.8568,1
3769,Alex Patel,Basic,699,8,7,7,4,2,1,0,100,149,False,False,West,2024-05,0.8522,1
3770,Jordan Khan,Ultra,2499,36,3,1,2,1,0,0,1000,128,False,False,South,2024-05,0.6886,1
3771,Quinn Smith,Premium,1499,5,0,3,7,2,0,1,500,222,True,False,West,2024-12,0.7996,1
3772,Alex Patel,Plus,999,40,7,3,2,3,1,0,200,235,True,False,West,2024-04,0.8882,1
3773,Jordan Davis,Basic,699,10,1,1,4,5,1,0,100,254,False,False,East,2024-10,0.8116,0
3774,Jordan Patel,Ultra,2499,24,4,7,0,2,1,1,1000,180,False,False,North,2024-05,0.8089,1
3775,Jordan Smith,Plus,999,3,3,7,0,5,1,0,200,231,False,False,West,2024-01,0.8968,0
3776,Reese Smith,Basic,699,52,0,0,4,3,1,1,100,203,False,True,North,2024-09,0.782,1
3777,Jordan Patel,Premium,1499,44,5,6,8,3,0,0,500,73,True,True,East,2024-05,0.9111,1
3778,Avery Johnson,Premium,1499,56,6,7,3,4,0,0,500,239,False,False,West,2024-10,0.9038,1
3779,Alex Garcia,Premium,1499,44,8,7,2,5,0,1,500,271,False,False,South,2024-09,0.9053,1
3780,Riley Johnson,Ultra,2499,57,5,2,0,2,1,1,1000,119,True,False,South,2024-12,0.4995,0
3781,Casey Smith,Plus,999,30,3,2,5,2,0,0,200,72,False,False,South,2024-09,0.4429,0
3782,Casey Brown,Plus,999,22,0,6,3,2,0,1,200,248,False,False,South,2024-04,0.7775,1
3783,Morgan Davis,Ultra,2499,31,5,0,3,4,0,1,1000,205,False,False,North,2024-09,0.7724,1
3784,Jamie Nguyen,Ultra,2499,7,0,1,0,2,1,0,1000,154,False,False,North,2024-10,0.605,0
3785,Taylor Smith,Premium,1499,3,6,0,0,5,1,1,500,262,False,False,West,2024-06,0.8445,1
3786,Riley Khan,Premium,1499,12,7,7,6,4,1,1,500,103,False,False,East,2024-05,0.9305,1
3787,Taylor Garcia,Premium,1499,2,1,3,2,2,0,1,500,135,False,False,East,2024-03,0.7846,1
3788,Morgan Lee,Ultra,2499,25,0,5,2,1,0,1,1000,128,False,False,East,2024-03,0.6615,0
3789,Morgan Garcia,Ultra,2499,57,7,7,3,0,0,1,1000,29,True,False,West,2024-12,0.8648,1
3790,Casey Lee,Ultra,2499,22,5,3,3,5,1,0,1000,140,False,False,West,2024-11,0.8648,1
3791,Jamie Khan,Premium,1499,33,2,7,6,2,1,1,500,263,False,False,North,2024-06,0.8733,0
3792,Quinn Nguyen,Plus,999,41,0,3,7,4,1,0,200,178,False,False,East,2024-11,0.8448,0
3793,Alex Lee,Ultra,2499,35,7,6,1,4,0,1,1000,226,False,False,North,2024-02,0.8718,1
3794,Riley Smith,Basic,699,3,7,4,8,0,1,1,100,107,False,True,North,2024-02,0.8912,1
3795,Avery Lee,Ultra,2499,58,0,1,2,3,0,0,1000,207,False,False,East,2024-03,0.351,0
3796,Jordan Davis,Basic,699,50,1,6,7,3,0,1,100,120,False,False,South,2024-07,0.847,1
3797,Alex Khan,Premium,1499,46,7,1,0,5,0,0,500,127,True,False,North,2024-12,0.8461,1
3798,Morgan Garcia,Premium,1499,40,2,1,2,1,0,0,500,281,False,False,North,2024-06,0.6504,1
3799,Jordan Davis,Ultra,2499,9,1,0,4,3,0,0,1000,69,False,False,West,2024-12,0.7073,1
3800,Jordan Smith,Ultra,2499,35,3,5,0,5,1,1,1000,249,False,False,South,2024-02,0.8615,1
3801,Casey Brown,Premium,1499,19,7,0,7,1,1,0,500,170,False,False,North,2024-06,0.5234,1
3802,Morgan Davis,Ultra,2499,8,8,6,2,5,1,0,1000,213,False,False,South,2024-02,0.9074,1
3803,Taylor Smith,Premium,1499,36,0,7,2,0,1,1,500,201,False,False,East,2024-06,0.7069,1
3804,Morgan Brown,Ultra,2499,47,7,6,0,1,0,0,1000,117,False,False,West,2024-03,0.8091,1
3805,Quinn Nguyen,Premium,1499,58,4,5,1,5,0,1,500,153,False,False,South,2024-02,0.8621,1
3806,Alex Brown,Basic,699,27,3,4,4,1,1,0,100,196,True,False,East,2024-03,0.7184,0
3807,Quinn Nguyen,Plus,999,52,3,7,3,2,0,1,200,123,False,False,East,2024-09,0.8055,1
3808,Quinn Brown,Plus,999,11,5,3,5,0,0,0,200,285,False,False,West,2024-11,0.7573,1
3809,Jordan Smith,Ultra,2499,56,1,3,7,0,1,1,1000,191,False,False,East,2024-03,0.4886,0
3810,Morgan Martinez,Basic,699,3,4,0,2,1,1,0,100,88,False,False,South,2024-04,0.7482,1
3811,Casey Johnson,Premium,1499,24,3,5,0,0,0,0,500,123,False,False,South,2024-09,0.3692,0
3812,Jordan Nguyen,Premium,1499,41,3,6,5,4,1,1,500,123,False,False,West,2024-09,0.885,1
3813,Quinn Nguyen,Premium,1499,19,5,5,3,5,0,1,500,370,False,True,East,2024-10,0.9127,1
3814,Jordan Lee,Basic,699,33,8,6,1,3,1,1,100,257,False,False,South,2024-09,0.8853,1
3815,Reese Patel,Premium,1499,47,1,6,8,1,1,1,500,67,False,False,East,2024-11,0.8493,1
3816,Morgan Lee,Ultra,2499,24,4,7,6,2,0,0,1000,255,False,False,East,2024-10,0.8572,1
3817,Alex Garcia,Basic,699,13,8,3,4,2,1,0,100,247,False,True,East,2024-11,0.8782,1
3818,Riley Johnson,Premium,1499,45,8,2,2,5,0,0,500,309,False,False,West,2024-07,0.598,1
3819,Casey Davis,Premium,1499,43,6,1,2,2,0,0,500,103,False,False,North,2024-05,0.7834,0
3820,Taylor Davis,Plus,999,33,2,5,2,4,0,1,200,280,False,True,West,2024-04,0.7834,1
3821,Quinn Khan,Basic,699,34,3,1,1,5,1,1,100,35,False,False,East,2024-08,0.8181,1
3822,Jamie Khan,Plus,999,9,0,7,1,4,0,0,200,149,False,False,North,2024-11,0.7758,1
3823,Jordan Davis,Basic,699,33,7,0,1,2,0,1,100,246,False,False,East,2024-05,0.4006,0
3824,Reese Lee,Premium,1499,46,8,5,1,0,1,1,500,48,True,True,South,2024-03,0.8963,1
3825,Jordan Martinez,Basic,699,11,2,5,8,4,0,1,100,110,True,True,South,2024-06,0.8666,1
3826,Jamie Davis,Basic,699,3,0,4,2,2,1,0,100,257,False,True,South,2024-09,0.7563,1
3827,Taylor Davis,Ultra,2499,58,2,6,3,0,1,0,1000,175,False,True,West,2024-07,0.8149,1
3828,Alex Davis,Premium,1499,53,7,0,3,2,1,0,500,255,False,False,South,2024-12,0.8053,1
3829,Morgan Brown,Premium,1499,52,8,7,6,4,0,1,500,286,False,False,East,2024-02,0.8928,1
3830,Morgan Johnson,Ultra,2499,3,5,3,7,0,1,0,1000,233,False,True,South,2024-07,0.5705,0
3831,Alex Brown,Basic,699,8,3,7,0,5,1,1,100,276,True,False,South,2024-10,0.8788,1
3832,Casey Patel,Ultra,2499,3,0,6,4,3,0,1,1000,132,False,False,South,2024-09,0.8388,1
3833,Morgan Davis,Basic,699,28,6,5,8,3,1,1,100,242,False,False,South,2024-05,0.9142,1
3834,Reese Smith,Plus,999,3,3,6,1,4,0,0,200,107,False,True,West,2024-02,0.8491,1
3835,Riley Brown,Plus,999,56,6,3,7,5,0,0,200,179,False,False,West,2024-06,0.8997,1
3836,Casey Nguyen,Ultra,2499,51,1,2,0,2,1,1,1000,232,False,False,West,2024-07,0.2948,0
3837,Avery Nguyen,Ultra,2499,13,8,1,3,4,0,0,1000,203,False,True,North,2024-05,0.8528,1
3838,Riley Davis,Ultra,2499,39,8,2,0,2,1,0,1000,121,False,True,North,2024-03,0.5047,1
3839,Morgan Nguyen,Plus,999,48,7,7,5,4,0,0,200,164,True,True,South,2024-10,0.6364,1
3840,Jordan Nguyen,Ultra,2499,1,4,5,7,2,0,1,1000,130,True,False,West,2024-12,0.8742,1
3841,Quinn Patel,Plus,999,35,2,3,6,4,1,1,200,217,False,False,South,2024-07,0.8333,1
3842,Avery Brown,Basic,699,46,3,3,8,1,0,1,100,164,False,False,South,2024-12,0.8193,1
3843,Casey Davis,Ultra,2499,44,6,1,4,2,1,0,1000,249,False,False,North,2024-09,0.5952,1
3844,Morgan Smith,Premium,1499,43,2,2,2,1,0,1,500,145,False,False,East,2024-12,0.7112,0
3845,Morgan Patel,Basic,699,5,0,1,0,3,0,0,100,163,True,False,West,2024-05,0.6705,1
3846,Reese Smith,Basic,699,40,4,4,1,0,0,1,100,208,False,False,South,2024-06,0.3706,0
3847,Morgan Garcia,Premium,1499,39,4,1,7,4,1,1,500,284,False,False,South,2024-04,0.8613,1
3848,Morgan Brown,Basic,699,39,1,5,7,0,0,0,100,223,False,True,West,2024-10,0.8051,1
3849,Casey Martinez,Basic,699,2,2,4,2,2,0,1,100,252,False,False,North,2024-01,0.7308,0
3850,Taylor Patel,Premium,1499,19,1,7,7,3,1,0,500,211,False,False,West,2024-12,0.6405,0
3851,Taylor Lee,Premium,1499,11,7,5,8,5,0,0,500,242,False,False,East,2024-02,0.7136,1
3852,Quinn Martinez,Plus,999,14,0,6,5,0,0,1,200,134,False,True,East,2024-02,0.7772,1
3853,Alex Garcia,Basic,699,3,4,6,0,2,1,1,100,126,False,False,North,2024-09,0.8313,1
3854,Taylor Johnson,Ultra,2499,48,0,4,2,0,1,1,1000,290,False,True,West,2024-09,0.7074,1
3855,Morgan Khan,Plus,999,11,2,4,4,0,0,0,200,129,False,False,North,2024-03,0.696,1
3856,Reese Garcia,Ultra,2499,1,0,2,3,1,1,0,1000,203,False,False,North,2024-07,0.334,0
3857,Reese Davis,Premium,1499,31,0,3,2,4,1,0,500,162,False,False,East,2024-04,0.7858,1
3858,Avery Brown,Basic,699,46,8,2,4,2,1,1,100,270,False,False,East,2024-12,0.5915,0
3859,Casey Smith,Basic,699,14,0,5,8,0,0,1,100,130,False,False,South,2024-06,0.4395,0
3860,Jamie Nguyen,Plus,999,24,8,0,4,4,0,1,200,159,False,False,South,2024-04,0.5037,1
3861,Quinn Brown,Ultra,2499,48,5,5,6,4,1,0,1000,167,False,False,North,2024-11,0.9299,1
3862,Morgan Lee,Ultra,2499,53,2,7,5,0,0,0,1000,191,False,False,West,2024-06,0.4805,0
3863,Riley Khan,Basic,699,17,6,1,2,0,0,1,100,294,True,False,South,2024-05,0.3741,0
3864,Jamie Johnson,Basic,699,52,6,0,1,5,0,0,100,90,False,False,West,2024-04,0.7786,1
3865,Quinn Johnson,Plus,999,12,1,5,5,1,0,1,200,206,False,False,North,2024-08,0.7658,1
3866,Quinn Nguyen,Basic,699,51,2,2,4,0,0,0,100,287,True,False,West,2024-12,0.7143,1
3867,Quinn Brown,Premium,1499,3,0,2,2,4,1,1,500,151,True,False,West,2024-06,0.8022,1
3868,Quinn Martinez,Plus,999,59,3,5,1,5,0,0,200,188,False,False,North,2024-11,0.8005,1
3869,Morgan Davis,Premium,1499,5,6,3,4,2,1,1,500,369,False,False,West,2024-11,0.8868,1
3870,Morgan Brown,Plus,999,1,5,5,1,2,1,0,200,194,False,False,South,2024-12,0.8584,1
3871,Morgan Garcia,Premium,1499,36,1,5,8,4,0,1,500,229,False,False,South,2024-04,0.848,0
3872,Reese Patel,Premium,1499,41,0,2,0,1,0,0,500,135,False,False,North,2024-04,0.6248,1
3873,Reese Nguyen,Ultra,2499,23,5,7,8,3,0,0,1000,206,False,False,East,2024-09,0.8868,1
3874,Quinn Martinez,Basic,699,22,3,4,4,5,1,1,100,279,False,True,South,2024-04,0.8884,1
3875,Taylor Khan,Basic,699,60,6,1,3,3,0,1,100,231,False,False,North,2024-08,0.5717,0
3876,Quinn Khan,Basic,699,20,6,3,5,2,1,0,100,181,False,False,West,2024-04,0.8696,1
3877,Taylor Khan,Plus,999,4,3,2,3,4,0,0,200,236,False,False,East,2024-10,0.4878,0
3878,Jordan Patel,Premium,1499,2,2,6,5,2,1,0,500,183,False,False,North,2024-03,0.6151,0
3879,Taylor Khan,Basic,699,33,5,4,8,5,0,1,100,113,False,False,East,2024-04,0.9261,1
3880,Reese Patel,Plus,999,32,4,0,4,5,1,1,200,81,False,False,North,2024-12,0.5138,0
3881,Alex Lee,Ultra,2499,10,1,4,6,0,0,0,1000,271,False,False,South,2024-08,0.4469,0
3882,Quinn Patel,Premium,1499,49,6,3,4,5,0,1,500,108,True,False,East,2024-08,0.9114,1
3883,Jamie Patel,Ultra,2499,59,4,2,2,5,0,1,1000,282,False,True,East,2024-12,0.5782,1
3884,Morgan Nguyen,Plus,999,50,7,4,5,5,1,1,200,361,False,False,South,2024-06,0.6707,1
3885,Avery Davis,Ultra,2499,54,3,6,4,1,1,0,1000,228,False,True,East,2024-07,0.6283,1
3886,Riley Brown,Premium,1499,34,3,0,4,1,1,0,500,242,True,True,South,2024-07,0.7755,1
3887,Taylor Martinez,Ultra,2499,17,4,3,6,3,1,0,1000,159,False,True,West,2024-01,0.8886,1
3888,Morgan Lee,Ultra,2499,52,4,0,3,5,0,1,1000,237,False,False,West,2024-05,0.8307,1
3889,Quinn Martinez,Plus,999,40,5,6,2,0,1,1,200,252,True,False,South,2024-07,0.8141,1
3890,Taylor Garcia,Plus,999,60,6,7,0,0,0,1,200,164,True,True,West,2024-08,0.4997,0
3891,Riley Johnson,Ultra,2499,42,7,5,4,0,1,1,1000,152,False,False,North,2024-05,0.8724,0
3892,Morgan Patel,Ultra,2499,39,1,6,2,3,1,0,1000,187,False,False,West,2024-11,0.8723,1
3893,Morgan Davis,Basic,699,30,8,2,3,5,0,0,100,193,False,False,South,2024-11,0.8663,1
3894,Jordan Patel,Plus,999,5,1,7,8,0,1,0,200,187,False,False,West,2024-08,0.4886,0
3895,Jamie Smith,Premium,1499,55,7,3,4,2,1,1,500,175,False,True,East,2024-08,0.8928,1
3896,Casey Nguyen,Plus,999,55,6,1,6,3,0,0,200,187,False,False,South,2024-10,0.8322,0
3897,Riley Lee,Ultra,2499,47,7,7,6,1,1,1,1000,115,False,False,West,2024-04,0.8911,1
3898,Taylor Martinez,Premium,1499,1,4,0,8,2,0,0,500,185,False,True,North,2024-02,0.5742,1
3899,Avery Smith,Plus,999,1,7,0,7,3,1,0,200,86,False,True,West,2024-12,0.6276,1
3900,Alex Martinez,Basic,699,9,8,0,2,1,0,1,100,190,False,False,North,2024-12,0.6846,1
3901,Quinn Brown,Ultra,2499,26,6,2,6,2,1,0,1000,121,False,True,South,2024-04,0.8708,1
3902,Taylor Khan,Basic,699,40,1,2,6,4,0,1,100,124,False,False,East,2024-08,0.8004,0
3903,Taylor Johnson,Plus,999,54,5,4,0,5,1,0,200,168,False,False,East,2024-08,0.5907,0
3904,Jordan Johnson,Premium,1499,55,6,5,2,4,1,1,500,209,False,False,West,2024-02,0.919,1
3905,Avery Patel,Ultra,2499,35,0,7,3,5,0,0,1000,294,True,True,West,2024-10,0.8251,1
3906,Alex Smith,Plus,999,11,0,0,3,5,1,1,200,220,False,True,South,2024-03,0.4485,0
3907,Alex Brown,Plus,999,2,4,1,2,2,1,1,200,190,False,False,South,2024-12,0.7756,1
3908,Casey Davis,Basic,699,37,4,1,1,1,1,1,100,188,False,True,East,2024-02,0.7451,1
3909,Avery Nguyen,Plus,999,27,4,5,0,4,0,1,200,139,True,False,West,2024-06,0.8214,1
3910,Avery Davis,Basic,699,19,3,0,6,0,1,0,100,148,False,False,East,2024-09,0.736,1
3911,Jordan Garcia,Basic,699,27,8,1,8,4,0,0,100,221,False,False,North,2024-05,0.8795,1
3912,Morgan Davis,Plus,999,43,6,4,6,4,0,1,200,145,False,False,West,2024-09,0.9005,0
3913,Taylor Davis,Basic,699,10,7,7,0,2,0,1,100,247,False,False,East,2024-04,0.8587,1
3914,Morgan Smith,Ultra,2499,42,0,3,7,5,1,0,1000,175,False,False,North,2024-05,0.8425,1
3915,Quinn Johnson,Ultra,2499,47,4,4,1,0,1,0,1000,193,False,False,North,2024-01,0.7345,1
3916,Reese Khan,Premium,1499,35,6,2,3,1,1,1,500,166,False,False,East,2024-03,0.8378,1
3917,Morgan Garcia,Premium,1499,26,7,5,7,1,0,1,500,224,True,False,North,2024-06,0.8807,1
3918,Alex Nguyen,Plus,999,18,3,2,1,5,1,0,200,195,False,False,West,2024-02,0.7968,1
3919,Alex Brown,Basic,699,3,5,6,8,2,0,1,100,229,True,True,North,2024-07,0.9087,1
3920,Taylor Smith,Basic,699,15,2,6,3,5,0,0,100,160,False,False,North,2024-09,0.8489,1
3921,Avery Khan,Plus,999,3,2,2,1,1,0,1,200,175,True,False,North,2024-04,0.6991,1
3922,Jamie Khan,Plus,999,40,4,3,0,3,0,1,200,226,False,False,North,2024-03,0.7578,0
3923,Casey Nguyen,Plus,999,35,5,5,8,3,1,0,200,291,True,False,North,2024-11,0.9234,1
3924,Alex Smith,Premium,1499,35,7,6,5,5,1,0,500,117,True,False,West,2024-10,0.9416,1
3925,Riley Garcia,Basic,699,7,0,5,3,0,1,0,100,134,False,False,West,2024-12,0.6987,1
3926,Taylor Brown,Plus,999,18,1,1,2,4,0,0,200,320,True,True,South,2024-09,0.7528,1
3927,Quinn Patel,Ultra,2499,40,6,5,5,2,1,0,1000,205,False,False,East,2024-09,0.9013,1
3928,Taylor Johnson,Ultra,2499,37,0,4,3,4,1,1,1000,109,False,False,East,2024-05,0.7861,1
3929,Riley Khan,Basic,699,37,5,4,0,2,0,0,100,95,False,False,North,2024-03,0.759,0
3930,Avery Lee,Ultra,2499,13,0,1,5,1,0,0,1000,20,False,True,South,2024-07,0.7314,1
3931,Taylor Lee,Plus,999,37,7,2,5,1,1,0,200,323,False,True,West,2024-10,0.8497,1
3932,Taylor Garcia,Plus,999,59,3,2,5,4,1,0,200,80,False,True,South,2024-08,0.568,1
3933,Jordan Johnson,Basic,699,48,5,4,4,2,1,0,100,147,True,False,West,2024-12,0.5787,0
3934,Jamie Lee,Basic,699,57,0,7,1,1,1,1,100,240,False,False,West,2024-04,0.4235,0
3935,Reese Patel,Basic,699,46,4,6,0,3,0,1,100,99,True,False,South,2024-11,0.5815,0
3936,Jordan Brown,Premium,1499,20,0,1,2,0,1,1,500,286,False,False,South,2024-11,0.6847,1
3937,Riley Lee,Premium,1499,24,0,1,2,4,0,1,500,380,False,False,West,2024-09,0.6824,1
3938,Jordan Davis,Ultra,2499,19,6,3,6,1,0,0,1000,377,True,False,North,2024-07,0.8565,1
3939,Morgan Davis,Basic,699,45,8,7,0,0,1,1,100,138,True,False,North,2024-11,0.8374,1
3940,Quinn Smith,Plus,999,18,6,7,8,1,0,1,200,139,False,False,East,2024-03,0.8808,1
3941,Taylor Brown,Plus,999,10,4,3,6,4,1,1,200,87,False,False,West,2024-04,0.877,1
3942,Reese Johnson,Plus,999,39,2,1,3,1,0,1,200,269,False,False,North,2024-09,0.6707,1
3943,Casey Garcia,Basic,699,23,6,2,7,2,1,0,100,189,False,False,West,2024-10,0.87,1
3944,Jordan Davis,Ultra,2499,48,1,3,4,1,0,0,1000,261,False,False,North,2024-03,0.6708,1
3945,Casey Smith,Ultra,2499,18,7,6,0,2,1,0,1000,220,False,False,East,2024-03,0.8569,1
3946,Casey Patel,Ultra,2499,5,6,0,4,3,1,0,1000,191,True,False,West,2024-03,0.8879,0
3947,Riley Khan,Premium,1499,50,3,1,3,4,1,0,500,96,False,False,West,2024-12,0.7922,1
3948,Jordan Smith,Plus,999,20,2,4,2,3,1,0,200,44,True,False,West,2024-11,0.8187,0
3949,Jordan Davis,Plus,999,28,1,2,4,5,1,1,200,273,False,False,East,2024-11,0.8133,0
3950,Riley Nguyen,Premium,1499,45,0,6,8,0,0,1,500,86,False,False,North,2024-05,0.7478,1
3951,Casey Davis,Plus,999,21,8,6,8,2,0,0,200,75,False,True,West,2024-02,0.892,1
3952,Casey Brown,Plus,999,41,8,6,5,0,0,0,200,207,False,True,South,2024-09,0.5607,1
3953,Riley Patel,Ultra,2499,50,7,0,1,3,1,0,1000,257,False,False,South,2024-11,0.5098,1
3954,Jordan Smith,Ultra,2499,24,3,1,3,3,1,1,1000,185,False,False,East,2024-05,0.7872,1
3955,Alex Garcia,Basic,699,20,5,6,3,5,1,1,100,234,True,False,North,2024-06,0.926,1
3956,Quinn Garcia,Basic,699,47,6,6,6,0,1,0,100,203,False,False,East,2024-04,0.8844,0
3957,Avery Smith,Premium,1499,34,8,3,2,1,1,1,500,165,True,True,West,2024-09,0.8643,1
3958,Alex Brown,Plus,999,34,1,4,8,4,1,1,200,156,False,False,North,2024-12,0.8469,1
3959,Reese Nguyen,Plus,999,25,1,1,5,1,0,0,200,160,False,False,East,2024-05,0.6663,1
3960,Casey Martinez,Basic,699,15,4,2,6,3,1,1,100,131,False,False,North,2024-02,0.8582,0
3961,Jordan Khan,Basic,699,58,6,0,6,2,0,1,100,271,False,False,West,2024-07,0.5636,0
3962,Taylor Khan,Plus,999,44,6,1,4,5,1,0,200,92,True,False,North,2024-03,0.9092,1
3963,Quinn Martinez,Plus,999,1,1,6,4,3,1,0,200,157,True,False,East,2024-11,0.8722,1
3964,Alex Khan,Premium,1499,13,8,6,8,2,1,0,500,116,False,True,West,2024-09,0.7372,0
3965,Casey Garcia,Premium,1499,23,7,3,8,0,1,1,500,201,False,False,West,2024-11,0.5268,1
3966,Jamie Khan,Plus,999,42,0,2,3,1,1,1,200,222,False,False,West,2024-12,0.7175,1
3967,Riley Lee,Plus,999,50,7,6,8,3,1,1,200,167,False,False,West,2024-02,0.9292,1
3968,Reese Brown,Plus,999,18,0,6,1,5,1,1,200,166,True,False,East,2024-07,0.8554,1
3969,Riley Smith,Basic,699,27,0,2,1,0,0,1,100,24,False,False,West,2024-10,0.6776,0
3970,Taylor Brown,Ultra,2499,51,8,3,3,1,0,1,1000,284,False,False,South,2024-02,0.808,1
3971,Alex Johnson,Plus,999,27,8,1,2,0,0,1,200,41,False,False,West,2024-03,0.7546,1
3972,Casey Brown,Basic,699,41,4,7,0,0,0,0,100,78,False,False,East,2024-11,0.7767,1
3973,Avery Patel,Ultra,2499,2,7,1,5,0,0,1,1000,208,False,False,East,2024-03,0.7839,0
3974,Alex Davis,Premium,1499,21,5,7,8,3,1,0,500,258,True,False,North,2024-01,0.929,1
3975,Avery Johnson,Ultra,2499,42,7,4,1,2,1,0,1000,248,False,True,North,2024-04,0.8595,0
3976,Quinn Garcia,Ultra,2499,55,2,1,7,0,1,1,1000,80,False,False,North,2024-11,0.7679,0
3977,Casey Lee,Ultra,2499,40,6,2,1,0,1,1,1000,161,True,True,East,2024-07,0.7758,1
3978,Avery Martinez,Basic,699,48,1,6,6,2,0,0,100,274,False,False,South,2024-03,0.8575,1
3979,Quinn Nguyen,Ultra,2499,56,1,0,2,0,0,0,1000,177,False,False,West,2024-04,0.6646,1
3980,Reese Nguyen,Premium,1499,34,8,1,4,3,0,0,500,186,False,False,North,2024-12,0.8296,1
3981,Morgan Davis,Premium,1499,20,4,1,7,2,1,1,500,135,False,True,West,2024-03,0.6261,1
3982,Quinn Patel,Plus,999,40,5,0,1,5,1,1,200,125,True,False,South,2024-02,0.8532,1
3983,Alex Martinez,Ultra,2499,10,6,7,0,5,1,0,1000,140,False,False,South,2024-11,0.6859,1
3984,Avery Lee,Basic,699,26,7,2,1,4,0,0,100,252,False,False,North,2024-02,0.818,1
3985,Casey Lee,Plus,999,31,3,1,1,4,1,1,200,151,False,False,South,2024-03,0.505,1
3986,Jamie Smith,Basic,699,45,3,4,1,0,0,1,100,291,False,False,South,2024-03,0.3862,0
3987,Casey Brown,Premium,1499,17,4,0,6,3,0,1,500,134,False,True,South,2024-03,0.5208,0
3988,Riley Smith,Ultra,2499,5,8,3,8,1,1,1,1000,185,False,True,South,2024-03,0.8955,1
3989,Quinn Patel,Premium,1499,23,6,0,5,0,0,0,500,110,False,True,West,2024-02,0.8035,1
3990,Alex Khan,Ultra,2499,59,1,3,5,1,1,1,1000,185,False,True,East,2024-03,0.7374,0
3991,Taylor Davis,Basic,699,48,3,6,5,4,1,0,100,114,False,True,South,2024-08,0.8904,1
3992,Jordan Johnson,Basic,699,45,4,6,8,0,0,1,100,174,True,True,South,2024-08,0.66,0
3993,Quinn Nguyen,Ultra,2499,6,6,7,2,3,0,0,1000,196,True,False,North,2024-03,0.878,1
3994,Jordan Lee,Basic,699,36,3,2,0,4,0,1,100,195,False,False,South,2024-09,0.7441,0
3995,Taylor Martinez,Plus,999,6,1,2,3,0,1,0,200,202,True,False,South,2024-10,0.7144,1
3996,Jamie Patel,Ultra,2499,60,7,1,3,5,0,1,1000,264,True,True,West,2024-11,0.8866,0
3997,Morgan Davis,Basic,699,48,7,7,6,2,0,1,100,294,False,False,West,2024-09,0.9017,1
3998,Jordan Davis,Basic,699,13,8,5,4,0,0,0,100,130,False,False,East,2024-05,0.8666,1
3999,Quinn Davis,Premium,1499,17,4,2,3,1,1,1,500,202,True,False,East,2024-06,0.7833,1
4000,Jamie Johnson,Plus,999,41,1,7,1,0,1,1,200,295,False,True,East,2024-10,0.796,1
4001,Quinn Martinez,Premium,1499,44,6,0,8,5,1,0,500,177,False,False,West,2024-08,0.8864,1
4002,Jordan Johnson,Basic,699,48,7,6,8,1,1,0,100,167,True,False,North,2024-12,0.7145,0
4003,Casey Brown,Plus,999,8,8,7,4,2,1,0,200,269,True,False,North,2024-12,0.9068,1
4004,Morgan Patel,Basic,699,46,0,7,0,5,1,1,100,187,False,False,West,2024-05,0.8422,0
4005,Casey Khan,Ultra,2499,45,6,1,0,0,1,1,1000,158,False,False,East,2024-03,0.7693,1
4006,Quinn Davis,Basic,699,39,3,0,6,5,1,1,100,159,False,False,North,2024-09,0.8525,1
4007,Morgan Smith,Plus,999,11,4,3,5,5,1,0,200,172,False,True,West,2024-12,0.893,0
4008,Riley Khan,Plus,999,12,4,6,3,2,1,0,200,153,False,False,South,2024-11,0.8756,1
4009,Casey Davis,Plus,999,49,0,4,3,4,1,0,200,128,False,False,East,2024-03,0.7754,1
4010,Casey Brown,Ultra,2499,21,6,4,5,2,0,0,1000,328,False,True,South,2024-05,0.8935,0
4011,Quinn Patel,Premium,1499,45,4,4,0,3,1,1,500,20,True,True,South,2024-07,0.8539,1
4012,Casey Lee,Basic,699,7,8,7,2,0,0,0,100,53,False,False,North,2024-12,0.5093,1
4013,Morgan Johnson,Ultra,2499,57,2,3,8,3,0,1,1000,20,False,True,West,2024-02,0.8455,0
4014,Alex Patel,Premium,1499,4,6,5,8,0,1,0,500,100,False,False,East,2024-11,0.8848,1
4015,Morgan Nguyen,Plus,999,52,1,4,7,2,0,1,200,66,False,True,East,2024-06,0.8164,0
4016,Quinn Smith,Ultra,2499,27,0,2,3,2,0,0,1000,150,False,False,South,2024-02,0.4074,0
4017,Jamie Johnson,Basic,699,16,0,5,1,0,0,1,100,278,True,True,North,2024-05,0.7146,0
4018,Reese Nguyen,Basic,699,46,5,6,2,1,0,0,100,157,False,False,West,2024-07,0.8579,1
4019,Avery Nguyen,Premium,1499,51,6,4,5,4,0,1,500,71,False,False,West,2024-04,0.6569,0
4020,Avery Garcia,Basic,699,18,7,1,6,5,1,0,100,174,False,False,South,2024-06,0.748,1
4021,Jordan Martinez,Plus,999,41,8,1,4,0,0,0,200,165,True,False,South,2024-01,0.7743,1
4022,Morgan Khan,Ultra,2499,47,4,1,4,3,1,1,1000,79,False,False,West,2024-01,0.8572,1
4023,Taylor Smith,Plus,999,49,7,5,1,2,0,1,200,246,False,False,East,2024-12,0.574,0
4024,Taylor Johnson,Premium,1499,30,6,6,0,0,1,1,500,135,False,False,North,2024-10,0.8091,0
4025,Avery Brown,Basic,699,39,3,5,8,0,1,0,100,89,False,False,East,2024-10,0.818,1
4026,Riley Khan,Ultra,2499,22,6,0,8,2,1,1,1000,104,False,False,East,2024-07,0.8225,0
4027,Reese Patel,Premium,1499,24,6,1,2,1,1,0,500,150,True,True,East,2024-03,0.5241,1
4028,Jamie Brown,Basic,699,23,0,7,6,1,1,0,100,142,True,True,North,2024-08,0.5646,1
4029,Morgan Brown,Plus,999,17,2,2,0,4,0,1,200,185,False,False,East,2024-08,0.7225,1
4030,Riley Brown,Basic,699,43,3,7,2,1,0,1,100,192,False,False,South,2024-07,0.7524,1
4031,Jordan Lee,Ultra,2499,33,5,3,5,1,1,1,1000,187,False,False,East,2024-11,0.8446,1
4032,Reese Martinez,Premium,1499,7,4,3,6,0,1,0,500,74,False,True,East,2024-04,0.6081,1
4033,Morgan Nguyen,Ultra,2499,47,0,6,4,5,0,1,1000,118,False,True,North,2024-10,0.8598,1
4034,Alex Brown,Ultra,2499,22,7,0,1,2,1,0,1000,261,False,True,West,2024-04,0.8247,1
4035,Avery Davis,Premium,1499,1,5,2,6,2,0,1,500,182,True,False,East,2024-08,0.8624,1
4036,Reese Khan,Premium,1499,56,6,3,5,0,1,0,500,246,False,True,East,2024-01,0.6109,1
4037,Jordan Garcia,Basic,699,8,4,2,5,0,0,0,100,136,False,True,South,2024-05,0.416,0
4038,Casey Johnson,Basic,699,18,5,4,8,0,1,1,100,34,True,False,East,2024-11,0.8668,1
4039,Reese Lee,Ultra,2499,59,3,4,1,3,1,0,1000,174,False,False,West,2024-04,0.8403,1
4040,Avery Martinez,Premium,1499,41,4,3,6,1,0,0,500,205,True,False,South,2024-02,0.8582,1
4041,Quinn Davis,Basic,699,8,0,3,8,3,1,0,100,131,False,False,North,2024-01,0.8206,1
4042,Casey Lee,Basic,699,55,6,7,0,5,1,1,100,142,False,False,East,2024-04,0.9078,0
4043,Alex Brown,Basic,699,39,8,3,3,4,0,0,100,77,False,False,North,2024-02,0.876,1
4044,Riley Smith,Plus,999,39,3,4,6,4,1,1,200,41,False,False,East,2024-04,0.8818,1
4045,Taylor Nguyen,Premium,1499,47,8,0,1,2,0,1,500,210,False,False,South,2024-01,0.4211,0
4046,Avery Lee,Basic,699,11,0,1,2,3,1,0,100,106,False,False,East,2024-06,0.7225,1
4047,Riley Khan,Basic,699,41,8,1,7,5,1,0,100,172,False,False,West,2024-03,0.8886,1
4048,Alex Davis,Basic,699,53,4,1,1,0,0,0,100,182,False,True,West,2024-05,0.7605,1
4049,Jordan Patel,Ultra,2499,17,8,5,6,2,0,1,1000,260,True,False,South,2024-02,0.9133,1
4050,Reese Martinez,Premium,1499,50,3,7,2,2,1,1,500,210,False,False,West,2024-04,0.8396,1
4051,Avery Johnson,Basic,699,40,0,0,0,0,0,1,100,20,True,False,North,2024-03,0.5295,1
4052,Taylor Khan,Ultra,2499,57,2,5,5,3,1,1,1000,146,False,True,East,2024-09,0.8332,1
4053,Jordan Johnson,Premium,1499,50,2,1,4,0,1,1,500,98,False,False,North,2024-04,0.644,1
4054,Alex Patel,Premium,1499,49,8,1,2,3,0,0,500,177,False,False,North,2024-05,0.8324,0
4055,Jamie Martinez,Ultra,2499,16,3,3,0,4,1,0,1000,257,False,False,South,2024-12,0.528,1
4056,Reese Khan,Premium,1499,48,2,7,0,2,1,0,500,112,False,False,West,2024-04,0.7427,1
4057,Quinn Garcia,Premium,1499,37,6,5,1,1,0,0,500,57,True,False,East,2024-03,0.8249,1
4058,Alex Garcia,Premium,1499,57,5,1,2,1,1,1,500,117,False,False,South,2024-04,0.4517,0
4059,Avery Garcia,Basic,699,16,5,2,2,2,1,1,100,109,False,True,North,2024-08,0.8236,1
4060,Alex Khan,Plus,999,54,2,4,7,0,1,0,200,163,True,True,North,2024-05,0.5229,1
4061,Reese Martinez,Premium,1499,46,5,4,5,5,0,1,500,259,False,True,South,2024-01,0.6688,1
4062,Riley Smith,Ultra,2499,26,5,7,8,0,1,0,1000,209,False,False,East,2024-06,0.8708,0
4063,Taylor Davis,Ultra,2499,17,2,1,3,3,0,0,1000,156,False,True,West,2024-03,0.788,1
4064,Reese Patel,Premium,1499,22,3,1,6,5,1,0,500,241,False,False,North,2024-09,0.8492,1
4065,Jamie Davis,Basic,699,34,5,3,8,5,0,1,100,167,False,True,West,2024-10,0.9022,1
4066,Quinn Khan,Basic,699,56,7,6,5,5,0,0,100,160,True,False,West,2024-01,0.9326,1
4067,Casey Johnson,Basic,699,22,7,4,1,3,1,0,100,199,False,False,West,2024-01,0.8854,1
4068,Jamie Brown,Ultra,2499,52,8,5,1,5,1,0,1000,72,True,False,East,2024-03,0.9192,1
4069,Jordan Garcia,Basic,699,5,5,4,1,5,1,0,100,116,False,False,East,2024-02,0.6727,1
4070,Jordan Johnson,Ultra,2499,44,7,7,3,2,0,1,1000,66,True,False,West,2024-07,0.8995,1
4071,Jamie Davis,Premium,1499,19,0,2,3,0,0,1,500,135,False,False,South,2024-10,0.6011,0
4072,Reese Patel,Premium,1499,30,1,3,5,3,0,0,500,78,True,False,East,2024-06,0.5176,1
4073,Avery Brown,Plus,999,15,8,7,8,4,0,0,200,255,False,True,East,2024-12,0.921,0
4074,Avery Davis,Basic,699,37,6,2,6,1,0,0,100,223,False,False,East,2024-04,0.8569,1
4075,Jamie Khan,Premium,1499,13,2,7,2,3,0,0,500,198,False,False,East,2024-10,0.8047,1
4076,Avery Johnson,Plus,999,2,3,7,5,5,0,1,200,212,False,False,North,2024-09,0.8917,1
4077,Jamie Garcia,Plus,999,37,4,1,7,0,1,1,200,144,False,False,South,2024-08,0.7275,0
4078,Quinn Martinez,Ultra,2499,59,3,7,8,0,0,1,1000,244,False,False,North,2024-03,0.8119,1
4079,Reese Brown,Plus,999,14,7,7,0,4,1,1,200,192,True,True,South,2024-12,0.8904,1
4080,Avery Davis,Plus,999,6,0,2,3,1,0,0,200,210,False,False,West,2024-11,0.6144,0
4081,Morgan Patel,Plus,999,47,5,4,2,3,0,0,200,170,True,False,North,2024-09,0.6063,0
4082,Jamie Martinez,Ultra,2499,7,4,3,0,2,1,1,1000,235,True,False,South,2024-08,0.8079,1
4083,Casey Brown,Ultra,2499,34,5,1,7,2,1,1,1000,56,False,False,South,2024-03,0.6982,0
4084,Quinn Martinez,Plus,999,53,5,0,4,3,1,1,200,302,True,False,West,2024-05,0.5789,1
4085,Jordan Smith,Premium,1499,59,0,6,6,0,0,1,500,127,False,True,West,2024-11,0.4608,0
4086,Jamie Smith,Premium,1499,46,1,1,1,5,1,0,500,141,False,True,North,2024-01,0.8205,1
4087,Jordan Patel,Ultra,2499,47,2,1,6,4,1,1,1000,198,False,True,North,2024-07,0.5479,0
4088,Jamie Johnson,Plus,999,18,4,3,2,4,1,1,200,147,True,False,West,2024-09,0.8742,1
4089,Reese Johnson,Basic,699,46,7,2,4,3,0,1,100,292,False,True,West,2024-01,0.8797,1
4090,Taylor Garcia,Plus,999,2,3,7,4,2,1,1,200,232,True,False,West,2024-11,0.8724,1
4091,Avery Khan,Premium,1499,10,1,1,4,0,1,0,500,20,False,False,West,2024-05,0.7139,0
4092,Reese Davis,Basic,699,13,8,3,4,1,1,0,100,179,False,True,East,2024-03,0.8521,1
4093,Reese Lee,Plus,999,9,2,5,7,0,1,1,200,183,True,True,East,2024-03,0.5053,1
4094,Morgan Nguyen,Ultra,2499,20,6,6,3,4,1,0,1000,219,False,True,North,2024-03,0.9272,1
4095,Riley Johnson,Premium,1499,60,7,5,7,4,1,1,500,227,False,False,East,2024-07,0.9329,1
4096,Taylor Smith,Ultra,2499,60,7,4,1,1,1,0,1000,222,False,False,East,2024-01,0.5271,1
4097,Avery Brown,Basic,699,28,4,5,3,5,0,1,100,175,False,False,South,2024-02,0.8737,1
4098,Jordan Martinez,Plus,999,21,0,0,5,4,0,0,200,187,False,True,East,2024-07,0.7703,1
4099,Riley Lee,Plus,999,31,6,5,3,4,1,0,200,225,True,False,South,2024-05,0.7688,1
4100,Reese Smith,Basic,699,58,5,0,3,2,1,1,100,334,True,False,East,2024-01,0.5005,0
4101,Jamie Davis,Plus,999,45,0,5,5,0,0,0,200,20,True,False,North,2024-06,0.7868,1
4102,Jordan Garcia,Premium,1499,37,2,4,1,4,1,0,500,142,False,False,South,2024-07,0.8006,1
4103,Reese Brown,Ultra,2499,50,0,3,2,4,0,0,1000,152,True,False,South,2024-07,0.4386,0
4104,Reese Johnson,Basic,699,31,2,1,6,2,0,1,100,222,False,False,North,2024-02,0.3696,0
4105,Alex Patel,Ultra,2499,12,6,1,1,3,0,1,1000,104,True,True,South,2024-09,0.8418,0
4106,Taylor Brown,Plus,999,24,5,6,7,1,0,0,200,223,False,True,South,2024-02,0.8825,0
4107,Reese Patel,Plus,999,17,6,6,6,1,0,0,200,124,False,False,South,2024-02,0.8573,1
4108,Riley Lee,Ultra,2499,1,1,4,6,5,0,0,1000,144,True,False,East,2024-10,0.8845,1
4109,Morgan Johnson,Plus,999,40,3,6,0,0,1,1,200,283,False,False,South,2024-06,0.355,0
4110,Reese Martinez,Premium,1499,5,7,5,1,4,0,0,500,164,False,False,East,2024-09,0.6083,0
4111,Avery Davis,Plus,999,33,6,6,1,1,0,1,200,64,False,False,North,2024-06,0.5951,0
4112,Jamie Johnson,Basic,699,31,2,4,8,2,1,0,100,218,False,False,South,2024-02,0.8344,1
4113,Alex Davis,Plus,999,45,8,6,3,1,1,1,200,244,False,True,North,2024-03,0.6173,1
4114,Jamie Johnson,Plus,999,58,3,4,2,3,0,0,200,149,False,False,North,2024-06,0.8413,1
4115,Morgan Lee,Basic,699,19,0,2,8,5,1,1,100,162,False,False,North,2024-07,0.8376,1
4116,Jamie Nguyen,Ultra,2499,34,2,2,4,5,1,0,1000,180,False,False,North,2024-07,0.8042,1
4117,Reese Khan,Plus,999,43,6,0,6,5,0,1,200,36,False,False,South,2024-10,0.6255,1
4118,Jamie Smith,Ultra,2499,18,5,4,5,3,0,0,1000,253,False,False,West,2024-09,0.8827,1
4119,Alex Davis,Ultra,2499,39,4,1,2,4,1,1,1000,243,False,False,South,2024-08,0.7993,1
4120,Quinn Brown,Basic,699,41,1,4,1,5,0,1,100,293,False,False,West,2024-03,0.7605,1
4121,Quinn Martinez,Premium,1499,3,1,4,7,5,0,0,500,194,False,True,West,2024-02,0.8785,1
4122,Jordan Smith,Plus,999,44,8,4,4,5,0,1,200,167,False,False,North,2024-05,0.9122,1
4123,Morgan Khan,Premium,1499,8,2,1,7,2,1,1,500,130,False,False,South,2024-07,0.7609,0
4124,Taylor Patel,Basic,699,20,7,0,2,1,1,0,100,181,False,True,North,2024-07,0.7703,1
4125,Taylor Brown,Plus,999,55,5,1,3,4,1,1,200,416,True,False,West,2024-11,0.6157,1
4126,Taylor Davis,Basic,699,24,5,7,2,1,1,0,100,151,False,False,East,2024-06,0.5229,1
4127,Alex Brown,Ultra,2499,31,0,2,5,5,1,1,1000,48,False,False,East,2024-05,0.519,0
4128,Morgan Smith,Ultra,2499,60,2,1,2,4,1,1,1000,188,False,False,South,2024-08,0.526,0
4129,Alex Garcia,Plus,999,4,0,1,7,0,1,1,200,258,False,False,West,2024-04,0.3762,0
4130,Avery Nguyen,Ultra,2499,55,6,2,1,2,1,1,1000,157,False,False,West,2024-04,0.825,1
4131,Quinn Brown,Basic,699,14,6,6,3,4,1,0,100,143,True,False,West,2024-02,0.9339,1
4132,Riley Brown,Basic,699,22,3,1,8,5,1,1,100,166,False,True,West,2024-07,0.8673,1
4133,Alex Garcia,Ultra,2499,4,0,3,4,0,0,1,1000,24,False,False,South,2024-09,0.7111,0
4134,Riley Garcia,Ultra,2499,6,4,7,4,2,0,0,1000,238,False,True,East,2024-11,0.8455,1
4135,Avery Smith,Plus,999,44,5,3,4,3,0,0,200,127,False,False,East,2024-03,0.8531,1
4136,Casey Davis,Ultra,2499,36,2,0,1,2,0,0,1000,76,False,True,South,2024-10,0.7386,1
4137,Jordan Nguyen,Premium,1499,41,1,5,2,1,0,1,500,142,False,False,West,2024-01,0.7194,0
4138,Reese Patel,Ultra,2499,55,6,6,7,0,0,1,1000,101,False,False,East,2024-12,0.874,1
4139,Avery Brown,Premium,1499,7,1,3,2,4,1,0,500,352,False,False,East,2024-12,0.8157,1
4140,Alex Smith,Plus,999,59,8,3,5,1,0,1,200,119,False,True,East,2024-07,0.606,0
4141,Taylor Johnson,Plus,999,19,1,1,3,2,0,1,200,157,False,False,North,2024-03,0.7203,1
4142,Casey Davis,Premium,1499,35,3,5,2,3,0,0,500,236,False,False,West,2024-09,0.7462,1
4143,Morgan Davis,Premium,1499,21,6,4,7,0,0,0,500,109,False,False,West,2024-06,0.8608,1
4144,Taylor Nguyen,Premium,1499,56,4,4,3,0,1,1,500,190,False,False,East,2024-05,0.7679,1
4145,Jordan Martinez,Basic,699,31,7,1,4,5,1,1,100,135,False,True,South,2024-09,0.8586,1
4146,Reese Khan,Plus,999,29,6,1,0,4,0,0,200,173,False,False,West,2024-09,0.5773,1
4147,Jordan Davis,Basic,699,33,4,4,4,2,1,0,100,236,False,False,South,2024-06,0.8764,1
4148,Reese Johnson,Premium,1499,5,1,0,4,2,0,1,500,241,False,False,South,2024-02,0.7473,1
4149,Taylor Smith,Plus,999,44,0,0,0,4,1,1,200,318,False,False,East,2024-04,0.6828,1
4150,Riley Johnson,Premium,1499,21,6,3,1,2,0,1,500,166,False,False,North,2024-12,0.8341,1
4151,Riley Lee,Basic,699,38,0,3,7,3,1,0,100,281,True,True,South,2024-06,0.8173,1
4152,Casey Khan,Plus,999,14,5,5,1,5,1,0,200,129,False,False,North,2024-11,0.6572,1
4153,Avery Lee,Plus,999,15,7,1,1,4,0,0,200,238,False,False,North,2024-08,0.8292,1
4154,Riley Nguyen,Premium,1499,58,5,7,0,2,0,1,500,80,False,False,West,2024-07,0.8637,0
4155,Taylor Nguyen,Plus,999,54,5,4,6,3,0,1,200,135,False,True,West,2024-04,0.8766,1
4156,Riley Nguyen,Basic,699,24,7,1,2,0,1,1,100,116,True,False,West,2024-09,0.8395,1
4157,Casey Martinez,Premium,1499,11,8,0,4,1,1,1,500,196,False,False,West,2024-01,0.7879,1
4158,Alex Nguyen,Premium,1499,60,8,3,2,0,0,0,500,240,False,True,East,2024-05,0.5188,1
4159,Reese Garcia,Premium,1499,45,8,5,6,2,1,0,500,166,False,False,East,2024-01,0.9118,1
4160,Avery Brown,Ultra,2499,60,3,1,6,5,1,1,1000,122,False,False,North,2024-01,0.5977,1
4161,Avery Martinez,Ultra,2499,18,2,1,2,5,0,1,1000,39,False,False,North,2024-06,0.7652,1
4162,Avery Khan,Premium,1499,27,0,2,8,5,0,1,500,306,True,False,North,2024-08,0.8613,1
4163,Quinn Johnson,Premium,1499,16,0,7,7,1,0,1,500,184,False,False,West,2024-08,0.5373,0
4164,Riley Davis,Basic,699,6,5,0,0,4,1,1,100,168,False,False,East,2024-12,0.7864,1
4165,Quinn Nguyen,Plus,999,8,2,7,1,5,1,0,200,183,False,False,West,2024-08,0.5869,1
4166,Jamie Johnson,Ultra,2499,9,0,1,6,2,1,1,1000,164,False,True,South,2024-11,0.8008,1
4167,Casey Davis,Plus,999,17,8,1,3,0,0,1,200,190,False,False,West,2024-03,0.7626,1
4168,Casey Johnson,Basic,699,43,5,3,3,0,1,0,100,252,False,False,West,2024-03,0.7938,1
4169,Taylor Davis,Basic,699,2,1,0,6,5,0,1,100,112,False,False,West,2024-02,0.7733,1
4170,Avery Nguyen,Ultra,2499,21,3,6,6,0,1,1,1000,190,True,True,North,2024-09,0.8658,1
4171,Jamie Garcia,Ultra,2499,20,3,6,1,1,1,0,1000,186,False,False,West,2024-02,0.8034,0
4172,Avery Johnson,Plus,999,20,1,5,2,0,0,0,200,360,False,False,South,2024-04,0.6412,1
4173,Reese Garcia,Basic,699,51,3,2,8,4,1,1,100,40,False,True,West,2024-06,0.8808,1
4174,Riley Johnson,Basic,699,36,4,5,2,0,1,0,100,153,False,False,East,2024-12,0.4844,0
4175,Jamie Brown,Premium,1499,38,4,1,3,1,0,1,500,220,False,False,South,2024-06,0.7743,0
4176,Casey Garcia,Plus,999,11,8,5,1,2,0,0,200,74,False,False,South,2024-06,0.8315,1
4177,Morgan Khan,Plus,999,14,3,3,0,2,1,0,200,210,False,False,South,2024-02,0.4515,0
4178,Taylor Garcia,Plus,999,14,6,7,0,4,0,0,200,333,False,False,East,2024-12,0.8832,1
4179,Jordan Nguyen,Basic,699,5,1,0,8,1,0,1,100,176,False,True,South,2024-04,0.3627,0
4180,Morgan Nguyen,Basic,699,41,8,6,0,1,0,0,100,140,False,False,North,2024-09,0.4928,0
4181,Riley Davis,Premium,1499,60,8,6,2,4,0,1,500,225,False,False,East,2024-09,0.8965,1
4182,Alex Davis,Ultra,2499,33,0,7,6,4,1,0,1000,87,True,False,East,2024-05,0.6282,1
4183,Taylor Smith,Ultra,2499,18,8,4,0,5,0,1,1000,241,True,True,North,2024-08,0.8978,1
4184,Jamie Garcia,Premium,1499,36,8,0,1,2,1,1,500,219,False,False,South,2024-07,0.4919,0
4185,Reese Lee,Premium,1499,58,6,5,8,3,1,0,500,293,False,False,East,2024-09,0.9157,1
4186,Riley Lee,Plus,999,27,7,3,2,3,0,0,200,152,False,False,North,2024-09,0.8119,1
4187,Alex Khan,Ultra,2499,27,1,4,4,5,1,1,1000,197,False,False,North,2024-09,0.8028,1
4188,Alex Davis,Basic,699,4,7,0,6,0,0,1,100,167,False,False,South,2024-11,0.4748,0
4189,Morgan Johnson,Ultra,2499,1,6,5,8,2,1,0,1000,84,True,False,East,2024-01,0.9081,1
4190,Quinn Smith,Basic,699,52,4,4,8,5,1,0,100,236,False,False,East,2024-08,0.9042,1
4191,Avery Khan,Ultra,2499,42,3,6,0,5,0,1,1000,187,False,False,North,2024-04,0.8564,0
4192,Avery Garcia,Ultra,2499,18,6,7,4,1,0,1,1000,186,False,False,West,2024-01,0.8856,1
4193,Morgan Garcia,Plus,999,14,3,4,3,5,0,1,200,188,False,False,West,2024-12,0.8148,0
4194,Morgan Garcia,Premium,1499,16,4,0,2,3,0,0,500,294,True,False,East,2024-03,0.7884,0
4195,Jordan Martinez,Basic,699,29,8,5,7,3,1,1,100,138,True,True,East,2024-03,0.7114,1
4196,Riley Brown,Ultra,2499,26,8,2,7,1,1,0,1000,207,False,True,North,2024-05,0.8644,1
4197,Quinn Martinez,Basic,699,36,1,2,7,0,1,0,100,290,False,False,East,2024-09,0.3771,0
4198,Casey Martinez,Plus,999,30,6,3,4,1,1,1,200,121,False,False,North,2024-09,0.8538,1
4199,Riley Davis,Plus,999,21,4,7,3,3,1,1,200,244,False,False,West,2024-03,0.8716,0
4200,Jordan Lee,Plus,999,8,8,0,7,0,0,0,200,227,False,False,North,2024-11,0.4488,0
4201,Alex Martinez,Premium,1499,18,2,3,7,1,1,1,500,196,False,False,East,2024-11,0.5411,0
4202,Riley Khan,Ultra,2499,6,3,6,4,1,0,0,1000,223,False,False,North,2024-07,0.5186,0
4203,Quinn Martinez,Premium,1499,49,5,4,8,2,0,0,500,274,False,True,North,2024-11,0.8299,1
4204,Taylor Khan,Premium,1499,30,6,0,1,5,1,1,500,323,False,False,West,2024-10,0.5185,0
4205,Jamie Martinez,Plus,999,25,0,7,8,4,0,1,200,136,False,False,South,2024-01,0.8367,0
4206,Taylor Johnson,Plus,999,45,3,1,0,0,0,1,200,169,False,False,South,2024-02,0.6482,0
4207,Alex Patel,Premium,1499,50,6,7,4,2,1,1,500,105,False,True,South,2024-03,0.908,0
4208,Avery Smith,Premium,1499,20,6,7,8,4,1,0,500,139,False,False,East,2024-05,0.933,1
4209,Taylor Brown,Plus,999,15,4,3,7,0,1,0,200,175,False,False,North,2024-02,0.506,0
4210,Jordan Smith,Plus,999,35,8,4,0,5,1,1,200,141,False,True,East,2024-04,0.8801,1
4211,Morgan Smith,Plus,999,1,7,2,1,2,0,1,200,200,False,True,South,2024-03,0.5626,0
4212,Morgan Martinez,Basic,699,16,3,7,8,0,0,1,100,138,False,True,West,2024-05,0.8037,1
4213,Taylor Smith,Premium,1499,21,5,0,7,5,0,0,500,222,False,False,North,2024-01,0.8647,1
4214,Jamie Nguyen,Premium,1499,18,1,3,0,5,1,0,500,238,True,False,West,2024-01,0.4835,0
4215,Jordan Nguyen,Ultra,2499,17,0,6,4,0,1,0,1000,55,False,True,South,2024-03,0.4676,0
4216,Morgan Davis,Plus,999,48,5,0,1,0,0,0,200,126,True,False,South,2024-12,0.6874,0
4217,Jamie Garcia,Plus,999,60,8,5,8,0,1,0,200,135,False,False,South,2024-03,0.6367,1
4218,Reese Smith,Ultra,2499,55,1,0,1,4,1,0,1000,159,False,False,North,2024-06,0.7335,1
4219,Jordan Davis,Basic,699,52,4,3,5,0,1,0,100,191,False,False,North,2024-08,0.7956,1
4220,Avery Brown,Basic,699,7,5,4,3,5,0,1,100,178,False,False,North,2024-11,0.8856,0
4221,Taylor Khan,Plus,999,53,0,6,4,5,1,1,200,124,False,False,North,2024-11,0.641,1
4222,Casey Lee,Plus,999,28,5,2,3,4,1,0,200,163,False,False,South,2024-01,0.8254,1
4223,Avery Lee,Ultra,2499,45,7,1,6,3,0,0,1000,193,False,False,East,2024-05,0.8419,1
4224,Quinn Johnson,Ultra,2499,9,5,3,3,5,0,1,1000,226,False,False,North,2024-08,0.9073,1
4225,Casey Garcia,Ultra,2499,36,6,1,2,0,0,0,1000,124,False,False,North,2024-05,0.428,0
4226,Quinn Garcia,Ultra,2499,56,6,4,5,5,0,0,1000,57,False,False,South,2024-03,0.9219,1
4227,Reese Davis,Basic,699,27,0,4,5,5,0,1,100,118,False,False,West,2024-01,0.8032,1
4228,Alex Nguyen,Ultra,2499,44,1,7,2,4,0,0,1000,102,False,False,East,2024-04,0.5572,0
4229,Taylor Patel,Plus,999,35,4,3,0,4,0,1,200,250,False,False,South,2024-04,0.4859,0
4230,Alex Johnson,Premium,1499,45,2,0,5,3,1,1,500,119,False,True,South,2024-05,0.5569,1
4231,Reese Davis,Premium,1499,47,5,1,7,5,1,0,500,127,False,False,North,2024-05,0.8564,1
4232,Jamie Brown,Plus,999,49,0,5,4,2,1,1,200,212,False,True,South,2024-02,0.7657,0
4233,Jamie Johnson,Premium,1499,58,4,2,2,4,0,0,500,249,False,False,West,2024-05,0.5057,0
4234,Quinn Smith,Plus,999,1,4,5,5,0,1,1,200,222,False,False,East,2024-02,0.8665,1
4235,Jordan Garcia,Basic,699,1,5,2,5,0,0,0,100,95,True,False,East,2024-07,0.4838,0
4236,Jamie Patel,Ultra,2499,58,6,5,5,3,0,1,1000,174,False,True,East,2024-11,0.9206,1
4237,Riley Nguyen,Basic,699,23,6,4,0,3,1,1,100,133,False,False,North,2024-05,0.8321,0
4238,Casey Lee,Premium,1499,40,2,3,6,1,1,1,500,213,False,False,North,2024-11,0.7864,0
4239,Jordan Garcia,Ultra,2499,44,6,5,7,3,1,0,1000,190,False,True,East,2024-06,0.9018,1
4240,Casey Davis,Basic,699,28,6,7,6,4,0,0,100,335,False,False,West,2024-03,0.6809,1
4241,Riley Nguyen,Plus,999,33,5,1,5,3,0,0,200,157,False,False,East,2024-08,0.8198,1
4242,Morgan Brown,Plus,999,45,3,6,0,0,0,1,200,313,False,False,West,2024-07,0.6816,1
4243,Avery Johnson,Premium,1499,3,3,5,8,5,0,1,500,318,False,False,East,2024-05,0.914,1
4244,Avery Nguyen,Basic,699,33,4,6,4,4,1,1,100,209,True,False,East,2024-08,0.8892,1
4245,Alex Johnson,Ultra,2499,57,3,2,4,1,1,1,1000,219,True,False,South,2024-02,0.7793,1
4246,Casey Lee,Ultra,2499,30,3,0,6,5,0,1,1000,268,False,False,West,2024-03,0.8137,1
4247,Taylor Smith,Ultra,2499,27,1,4,7,5,1,1,1000,172,False,False,West,2024-11,0.6099,1
4248,Reese Martinez,Ultra,2499,8,2,3,4,4,1,1,1000,110,False,True,East,2024-10,0.8689,1
4249,Quinn Nguyen,Plus,999,28,1,4,8,5,0,0,200,217,False,False,East,2024-11,0.8678,1
4250,Avery Martinez,Plus,999,34,0,7,0,1,0,0,200,55,False,False,West,2024-01,0.731,0
4251,Jamie Lee,Premium,1499,6,8,3,8,5,1,0,500,355,False,False,South,2024-05,0.9139,1
4252,Reese Patel,Ultra,2499,48,1,1,0,1,0,1,1000,312,False,False,South,2024-09,0.5988,0
4253,Alex Brown,Premium,1499,50,4,1,6,0,1,1,500,83,False,False,North,2024-04,0.7763,1
4254,Riley Lee,Premium,1499,13,6,1,0,2,0,0,500,253,False,False,East,2024-11,0.7416,1
4255,Reese Brown,Premium,1499,51,0,2,4,4,0,1,500,137,True,True,South,2024-08,0.8129,1
4256,Alex Khan,Premium,1499,22,8,0,5,5,1,0,500,180,False,False,East,2024-03,0.8945,1
4257,Riley Davis,Plus,999,54,4,5,6,3,0,1,200,196,False,False,South,2024-09,0.8757,1
4258,Avery Patel,Ultra,2499,15,1,7,3,1,0,1,1000,149,False,False,West,2024-10,0.7711,1
4259,Morgan Brown,Basic,699,22,0,3,4,1,0,1,100,115,True,True,East,2024-07,0.4436,0
4260,Casey Martinez,Plus,999,16,5,7,1,1,0,1,200,135,False,False,North,2024-04,0.8305,1
4261,Jordan Patel,Plus,999,34,7,2,8,3,0,0,200,163,False,False,East,2024-12,0.8642,1
4262,Alex Davis,Ultra,2499,26,0,7,0,0,1,0,1000,145,False,False,East,2024-05,0.3269,0
4263,Jordan Patel,Plus,999,18,5,7,1,3,0,1,200,57,False,False,West,2024-04,0.5601,1
4264,Morgan Patel,Basic,699,55,3,2,3,0,0,0,100,157,True,False,West,2024-03,0.7215,1
4265,Quinn Patel,Basic,699,27,0,3,5,0,0,1,100,250,False,True,South,2024-09,0.6755,1
4266,Reese Nguyen,Premium,1499,9,4,5,1,5,0,1,500,118,False,False,South,2024-10,0.5631,0
4267,Riley Johnson,Ultra,2499,32,8,5,8,3,0,0,1000,213,False,False,East,2024-07,0.9174,0
4268,Reese Nguyen,Ultra,2499,34,2,3,0,0,1,0,1000,268,False,True,West,2024-08,0.7264,1
4269,Alex Martinez,Premium,1499,2,8,2,5,5,1,0,500,224,False,False,East,2024-06,0.7693,1
4270,Jamie Brown,Ultra,2499,41,4,2,1,0,1,0,1000,203,False,True,East,2024-11,0.7662,0
4271,Jamie Martinez,Plus,999,1,1,6,0,4,0,1,200,157,False,False,South,2024-10,0.4516,0
4272,Alex Brown,Premium,1499,50,6,7,6,0,0,1,500,132,False,True,South,2024-10,0.8785,1
4273,Jordan Johnson,Premium,1499,41,3,3,8,5,0,1,500,184,False,False,South,2024-05,0.901,0
4274,Taylor Lee,Ultra,2499,33,0,4,7,5,0,1,1000,185,False,False,East,2024-05,0.8626,1
4275,Quinn Khan,Plus,999,17,1,4,8,0,1,1,200,149,False,True,South,2024-02,0.7691,1
4276,Quinn Khan,Ultra,2499,50,8,6,4,3,0,1,1000,86,False,False,West,2024-02,0.6522,0
4277,Avery Smith,Premium,1499,50,1,0,5,3,1,0,500,216,False,False,South,2024-05,0.7633,0
4278,Morgan Smith,Premium,1499,59,7,6,5,1,1,1,500,246,False,False,West,2024-04,0.8926,1
4279,Alex Garcia,Basic,699,8,2,4,5,4,1,0,100,155,False,False,East,2024-05,0.8882,1
4280,Jordan Patel,Ultra,2499,33,3,2,7,5,1,0,1000,173,False,False,North,2024-09,0.678,1
4281,Taylor Smith,Premium,1499,38,6,0,2,1,0,0,500,151,False,False,South,2024-03,0.7697,0
4282,Riley Garcia,Premium,1499,13,7,5,8,5,0,0,500,244,False,False,West,2024-12,0.9249,1
4283,Jamie Johnson,Premium,1499,5,1,4,7,3,1,0,500,20,False,True,East,2024-10,0.8757,1
4284,Taylor Johnson,Plus,999,42,7,6,1,0,0,0,200,266,False,False,East,2024-12,0.8144,1
4285,Quinn Lee,Basic,699,43,8,3,5,5,1,1,100,211,False,True,East,2024-01,0.892,0
4286,Morgan Martinez,Premium,1499,11,0,4,5,5,1,0,500,129,False,False,West,2024-11,0.8571,1
4287,Morgan Smith,Ultra,2499,27,8,1,4,2,0,0,1000,208,False,False,South,2024-12,0.8432,1
4288,Reese Smith,Ultra,2499,43,4,0,8,0,1,1,1000,169,False,False,North,2024-03,0.4628,0
4289,Quinn Smith,Ultra,2499,15,5,1,2,0,1,1,1000,181,False,False,East,2024-12,0.3875,0
4290,Alex Smith,Ultra,2499,6,2,0,5,1,1,0,1000,22,True,False,West,2024-03,0.7849,1
4291,Avery Johnson,Basic,699,41,2,2,5,3,0,1,100,192,False,False,South,2024-10,0.7627,1
4292,Jamie Lee,Ultra,2499,60,5,4,5,3,1,1,1000,66,True,True,North,2024-08,0.7435,0
4293,Jordan Khan,Premium,1499,31,5,3,8,4,0,1,500,161,False,False,East,2024-12,0.669,1
4294,Quinn Garcia,Basic,699,54,8,5,6,4,0,0,100,310,False,False,North,2024-09,0.8742,1
4295,Alex Johnson,Premium,1499,36,1,6,2,1,0,1,500,131,False,True,West,2024-02,0.7629,1
4296,Casey Martinez,Plus,999,49,1,0,0,0,1,1,200,281,False,True,East,2024-01,0.5311,1
4297,Avery Smith,Premium,1499,52,0,0,3,3,0,1,500,315,False,False,East,2024-07,0.6814,1
4298,Riley Patel,Ultra,2499,41,4,2,3,3,0,1,1000,173,False,False,South,2024-02,0.8006,0
4299,Morgan Brown,Basic,699,10,6,0,5,3,0,0,100,149,False,False,South,2024-07,0.5738,0
4300,Quinn Patel,Plus,999,56,1,4,8,3,1,0,200,105,True,False,West,2024-03,0.8509,1
4301,Reese Khan,Plus,999,8,6,5,3,2,0,0,200,153,False,False,South,2024-11,0.8356,1
4302,Quinn Smith,Plus,999,20,5,1,8,3,0,0,200,361,False,True,West,2024-03,0.5897,1
4303,Alex Brown,Plus,999,40,2,7,5,2,0,0,200,222,False,False,East,2024-06,0.8443,1
4304,Reese Davis,Ultra,2499,21,5,3,2,2,0,0,1000,80,False,False,North,2024-08,0.5702,0
4305,Casey Patel,Basic,699,18,1,0,7,0,1,1,100,20,False,False,East,2024-12,0.3395,0
4306,Casey Davis,Basic,699,18,5,4,5,3,1,0,100,147,False,False,West,2024-04,0.8867,1
4307,Jordan Brown,Premium,1499,13,7,2,4,2,1,1,500,195,False,True,South,2024-07,0.8612,1
4308,Avery Smith,Plus,999,27,2,0,0,4,0,0,200,179,False,False,East,2024-04,0.6578,0
4309,Reese Martinez,Ultra,2499,59,0,5,3,4,1,0,1000,75,False,False,North,2024-02,0.5839,0
4310,Jamie Nguyen,Ultra,2499,54,7,2,6,1,1,1,1000,228,False,False,North,2024-01,0.8816,0
4311,Avery Johnson,Basic,699,35,0,4,4,3,1,0,100,124,False,False,East,2024-02,0.8012,1
4312,Riley Garcia,Basic,699,16,5,6,2,3,0,1,100,160,True,False,North,2024-01,0.8888,1
4313,Morgan Garcia,Premium,1499,16,7,2,8,0,1,1,500,251,False,False,East,2024-08,0.8405,1
4314,Riley Patel,Basic,699,24,4,5,1,3,1,0,100,156,False,False,South,2024-09,0.855,1
4315,Jamie Martinez,Basic,699,38,7,4,1,4,1,0,100,225,False,False,West,2024-12,0.859,0
4316,Casey Lee,Ultra,2499,53,2,3,0,5,1,1,1000,87,False,False,West,2024-09,0.8064,1
4317,Riley Smith,Premium,1499,7,3,0,0,5,0,0,500,286,True,False,West,2024-03,0.508,0
4318,Quinn Patel,Plus,999,27,1,4,1,5,0,0,200,102,False,False,South,2024-10,0.7549,1
4319,Quinn Garcia,Plus,999,28,4,2,8,0,0,0,200,269,False,False,South,2024-03,0.729,1
4320,Alex Nguyen,Ultra,2499,30,2,2,5,3,0,1,1000,215,False,False,North,2024-03,0.462,0
4321,Avery Khan,Plus,999,54,5,2,6,0,0,0,200,293,False,False,North,2024-03,0.7621,1
4322,Casey Lee,Plus,999,34,8,0,1,5,0,0,200,260,True,False,South,2024-12,0.8386,1
4323,Jamie Davis,Plus,999,53,1,0,1,0,1,1,200,197,False,False,North,2024-12,0.5136,1
4324,Jordan Smith,Basic,699,5,7,1,5,4,0,1,100,25,False,True,North,2024-06,0.663,0
4325,Riley Patel,Plus,999,47,5,0,1,0,0,1,200,197,False,False,North,2024-09,0.2914,0
4326,Jamie Garcia,Plus,999,37,0,7,3,4,0,1,200,103,False,True,South,2024-08,0.8298,0
4327,Avery Davis,Basic,699,18,5,1,4,0,1,1,100,219,False,False,North,2024-08,0.7594,1
4328,Casey Smith,Premium,1499,36,3,4,8,5,0,1,500,234,False,True,South,2024-08,0.8748,1
4329,Jamie Garcia,Premium,1499,60,7,0,5,1,0,0,500,155,False,False,East,2024-08,0.8302,1
4330,Jordan Garcia,Ultra,2499,36,3,5,6,1,1,1,1000,184,False,False,East,2024-09,0.8493,1
4331,Riley Garcia,Premium,1499,23,7,7,1,3,0,1,500,341,False,False,West,2024-07,0.8442,0
4332,Quinn Garcia,Basic,699,55,6,1,0,2,0,0,100,235,False,False,East,2024-04,0.7941,1
4333,Alex Nguyen,Premium,1499,40,7,0,0,5,1,1,500,157,False,False,West,2024-10,0.5936,0
4334,Reese Johnson,Premium,1499,46,7,5,5,0,1,1,500,111,False,True,East,2024-05,0.6099,1
4335,Morgan Nguyen,Plus,999,26,6,2,6,1,1,0,200,206,False,False,North,2024-12,0.8593,1
4336,Jamie Johnson,Premium,1499,59,4,1,5,2,0,0,500,258,False,False,West,2024-02,0.5437,1
4337,Quinn Khan,Basic,699,59,6,0,0,0,0,0,100,175,True,False,West,2024-09,0.7348,0
4338,Avery Davis,Ultra,2499,43,8,2,3,0,0,1,1000,156,False,True,East,2024-09,0.8139,0
4339,Casey Martinez,Basic,699,55,6,2,5,0,1,1,100,194,False,False,North,2024-06,0.823,0
4340,Jordan Davis,Basic,699,60,2,5,5,5,0,1,100,209,False,False,East,2024-01,0.8319,1
4341,Avery Davis,Basic,699,12,4,1,6,5,0,1,100,101,False,True,West,2024-10,0.8671,1
4342,Alex Lee,Basic,699,22,3,3,0,0,0,1,100,61,True,False,West,2024-05,0.732,1
4343,Riley Garcia,Basic,699,11,3,1,3,3,1,1,100,241,False,True,East,2024-07,0.8099,1
4344,Taylor Garcia,Premium,1499,48,0,0,7,2,0,0,500,101,False,True,North,2024-02,0.4371,0
4345,Quinn Johnson,Premium,1499,52,2,6,2,0,1,1,500,322,False,False,West,2024-06,0.7777,1
4346,Jamie Smith,Ultra,2499,10,5,0,0,3,1,0,1000,215,False,False,West,2024-12,0.7825,1
4347,Jamie Patel,Plus,999,8,5,1,1,0,0,1,200,217,False,True,South,2024-06,0.7093,1
4348,Casey Garcia,Plus,999,45,6,6,1,3,1,1,200,177,False,False,South,2024-08,0.8915,0
4349,Quinn Smith,Ultra,2499,5,2,5,5,5,0,1,1000,344,False,False,South,2024-10,0.6083,0
4350,Jamie Garcia,Ultra,2499,18,0,3,4,5,1,1,1000,172,False,True,East,2024-12,0.8135,1
4351,Quinn Garcia,Basic,699,33,7,7,1,3,1,1,100,291,False,False,East,2024-08,0.8678,1
4352,Avery Garcia,Ultra,2499,49,8,3,2,0,0,1,1000,78,False,True,West,2024-06,0.8257,1
4353,Morgan Brown,Basic,699,9,6,2,8,4,1,0,100,302,True,False,West,2024-07,0.717,1
4354,Morgan Garcia,Ultra,2499,31,6,0,1,1,0,0,1000,194,False,False,West,2024-03,0.421,0
4355,Reese Johnson,Basic,699,59,5,7,1,4,0,1,100,279,False,True,West,2024-02,0.8592,1
4356,Reese Davis,Ultra,2499,54,6,5,6,2,1,0,1000,172,False,False,North,2024-11,0.6775,0
4357,Riley Johnson,Ultra,2499,13,6,4,5,3,1,0,1000,98,True,True,South,2024-05,0.9122,1
4358,Jamie Johnson,Premium,1499,5,5,5,7,5,0,0,500,257,False,False,North,2024-12,0.9272,1
4359,Jordan Nguyen,Plus,999,52,0,2,8,1,1,1,200,225,False,True,North,2024-08,0.7488,1
4360,Riley Nguyen,Premium,1499,2,3,3,6,3,1,1,500,216,False,False,South,2024-07,0.8581,1
4361,Riley Johnson,Plus,999,19,5,7,1,4,1,1,200,158,False,False,West,2024-09,0.6499,1
4362,Quinn Nguyen,Basic,699,17,1,2,8,0,1,1,100,199,True,True,East,2024-05,0.7717,1
4363,Reese Khan,Ultra,2499,14,2,4,7,0,0,1,1000,170,True,False,East,2024-06,0.7796,1
4364,Taylor Nguyen,Basic,699,11,0,0,7,1,0,1,100,401,False,False,West,2024-09,0.3512,0
4365,Alex Davis,Ultra,2499,41,7,6,7,2,0,0,1000,208,False,False,South,2024-10,0.6737,1
4366,Morgan Brown,Basic,699,24,8,4,1,4,1,0,100,148,False,False,North,2024-02,0.8688,1
4367,Casey Nguyen,Ultra,2499,29,0,0,6,0,1,0,1000,200,False,False,South,2024-09,0.2745,0
4368,Avery Lee,Ultra,2499,55,0,7,2,0,1,0,1000,70,False,True,North,2024-07,0.4242,0
4369,Alex Lee,Premium,1499,25,4,5,0,0,1,1,500,194,False,False,North,2024-12,0.7639,1
4370,Alex Nguyen,Basic,699,19,3,5,7,4,0,1,100,283,True,False,West,2024-01,0.5981,0
4371,Jordan Martinez,Plus,999,57,8,7,2,5,0,0,200,127,False,False,South,2024-09,0.9174,1
4372,Morgan Khan,Ultra,2499,18,0,0,7,2,0,0,1000,189,False,False,East,2024-04,0.3948,0
4373,Casey Brown,Ultra,2499,3,3,5,6,3,0,1,1000,323,False,True,West,2024-03,0.8772,1
4374,Alex Johnson,Ultra,2499,10,8,3,3,1,1,0,1000,173,True,False,South,2024-03,0.5767,0
4375,Jamie Smith,Basic,699,32,5,3,4,5,1,0,100,43,False,True,North,2024-12,0.9023,1
4376,Quinn Nguyen,Premium,1499,47,2,4,1,1,1,0,500,241,False,False,East,2024-03,0.443,0
4377,Jordan Brown,Plus,999,2,3,7,4,4,0,0,200,223,False,False,South,2024-07,0.868,1
4378,Morgan Smith,Premium,1499,22,4,4,4,2,1,0,500,134,False,False,West,2024-04,0.8699,1
4379,Jamie Nguyen,Plus,999,14,4,3,3,3,1,1,200,145,False,False,South,2024-08,0.8367,1
4380,Avery Lee,Basic,699,7,6,5,3,0,0,1,100,191,False,False,West,2024-08,0.8467,1
4381,Alex Lee,Ultra,2499,7,7,1,5,4,0,0,1000,247,False,False,South,2024-04,0.841,1
4382,Morgan Smith,Basic,699,8,3,5,8,2,0,0,100,96,False,True,East,2024-02,0.6003,1
4383,Avery Johnson,Basic,699,60,2,2,0,0,1,0,100,175,False,False,South,2024-03,0.6276,0
4384,Morgan Davis,Ultra,2499,41,8,6,6,1,0,1,1000,251,True,False,West,2024-05,0.8973,1
4385,Morgan Lee,Ultra,2499,21,6,1,2,4,1,0,1000,183,True,True,East,2024-10,0.8916,1
4386,Taylor Patel,Basic,699,53,3,2,7,2,0,0,100,153,False,False,East,2024-09,0.8257,1
4387,Jordan Martinez,Basic,699,55,3,0,6,2,0,0,100,124,True,False,West,2024-10,0.4846,0
4388,Taylor Nguyen,Ultra,2499,25,4,1,1,2,0,1,1000,280,False,False,East,2024-07,0.6928,1
4389,Casey Patel,Ultra,2499,50,5,7,8,1,1,0,1000,155,True,True,East,2024-08,0.7391,1
4390,Avery Lee,Basic,699,53,8,4,3,4,0,0,100,261,False,False,West,2024-04,0.6211,0
4391,Morgan Johnson,Plus,999,36,8,3,1,1,0,1,200,128,False,False,South,2024-09,0.7995,0
4392,Jordan Patel,Basic,699,28,0,1,0,5,1,0,100,262,False,False,South,2024-12,0.6847,1
4393,Jamie Khan,Basic,699,24,1,0,6,0,1,1,100,95,False,False,East,2024-11,0.6865,0
4394,Reese Smith,Ultra,2499,54,6,6,3,0,0,0,1000,224,False,False,South,2024-02,0.8313,0
4395,Avery Khan,Plus,999,59,3,6,5,5,0,0,200,227,False,False,West,2024-12,0.6349,0
4396,Reese Davis,Ultra,2499,52,2,3,3,1,1,1,1000,31,True,False,East,2024-05,0.7869,1
4397,Morgan Khan,Plus,999,27,0,1,6,0,1,1,200,184,False,False,West,2024-04,0.6657,0
4398,Quinn Davis,Plus,999,10,5,7,5,4,1,0,200,98,False,False,West,2024-01,0.6542,1
4399,Alex Martinez,Basic,699,1,2,5,7,4,0,0,100,144,False,True,South,2024-11,0.8923,1
4400,Jordan Brown,Ultra,2499,9,3,4,2,5,0,0,1000,267,False,False,South,2024-03,0.8674,1
4401,Casey Garcia,Premium,1499,52,2,3,0,2,1,1,500,122,False,False,West,2024-07,0.3721,0
4402,Jamie Nguyen,Plus,999,23,1,7,4,1,1,0,200,214,True,False,South,2024-10,0.8242,1
4403,Riley Brown,Basic,699,16,1,6,6,2,1,1,100,208,False,True,South,2024-07,0.8066,1
4404,Jamie Khan,Premium,1499,8,1,7,6,5,1,0,500,119,True,False,West,2024-11,0.9043,1
4405,Reese Martinez,Ultra,2499,28,4,6,2,3,1,0,1000,214,False,False,West,2024-08,0.8813,1
4406,Casey Martinez,Plus,999,22,4,5,7,3,0,1,200,190,False,False,South,2024-01,0.6294,1
4407,Alex Smith,Plus,999,24,2,1,3,3,0,1,200,185,True,False,East,2024-07,0.7726,1
4408,Avery Nguyen,Basic,699,42,7,0,5,3,0,1,100,201,False,False,South,2024-01,0.8249,1
4409,Taylor Nguyen,Basic,699,18,3,3,0,3,1,0,100,161,False,False,South,2024-02,0.7759,0
4410,Alex Brown,Premium,1499,4,5,5,5,0,1,0,500,213,False,False,North,2024-07,0.6154,1
4411,Avery Johnson,Premium,1499,48,8,0,6,3,1,1,500,206,False,False,South,2024-11,0.8861,1
4412,Jordan Brown,Premium,1499,5,6,5,1,1,1,1,500,198,False,False,West,2024-04,0.8459,1
4413,Alex Patel,Basic,699,24,2,3,8,3,1,1,100,241,False,False,North,2024-10,0.7998,1
4414,Morgan Nguyen,Ultra,2499,41,3,5,7,3,0,0,1000,104,False,False,South,2024-04,0.8688,1
4415,Riley Nguyen,Ultra,2499,3,6,2,0,1,1,1,1000,216,True,False,North,2024-11,0.7947,1
4416,Avery Patel,Ultra,2499,27,8,0,3,0,1,1,1000,153,False,False,North,2024-05,0.7501,1
4417,Jamie Patel,Premium,1499,22,3,1,4,4,0,1,500,145,False,False,North,2024-11,0.8266,1
4418,Jordan Davis,Plus,999,51,8,7,8,1,1,0,200,229,True,False,East,2024-08,0.9009,1
4419,Casey Garcia,Premium,1499,47,5,0,8,5,0,1,500,141,False,True,South,2024-05,0.5884,0
4420,Morgan Nguyen,Ultra,2499,37,3,1,3,1,0,1,1000,279,False,False,South,2024-09,0.4034,0
4421,Taylor Martinez,Plus,999,48,6,4,4,2,1,0,200,130,False,False,East,2024-07,0.8785,1
4422,Jordan Khan,Ultra,2499,36,1,5,1,2,1,1,1000,175,False,False,West,2024-12,0.7626,1
4423,Quinn Davis,Basic,699,28,0,1,2,2,1,0,100,210,False,True,South,2024-03,0.3271,0
4424,Taylor Garcia,Ultra,2499,5,4,7,0,3,1,1,1000,155,False,False,North,2024-01,0.8674,1
4425,Casey Garcia,Ultra,2499,40,7,6,4,5,1,0,1000,145,False,False,West,2024-11,0.7808,1
4426,Quinn Patel,Plus,999,20,6,6,2,2,1,1,200,310,True,False,North,2024-07,0.8718,1
4427,Quinn Garcia,Plus,999,25,1,4,2,1,1,1,200,63,False,False,East,2024-02,0.3475,0
4428,Riley Smith,Premium,1499,58,8,0,4,2,1,0,500,169,False,False,North,2024-01,0.8101,1
4429,Reese Garcia,Basic,699,29,1,4,1,0,0,0,100,194,False,False,East,2024-09,0.6502,0
4430,Quinn Smith,Plus,999,26,2,6,3,0,0,1,200,67,False,False,West,2024-09,0.3794,0
4431,Taylor Nguyen,Premium,1499,58,2,1,3,4,1,0,500,200,True,False,South,2024-02,0.8191,1
4432,Taylor Patel,Basic,699,6,5,4,7,4,1,0,100,150,False,False,South,2024-02,0.8745,1
4433,Taylor Davis,Ultra,2499,43,0,5,3,4,1,1,1000,212,False,False,East,2024-06,0.8482,1
4434,Taylor Khan,Plus,999,35,7,4,3,0,0,1,200,199,False,False,East,2024-09,0.7743,0
4435,Reese Patel,Plus,999,1,0,2,0,0,1,0,200,183,False,False,South,2024-03,0.561,1
4436,Jordan Davis,Basic,699,8,6,2,8,0,0,1,100,254,False,True,West,2024-04,0.8238,0
4437,Avery Lee,Ultra,2499,57,5,0,7,3,0,0,1000,56,False,False,North,2024-07,0.8368,0
4438,Taylor Khan,Ultra,2499,24,5,3,4,0,0,0,1000,212,False,False,North,2024-07,0.4626,0
4439,Taylor Garcia,Ultra,2499,21,3,5,4,1,0,1,1000,160,True,True,West,2024-10,0.8079,0
4440,Riley Johnson,Premium,1499,37,2,3,0,0,1,1,500,219,False,True,East,2024-07,0.6841,1
4441,Riley Nguyen,Basic,699,27,6,1,1,4,1,1,100,29,True,True,North,2024-10,0.6164,0
4442,Reese Garcia,Ultra,2499,36,6,6,5,2,1,0,1000,248,False,False,East,2024-08,0.6839,1
4443,Taylor Lee,Plus,999,35,6,5,1,3,1,1,200,301,False,False,South,2024-11,0.8737,1
4444,Jordan Smith,Basic,699,26,3,5,3,0,0,0,100,203,False,True,North,2024-01,0.7651,0
4445,Avery Davis,Plus,999,47,4,6,1,1,0,0,200,175,True,False,North,2024-08,0.7991,1
4446,Morgan Lee,Basic,699,11,0,4,5,5,0,1,100,158,False,False,West,2024-04,0.8334,1
4447,Casey Nguyen,Premium,1499,56,6,1,6,3,0,0,500,114,False,False,North,2024-01,0.5594,1
4448,Quinn Nguyen,Ultra,2499,50,5,7,0,4,0,1,1000,101,True,False,North,2024-12,0.9061,1
4449,Jordan Patel,Plus,999,50,6,2,6,0,1,1,200,217,False,False,East,2024-06,0.8314,0
4450,Jamie Garcia,Basic,699,60,2,6,6,4,1,1,100,105,False,True,East,2024-08,0.9023,1
4451,Avery Garcia,Plus,999,24,5,2,1,5,1,1,200,171,False,False,West,2024-10,0.5896,1
4452,Taylor Brown,Premium,1499,36,6,6,8,2,0,1,500,111,False,False,East,2024-03,0.8988,1
4453,Alex Patel,Basic,699,53,2,3,0,4,0,0,100,150,True,False,East,2024-04,0.7512,1
4454,Riley Brown,Basic,699,4,2,3,4,0,1,0,100,231,False,False,North,2024-10,0.7067,1
4455,Taylor Brown,Basic,699,37,2,3,2,2,1,0,100,219,True,False,West,2024-12,0.7946,1
4456,Jamie Nguyen,Basic,699,5,6,3,4,5,1,1,100,118,False,True,West,2024-05,0.9086,1
4457,Avery Johnson,Basic,699,45,7,2,1,5,1,0,100,164,True,False,South,2024-08,0.8821,1
4458,Riley Nguyen,Premium,1499,55,6,4,2,4,1,0,500,169,False,False,West,2024-04,0.8943,1
4459,Reese Nguyen,Basic,699,6,1,3,5,2,0,1,100,303,False,False,East,2024-07,0.7415,0
4460,Avery Brown,Basic,699,14,2,1,5,3,0,0,100,59,False,True,South,2024-11,0.8152,1
4461,Jamie Davis,Ultra,2499,1,8,4,6,5,1,1,1000,297,True,True,North,2024-12,0.8233,1
4462,Taylor Khan,Ultra,2499,7,7,0,8,2,0,1,1000,103,False,False,West,2024-08,0.828,1
4463,Morgan Johnson,Premium,1499,45,0,7,3,3,0,0,500,101,False,False,West,2024-04,0.8079,0
4464,Jamie Johnson,Plus,999,42,8,1,7,4,0,0,200,85,False,True,West,2024-04,0.8716,1
4465,Quinn Smith,Ultra,2499,58,1,7,6,4,1,0,1000,109,False,False,West,2024-02,0.8817,1
4466,Taylor Garcia,Ultra,2499,43,5,7,0,0,1,0,1000,154,False,False,North,2024-03,0.811,1
4467,Quinn Brown,Premium,1499,8,7,0,6,1,1,0,500,181,True,False,South,2024-05,0.8238,1
4468,Casey Martinez,Plus,999,28,7,6,1,3,1,0,200,223,False,False,North,2024-03,0.6371,1
4469,Alex Martinez,Ultra,2499,57,3,7,0,0,1,1,1000,110,False,False,West,2024-08,0.5315,0
4470,Jamie Nguyen,Plus,999,49,7,1,2,5,1,0,200,213,False,False,North,2024-10,0.859,1
4471,Jordan Smith,Ultra,2499,33,6,4,2,0,1,0,1000,279,True,False,West,2024-02,0.8706,1
4472,Riley Nguyen,Plus,999,31,7,5,6,5,1,0,200,169,False,False,South,2024-08,0.931,1
4473,Taylor Khan,Plus,999,27,4,2,6,5,1,1,200,110,False,True,East,2024-03,0.8897,1
4474,Reese Martinez,Premium,1499,16,4,0,7,0,1,0,500,166,False,False,West,2024-05,0.7717,1
4475,Riley Smith,Ultra,2499,2,5,6,4,0,0,0,1000,203,False,False,West,2024-01,0.8562,1
4476,Casey Lee,Premium,1499,22,1,3,5,3,0,0,500,196,True,False,North,2024-07,0.7787,1
4477,Reese Nguyen,Premium,1499,44,0,3,6,1,0,1,500,114,True,True,East,2024-01,0.7573,1
4478,Morgan Khan,Plus,999,12,6,0,2,3,1,1,200,160,False,False,East,2024-01,0.8331,1
4479,Avery Patel,Premium,1499,39,4,5,8,3,0,0,500,98,False,True,North,2024-01,0.8815,1
4480,Reese Garcia,Ultra,2499,29,4,1,5,4,1,1,1000,246,False,False,East,2024-12,0.5805,1
4481,Jordan Davis,Premium,1499,49,5,0,7,2,1,1,500,212,False,False,South,2024-10,0.5422,1
4482,Casey Patel,Ultra,2499,20,2,4,0,2,0,1,1000,197,False,False,North,2024-10,0.7243,1
4483,Reese Garcia,Basic,699,41,2,2,2,3,1,1,100,226,False,False,South,2024-07,0.7187,1
4484,Jordan Garcia,Ultra,2499,51,8,1,4,4,0,1,1000,154,False,False,West,2024-02,0.8611,1
4485,Reese Brown,Plus,999,53,6,7,5,3,1,0,200,217,True,True,West,2024-07,0.939,1
4486,Taylor Martinez,Ultra,2499,52,1,6,4,5,0,0,1000,152,False,True,North,2024-09,0.6774,0
4487,Jordan Smith,Plus,999,21,5,7,1,2,0,1,200,133,True,True,North,2024-10,0.6409,1
4488,Avery Johnson,Premium,1499,51,5,3,5,1,0,1,500,237,True,False,West,2024-07,0.818,0
4489,Jordan Lee,Premium,1499,26,6,0,0,5,0,1,500,201,False,True,North,2024-12,0.5479,1
4490,Jordan Patel,Basic,699,10,6,1,5,2,1,0,100,223,False,False,West,2024-11,0.8343,1
4491,Jamie Lee,Premium,1499,59,5,2,8,4,1,1,500,158,False,False,North,2024-10,0.7059,1
4492,Quinn Garcia,Plus,999,25,0,5,1,5,1,1,200,173,False,False,North,2024-04,0.8255,1
4493,Quinn Lee,Basic,699,9,2,3,1,2,1,1,100,164,False,False,North,2024-03,0.7908,1
4494,Taylor Davis,Ultra,2499,22,2,6,5,3,0,0,1000,132,False,True,East,2024-05,0.8517,1
4495,Casey Garcia,Basic,699,46,8,1,1,3,0,1,100,286,True,False,East,2024-12,0.7979,1
4496,Jamie Johnson,Plus,999,25,1,5,1,0,0,0,200,292,False,False,South,2024-02,0.6972,0
4497,Jamie Brown,Ultra,2499,3,0,7,7,5,1,1,1000,169,False,False,East,2024-07,0.6149,0
4498,Quinn Patel,Ultra,2499,27,4,6,1,5,1,1,1000,178,False,False,North,2024-10,0.8914,1
4499,Jordan Patel,Premium,1499,39,0,5,6,0,0,0,500,261,False,False,West,2024-03,0.7855,1
4500,Casey Davis,Plus,999,7,5,3,0,4,1,0,200,132,False,True,South,2024-05,0.8618,0
4501,Jamie Davis,Ultra,2499,36,8,7,0,3,1,0,1000,233,True,True,North,2024-01,0.913,1
4502,Reese Davis,Ultra,2499,32,2,2,4,4,1,1,1000,214,True,False,West,2024-01,0.7988,1
4503,Reese Davis,Basic,699,29,1,0,0,1,1,1,100,169,False,True,South,2024-11,0.2567,0
4504,Taylor Martinez,Premium,1499,16,7,4,7,2,0,1,500,165,False,False,East,2024-04,0.8916,1
4505,Alex Patel,Ultra,2499,47,3,6,3,2,0,0,1000,201,False,True,West,2024-05,0.862,1
4506,Quinn Smith,Ultra,2499,54,4,3,3,0,1,1,1000,203,True,False,West,2024-06,0.444,0
4507,Taylor Smith,Ultra,2499,55,8,2,7,1,1,1,1000,20,False,False,South,2024-10,0.6207,1
4508,Riley Brown,Premium,1499,56,1,1,7,3,0,1,500,165,False,True,West,2024-04,0.4387,0
4509,Jamie Khan,Plus,999,51,1,1,5,1,0,0,200,60,False,False,South,2024-07,0.3429,0
4510,Morgan Lee,Basic,699,31,3,5,5,0,0,0,100,166,True,True,West,2024-09,0.8292,1
4511,Avery Davis,Premium,1499,7,2,3,0,5,1,1,500,193,False,False,East,2024-04,0.8508,1
4512,Jordan Brown,Ultra,2499,17,2,2,5,3,0,1,1000,107,True,True,South,2024-02,0.5725,0
4513,Taylor Smith,Premium,1499,9,3,1,4,2,1,0,500,183,False,False,East,2024-02,0.8013,1
4514,Jamie Khan,Premium,1499,24,2,2,7,0,0,0,500,149,False,False,North,2024-05,0.7615,1
4515,Avery Patel,Plus,999,9,8,4,5,1,0,0,200,200,False,False,West,2024-07,0.8261,0
4516,Riley Brown,Plus,999,48,6,7,0,0,1,0,200,179,True,False,North,2024-09,0.8255,1
4517,Casey Brown,Premium,1499,51,0,0,0,2,1,0,500,214,False,False,South,2024-03,0.256,0
4518,Riley Johnson,Plus,999,15,2,7,2,2,1,1,200,177,False,False,South,2024-09,0.816,1
4519,Riley Garcia,Premium,1499,40,5,2,3,1,1,0,500,182,False,False,East,2024-03,0.5528,1
4520,Morgan Martinez,Ultra,2499,19,8,4,3,2,0,1,1000,234,False,False,West,2024-03,0.848,1
4521,Reese Brown,Premium,1499,58,5,5,8,4,1,0,500,195,False,False,North,2024-04,0.9179,1
4522,Morgan Smith,Premium,1499,51,8,5,3,5,0,0,500,208,False,False,North,2024-04,0.8772,1
4523,Avery Smith,Basic,699,58,2,1,6,0,1,1,100,158,True,False,West,2024-04,0.7042,1
4524,Jamie Martinez,Plus,999,14,1,2,6,2,0,0,200,269,True,True,West,2024-05,0.7843,1
4525,Casey Lee,Ultra,2499,5,0,5,4,4,1,0,1000,166,False,True,North,2024-01,0.8748,1
4526,Casey Davis,Basic,699,21,3,3,6,1,0,0,100,209,False,False,South,2024-07,0.4282,0
4527,Alex Khan,Premium,1499,18,4,6,5,5,0,0,500,175,False,False,East,2024-01,0.9011,1
4528,Jamie Johnson,Basic,699,27,2,0,7,3,0,1,100,57,False,False,South,2024-03,0.4345,0
4529,Quinn Martinez,Ultra,2499,10,7,2,5,0,1,0,1000,167,True,False,North,2024-09,0.8393,1
4530,Riley Martinez,Plus,999,9,2,7,2,5,1,1,200,76,False,True,North,2024-08,0.9049,1
4531,Morgan Khan,Ultra,2499,14,4,0,5,1,1,1,1000,172,False,False,West,2024-01,0.7783,0
4532,Avery Garcia,Ultra,2499,60,7,2,8,0,0,1,1000,208,False,True,East,2024-11,0.8118,1
4533,Avery Johnson,Plus,999,13,5,7,8,1,0,0,200,211,False,False,West,2024-01,0.8538,1
4534,Alex Davis,Plus,999,25,2,5,3,3,1,1,200,117,True,False,West,2024-08,0.8527,1
4535,Quinn Garcia,Premium,1499,8,8,3,6,4,0,0,500,284,False,True,North,2024-08,0.9128,1
4536,Avery Nguyen,Ultra,2499,54,5,5,2,2,0,0,1000,244,False,False,East,2024-06,0.5354,1
4537,Jordan Lee,Basic,699,35,7,3,7,3,0,0,100,68,False,False,North,2024-04,0.9041,1
4538,Casey Patel,Plus,999,41,6,3,0,1,0,1,200,323,False,False,West,2024-05,0.4979,0
4539,Jamie Brown,Premium,1499,33,8,3,3,3,0,0,500,156,False,False,East,2024-01,0.8302,0
4540,Morgan Patel,Ultra,2499,5,8,0,6,5,1,0,1000,105,False,True,North,2024-05,0.6632,1
4541,Riley Khan,Ultra,2499,17,6,6,3,4,1,1,1000,172,False,True,West,2024-09,0.9365,1
4542,Jamie Garcia,Premium,1499,40,1,7,6,2,1,0,500,170,False,False,West,2024-12,0.5879,1
4543,Avery Patel,Premium,1499,42,1,5,6,1,0,0,500,276,False,False,South,2024-02,0.7789,1
4544,Alex Smith,Plus,999,29,2,4,7,0,1,0,200,322,False,False,North,2024-04,0.5421,1
4545,Taylor Smith,Basic,699,41,0,3,5,4,0,0,100,170,False,False,North,2024-09,0.4436,0
4546,Casey Garcia,Ultra,2499,16,0,3,0,3,0,1,1000,228,True,False,East,2024-03,0.7043,1
4547,Morgan Patel,Plus,999,41,5,7,8,5,0,0,200,99,False,False,North,2024-11,0.929,1
4548,Avery Martinez,Plus,999,44,5,6,3,5,0,0,200,265,False,True,South,2024-12,0.7034,1
4549,Jamie Nguyen,Basic,699,52,4,0,2,3,1,0,100,91,False,False,North,2024-03,0.7361,0
4550,Jordan Johnson,Plus,999,9,3,4,5,2,0,0,200,187,False,True,North,2024-12,0.8123,1
4551,Reese Garcia,Plus,999,52,1,4,2,3,1,1,200,156,False,False,North,2024-08,0.8027,1
4552,Avery Johnson,Ultra,2499,14,5,0,2,0,1,0,1000,231,True,True,North,2024-02,0.8048,0
4553,Jordan Davis,Premium,1499,21,5,2,0,0,1,0,500,110,False,False,East,2024-06,0.3962,0
4554,Taylor Nguyen,Premium,1499,53,6,5,3,3,0,0,500,233,False,False,West,2024-10,0.8836,1
4555,Avery Garcia,Plus,999,49,3,6,7,3,0,1,200,287,False,False,South,2024-06,0.8725,1
4556,Avery Martinez,Plus,999,52,5,1,2,0,1,1,200,309,False,False,South,2024-05,0.7486,1
4557,Jordan Smith,Ultra,2499,8,3,0,1,3,0,0,1000,254,False,False,North,2024-02,0.7092,1
4558,Jamie Khan,Ultra,2499,8,0,0,6,5,0,0,1000,181,False,True,West,2024-08,0.5241,1
4559,Alex Lee,Ultra,2499,33,0,3,4,4,0,0,1000,292,False,True,South,2024-12,0.813,1
4560,Casey Brown,Ultra,2499,20,0,5,7,2,1,0,1000,174,False,True,East,2024-07,0.8577,1
4561,Casey Patel,Plus,999,10,2,4,6,4,1,0,200,26,True,False,North,2024-06,0.8626,1
4562,Jordan Lee,Plus,999,46,2,6,3,2,0,0,200,227,False,False,North,2024-05,0.7961,1
4563,Taylor Brown,Plus,999,5,7,3,8,0,0,0,200,222,False,False,West,2024-04,0.8334,1
4564,Riley Smith,Ultra,2499,7,5,2,5,4,1,1,1000,219,False,True,North,2024-04,0.6452,1
4565,Quinn Lee,Basic,699,35,8,5,8,2,0,1,100,219,False,False,South,2024-02,0.8937,0
4566,Reese Smith,Ultra,2499,45,3,4,6,4,1,1,1000,265,False,False,West,2024-01,0.7175,1
4567,Alex Nguyen,Plus,999,43,7,0,5,2,1,1,200,197,False,False,South,2024-01,0.8308,0
4568,Riley Khan,Ultra,2499,50,8,0,8,4,1,1,1000,73,False,False,South,2024-09,0.648,1
4569,Avery Khan,Ultra,2499,29,1,2,4,5,1,0,1000,166,False,False,North,2024-10,0.5812,0
4570,Jamie Johnson,Plus,999,58,6,6,2,0,1,0,200,137,False,False,East,2024-08,0.8519,1
4571,Alex Lee,Ultra,2499,17,5,0,7,0,1,0,1000,179,False,True,East,2024-03,0.7995,1
4572,Alex Lee,Ultra,2499,22,7,6,8,0,0,0,1000,197,False,False,North,2024-06,0.8607,1
4573,Avery Khan,Plus,999,4,4,0,7,5,1,0,200,149,False,False,West,2024-03,0.8395,1
4574,Taylor Martinez,Premium,1499,39,3,3,5,4,0,1,500,162,True,False,East,2024-09,0.8517,1
4575,Morgan Martinez,Basic,699,7,7,1,0,3,0,1,100,143,False,True,North,2024-09,0.8073,0
4576,Reese Patel,Plus,999,38,5,4,3,2,1,1,200,226,False,True,East,2024-01,0.8587,1
4577,Alex Garcia,Premium,1499,36,8,7,0,2,0,0,500,249,False,False,West,2024-04,0.5906,0
4578,Morgan Nguyen,Premium,1499,4,6,2,3,1,1,1,500,159,True,False,South,2024-09,0.8469,1
4579,Quinn Davis,Plus,999,29,8,7,3,5,0,1,200,201,False,True,South,2024-10,0.9203,1
4580,Reese Smith,Premium,1499,37,8,1,4,4,0,1,500,277,False,False,East,2024-06,0.8764,1
4581,Avery Brown,Plus,999,30,3,0,0,3,0,1,200,142,False,True,West,2024-01,0.7036,1
4582,Avery Brown,Basic,699,39,2,4,4,3,1,0,100,226,False,False,West,2024-10,0.8443,1
4583,Jordan Khan,Ultra,2499,51,0,1,3,0,0,1,1000,245,False,True,East,2024-10,0.2912,0
4584,Casey Smith,Ultra,2499,2,5,7,7,1,0,0,1000,92,False,False,West,2024-12,0.6107,1
4585,Quinn Martinez,Plus,999,59,5,5,7,4,1,0,200,199,False,True,South,2024-03,0.7391,1
4586,Casey Martinez,Ultra,2499,40,1,6,6,0,1,0,1000,103,False,False,East,2024-08,0.5092,1
4587,Morgan Brown,Premium,1499,48,8,4,5,5,0,1,500,224,False,False,North,2024-11,0.6742,0
4588,Morgan Brown,Basic,699,24,3,4,7,2,0,0,100,257,True,False,North,2024-08,0.8297,1
4589,Morgan Nguyen,Premium,1499,26,5,1,3,4,0,1,500,268,False,True,West,2024-05,0.832,0
4590,Taylor Smith,Ultra,2499,9,5,1,7,4,0,0,1000,108,False,False,South,2024-08,0.5869,0
4591,Quinn Garcia,Ultra,2499,13,8,6,1,3,0,1,1000,173,False,True,South,2024-06,0.8745,1
4592,Jordan Nguyen,Basic,699,50,5,2,4,5,1,0,100,164,False,False,South,2024-06,0.8829,1
4593,Alex Smith,Premium,1499,31,6,1,4,2,1,0,500,168,True,False,West,2024-10,0.8532,1
4594,Avery Smith,Plus,999,32,1,1,0,5,1,1,200,60,False,False,North,2024-07,0.7736,0
4595,Reese Khan,Basic,699,2,6,6,5,5,0,0,100,173,True,False,North,2024-11,0.9469,1
4596,Jamie Nguyen,Basic,699,17,2,4,8,2,0,0,100,114,False,False,East,2024-06,0.4326,0
4597,Casey Brown,Plus,999,47,0,0,8,2,1,1,200,223,True,False,South,2024-03,0.7469,1
4598,Alex Khan,Plus,999,7,0,2,1,5,0,0,200,109,False,False,East,2024-09,0.3431,0
4599,Reese Martinez,Basic,699,42,7,6,2,0,0,1,100,287,False,False,South,2024-05,0.8445,1
4600,Alex Patel,Basic,699,32,4,2,6,4,0,0,100,20,False,True,West,2024-08,0.8643,1
4601,Quinn Patel,Plus,999,42,1,6,8,0,1,1,200,296,False,False,North,2024-11,0.7822,1
4602,Jamie Lee,Basic,699,12,0,0,3,4,0,0,100,145,False,False,North,2024-11,0.6808,1
4603,Jordan Martinez,Premium,1499,56,4,0,8,4,1,0,500,101,False,False,North,2024-10,0.5236,1
4604,Taylor Smith,Basic,699,34,4,2,6,0,1,1,100,253,True,False,West,2024-04,0.7602,1
4605,Alex Brown,Basic,699,24,6,3,4,1,1,1,100,197,False,True,East,2024-03,0.8656,1
4606,Reese Garcia,Ultra,2499,20,3,2,5,2,1,1,1000,78,False,False,South,2024-06,0.5078,0
4607,Taylor Garcia,Plus,999,51,0,7,4,2,0,0,200,264,False,False,North,2024-03,0.7824,0
4608,Alex Smith,Plus,999,16,7,0,3,1,0,1,200,136,False,False,West,2024-01,0.4701,0
4609,Morgan Smith,Basic,699,28,1,0,8,2,0,0,100,264,False,False,West,2024-08,0.7151,1
4610,Riley Smith,Plus,999,36,6,3,7,3,0,1,200,116,False,True,West,2024-09,0.8763,0
4611,Avery Martinez,Plus,999,33,0,4,3,3,0,1,200,200,False,False,South,2024-12,0.409,0
4612,Morgan Khan,Ultra,2499,39,1,1,8,0,0,1,1000,245,False,False,South,2024-12,0.6343,1
4613,Jordan Johnson,Basic,699,57,0,4,1,0,0,0,100,75,False,False,South,2024-09,0.6473,0
4614,Morgan Johnson,Plus,999,32,7,0,3,4,0,0,200,145,False,False,West,2024-11,0.5065,1
4615,Alex Lee,Premium,1499,29,1,6,8,4,1,0,500,56,False,True,North,2024-02,0.6885,1
4616,Reese Khan,Premium,1499,1,5,7,4,2,1,0,500,176,False,False,North,2024-12,0.9027,1
4617,Avery Lee,Premium,1499,39,0,7,2,1,0,1,500,184,False,False,South,2024-07,0.3918,0
4618,Alex Smith,Ultra,2499,26,2,0,7,1,1,1,1000,262,False,False,North,2024-09,0.7095,0
4619,Reese Nguyen,Basic,699,34,6,2,5,1,1,1,100,217,False,False,West,2024-05,0.4898,0
4620,Reese Garcia,Premium,1499,38,0,3,4,1,1,0,500,121,False,False,East,2024-05,0.6917,1
4621,Casey Khan,Basic,699,55,5,4,5,5,1,0,100,234,True,True,West,2024-08,0.9213,1
4622,Quinn Patel,Premium,1499,42,6,6,8,0,1,0,500,179,False,False,West,2024-02,0.614,1
4623,Avery Smith,Ultra,2499,23,5,0,2,3,1,1,1000,159,True,True,East,2024-07,0.8199,1
4624,Reese Brown,Basic,699,59,7,6,5,3,1,1,100,206,False,False,North,2024-12,0.6773,1
4625,Reese Lee,Ultra,2499,55,7,6,2,1,1,1,1000,273,False,True,West,2024-02,0.5741,0
4626,Jamie Garcia,Ultra,2499,32,6,7,4,0,1,1,1000,123,False,True,South,2024-06,0.9022,1
4627,Avery Brown,Basic,699,23,5,6,5,1,0,1,100,149,False,True,South,2024-07,0.5604,0
4628,Taylor Johnson,Ultra,2499,31,7,3,3,4,0,1,1000,195,False,True,West,2024-09,0.8731,1
4629,Reese Garcia,Plus,999,55,1,4,1,1,1,0,200,121,False,False,West,2024-09,0.6738,1
4630,Reese Khan,Plus,999,2,1,1,0,3,1,1,200,373,False,False,East,2024-03,0.7073,1
4631,Avery Lee,Ultra,2499,8,1,5,5,4,1,1,1000,45,False,False,East,2024-01,0.6822,1
4632,Casey Johnson,Plus,999,6,2,4,0,5,1,1,200,222,False,False,West,2024-12,0.803,1
4633,Avery Nguyen,Premium,1499,23,3,3,8,1,1,0,500,114,False,True,West,2024-11,0.847,1
4634,Riley Lee,Basic,699,3,7,7,7,1,1,0,100,162,False,False,North,2024-05,0.87,1
4635,Alex Garcia,Ultra,2499,53,8,0,2,3,0,0,1000,305,False,False,South,2024-06,0.4787,0
4636,Riley Patel,Plus,999,1,8,7,5,2,1,1,200,284,False,False,North,2024-05,0.9221,1
4637,Avery Garcia,Basic,699,9,8,0,8,3,0,0,100,109,False,False,North,2024-07,0.5927,1
4638,Alex Johnson,Basic,699,34,3,0,1,2,0,1,100,134,False,False,South,2024-08,0.6083,1
4639,Riley Brown,Basic,699,33,8,6,3,4,1,0,100,150,False,False,East,2024-02,0.9113,1
4640,Quinn Lee,Ultra,2499,40,0,5,7,4,0,0,1000,147,True,False,South,2024-10,0.8447,1
4641,Jamie Smith,Plus,999,34,3,3,5,3,0,1,200,260,True,False,West,2024-09,0.8342,1
4642,Jamie Lee,Ultra,2499,34,6,5,6,4,1,1,1000,120,False,False,South,2024-08,0.9306,1
4643,Reese Martinez,Ultra,2499,35,8,0,8,2,1,1,1000,193,False,True,West,2024-04,0.8072,1
4644,Casey Brown,Ultra,2499,36,6,4,8,0,0,0,1000,209,False,True,North,2024-09,0.8628,0
4645,Avery Martinez,Basic,699,48,0,2,2,0,1,0,100,181,False,False,East,2024-11,0.6556,1
4646,Casey Khan,Plus,999,23,2,6,2,5,1,0,200,132,False,False,South,2024-08,0.8699,1
4647,Quinn Patel,Basic,699,26,2,5,0,4,0,1,100,70,False,False,West,2024-02,0.5153,0
4648,Alex Brown,Premium,1499,59,6,0,6,5,0,0,500,316,False,False,West,2024-08,0.8619,1
4649,Casey Nguyen,Basic,699,6,7,3,1,0,0,0,100,126,True,False,West,2024-03,0.4289,0
4650,Morgan Lee,Basic,699,32,4,1,3,4,0,1,100,189,False,False,North,2024-10,0.7722,1
4651,Riley Brown,Premium,1499,28,2,3,2,3,1,0,500,209,False,False,West,2024-07,0.8141,1
4652,Riley Patel,Plus,999,43,6,6,3,1,0,0,200,217,True,False,North,2024-01,0.5386,1
4653,Morgan Nguyen,Ultra,2499,2,3,1,4,0,1,0,1000,249,False,True,North,2024-03,0.4877,0
4654,Alex Martinez,Basic,699,36,4,5,4,5,1,1,100,238,False,False,East,2024-03,0.6912,1
4655,Avery Davis,Ultra,2499,10,5,0,6,3,0,0,1000,195,True,False,South,2024-08,0.8647,1
4656,Morgan Nguyen,Basic,699,57,3,1,3,2,1,1,100,314,False,True,North,2024-12,0.4224,0
4657,Reese Martinez,Premium,1499,36,3,3,2,5,1,1,500,255,True,False,North,2024-03,0.865,1
4658,Jamie Davis,Plus,999,41,6,4,5,4,0,0,200,170,False,False,North,2024-07,0.8641,0
4659,Riley Brown,Basic,699,42,3,4,6,4,0,1,100,160,False,True,East,2024-07,0.5867,1
4660,Alex Nguyen,Ultra,2499,9,6,7,2,1,1,0,1000,147,False,False,West,2024-08,0.5708,0
4661,Morgan Garcia,Ultra,2499,25,8,7,0,3,0,1,1000,148,False,True,North,2024-12,0.8652,1
4662,Casey Johnson,Ultra,2499,59,8,2,3,5,1,1,1000,186,False,False,South,2024-11,0.8639,1
4663,Quinn Patel,Basic,699,30,3,5,2,3,1,1,100,78,False,False,South,2024-10,0.8512,1
4664,Avery Garcia,Premium,1499,16,0,3,6,0,0,0,500,124,False,False,North,2024-12,0.7352,1
4665,Alex Davis,Premium,1499,1,0,7,2,3,1,1,500,195,True,True,West,2024-06,0.8642,1
4666,Taylor Lee,Plus,999,60,5,4,1,2,1,0,200,278,False,False,South,2024-05,0.8121,0
4667,Casey Patel,Basic,699,40,5,7,4,3,1,0,100,139,False,False,East,2024-07,0.6944,0
4668,Alex Smith,Plus,999,12,8,4,8,4,1,1,200,215,True,False,West,2024-03,0.917,1
4669,Avery Patel,Plus,999,57,8,0,8,1,0,0,200,277,False,False,North,2024-11,0.7872,1
4670,Riley Patel,Plus,999,50,8,0,4,1,1,0,200,182,False,False,East,2024-04,0.4833,0
4671,Quinn Martinez,Ultra,2499,57,8,5,0,3,0,1,1000,114,True,True,South,2024-02,0.8756,1
4672,Reese Brown,Basic,699,28,2,6,6,3,1,1,100,277,False,True,South,2024-04,0.8866,1
4673,Riley Patel,Premium,1499,26,1,1,7,4,1,1,500,182,False,False,West,2024-02,0.8124,0
4674,Quinn Nguyen,Premium,1499,40,4,4,1,2,0,1,500,203,False,False,North,2024-11,0.8073,0
4675,Alex Johnson,Basic,699,59,3,2,1,5,0,1,100,222,False,False,East,2024-10,0.4726,0
4676,Avery Johnson,Basic,699,1,0,7,2,3,0,1,100,202,False,False,East,2024-02,0.7993,0
4677,Taylor Davis,Premium,1499,3,0,5,8,5,1,1,500,109,False,False,South,2024-09,0.8875,0
4678,Morgan Smith,Premium,1499,51,2,1,1,3,1,1,500,28,False,False,South,2024-11,0.4607,0
4679,Morgan Nguyen,Premium,1499,51,5,7,4,5,1,0,500,226,False,False,South,2024-08,0.9284,1
4680,Quinn Davis,Premium,1499,24,8,2,3,4,0,1,500,152,True,False,West,2024-12,0.8772,1
4681,Jordan Lee,Plus,999,49,2,4,7,3,0,1,200,279,True,False,West,2024-06,0.8667,1
4682,Jamie Brown,Premium,1499,27,3,6,7,5,1,0,500,177,True,False,North,2024-07,0.7523,1
4683,Jamie Brown,Premium,1499,30,2,7,2,2,1,1,500,257,False,False,West,2024-06,0.4713,0
4684,Jamie Davis,Plus,999,44,3,3,6,1,1,0,200,157,False,False,East,2024-08,0.5573,0
4685,Quinn Brown,Ultra,2499,32,1,4,4,2,1,1,1000,248,True,True,West,2024-08,0.8355,1
4686,Jamie Khan,Basic,699,54,2,6,4,0,1,0,100,74,False,True,South,2024-03,0.5256,1
4687,Casey Davis,Plus,999,45,0,5,7,1,0,1,200,138,False,False,South,2024-03,0.7631,1
4688,Reese Khan,Basic,699,30,4,3,4,2,0,0,100,123,False,False,North,2024-09,0.7731,1
4689,Morgan Nguyen,Basic,699,4,6,7,3,5,0,0,100,35,False,False,South,2024-01,0.9336,1
4690,Casey Nguyen,Ultra,2499,55,4,0,7,3,0,0,1000,152,False,False,South,2024-12,0.8151,1
4691,Jordan Johnson,Basic,699,2,6,7,2,2,1,0,100,179,False,False,East,2024-09,0.8641,0
4692,Taylor Khan,Plus,999,60,0,4,3,1,0,0,200,91,False,False,North,2024-08,0.6523,1
4693,Avery Lee,Premium,1499,13,7,7,2,2,0,1,500,129,False,False,East,2024-01,0.8693,1
4694,Riley Lee,Basic,699,53,5,3,1,3,1,1,100,124,True,False,East,2024-09,0.8735,1
4695,Taylor Smith,Plus,999,45,4,0,7,5,0,0,200,251,False,False,West,2024-09,0.8559,1
4696,Reese Davis,Basic,699,41,7,1,0,4,0,0,100,171,False,False,North,2024-10,0.5516,1
4697,Quinn Johnson,Ultra,2499,30,5,3,3,3,1,0,1000,164,False,False,East,2024-06,0.5952,1
4698,Casey Brown,Ultra,2499,41,8,1,3,4,0,0,1000,191,False,True,North,2024-10,0.8705,1
4699,Casey Davis,Ultra,2499,21,8,3,3,2,1,1,1000,224,False,False,South,2024-09,0.5741,1
4700,Taylor Nguyen,Ultra,2499,32,7,7,3,0,1,0,1000,142,False,False,North,2024-08,0.8683,1
4701,Reese Johnson,Ultra,2499,35,1,0,4,3,0,1,1000,230,False,True,North,2024-02,0.7273,1
4702,Jamie Brown,Basic,699,9,1,4,1,5,0,0,100,68,False,False,West,2024-11,0.7972,1
4703,Jordan Lee,Basic,699,54,4,2,6,5,1,0,100,223,True,False,North,2024-03,0.7312,1
4704,Morgan Lee,Plus,999,7,8,0,6,0,0,1,200,96,False,True,North,2024-09,0.7801,0
4705,Casey Lee,Ultra,2499,51,3,0,8,0,1,1,1000,152,False,False,South,2024-09,0.4684,0
4706,Casey Martinez,Premium,1499,55,5,6,3,1,1,1,500,177,False,True,East,2024-04,0.8549,1
4707,Taylor Davis,Basic,699,49,5,4,0,4,1,0,100,219,True,False,South,2024-11,0.8544,1
4708,Riley Johnson,Plus,999,15,4,6,7,0,1,1,200,94,False,False,South,2024-03,0.8286,1
4709,Alex Nguyen,Ultra,2499,29,4,0,0,0,1,1,1000,301,False,False,West,2024-07,0.683,0
4710,Casey Lee,Premium,1499,37,6,0,7,0,0,1,500,187,False,False,North,2024-09,0.776,1
4711,Quinn Martinez,Plus,999,57,0,5,6,1,0,1,200,200,False,True,North,2024-04,0.7794,0
4712,Casey Patel,Basic,699,52,4,3,7,0,0,1,100,200,False,False,South,2024-07,0.4693,0
4713,Casey Khan,Basic,699,47,7,5,0,3,1,1,100,240,False,False,South,2024-02,0.8574,1
4714,Casey Martinez,Ultra,2499,53,4,1,8,4,0,0,1000,111,False,True,South,2024-12,0.8466,1
4715,Quinn Khan,Premium,1499,9,6,3,3,3,0,0,500,41,False,False,West,2024-06,0.897,1
4716,Riley Patel,Basic,699,43,8,4,1,5,1,1,100,240,False,False,South,2024-09,0.6284,1
4717,Casey Patel,Premium,1499,27,1,6,7,5,1,0,500,160,False,False,East,2024-02,0.8844,1
4718,Avery Garcia,Premium,1499,57,1,2,3,3,0,0,500,287,True,True,South,2024-10,0.744,0
4719,Casey Lee,Plus,999,49,4,7,2,5,0,1,200,188,False,True,West,2024-07,0.8833,1
4720,Jamie Khan,Plus,999,29,6,7,0,1,0,1,200,237,False,False,North,2024-05,0.5111,0
4721,Riley Garcia,Premium,1499,53,0,5,3,0,0,0,500,56,False,False,North,2024-02,0.7073,0
4722,Morgan Khan,Premium,1499,5,1,2,7,0,0,0,500,111,False,True,North,2024-04,0.7487,1
4723,Reese Martinez,Premium,1499,23,5,7,6,3,0,1,500,280,True,True,South,2024-08,0.8946,1
4724,Casey Khan,Plus,999,32,7,5,4,3,0,0,200,123,False,False,North,2024-02,0.8673,1
4725,Riley Patel,Premium,1499,40,5,7,6,1,0,1,500,153,True,False,North,2024-10,0.675,1
4726,Alex Smith,Ultra,2499,59,1,6,5,0,0,1,1000,167,True,False,West,2024-07,0.4956,0
4727,Riley Smith,Premium,1499,10,8,1,6,4,1,1,500,136,False,False,East,2024-06,0.8961,1
4728,Jamie Smith,Premium,1499,18,7,5,3,4,1,0,500,234,False,True,South,2024-10,0.6985,0
4729,Casey Lee,Premium,1499,44,6,6,5,0,1,1,500,234,True,False,North,2024-07,0.8887,1
4730,Avery Johnson,Basic,699,6,5,0,3,2,1,1,100,253,False,False,North,2024-11,0.7807,1
4731,Quinn Brown,Ultra,2499,42,0,5,6,5,1,1,1000,206,False,True,North,2024-04,0.8812,1
4732,Avery Davis,Plus,999,35,0,0,6,1,0,1,200,173,False,False,South,2024-07,0.659,0
4733,Avery Patel,Ultra,2499,43,8,7,2,0,0,1,1000,217,False,True,North,2024-07,0.8134,1
4734,Quinn Khan,Premium,1499,53,7,2,1,2,0,1,500,280,False,False,North,2024-10,0.4209,0
4735,Jamie Patel,Basic,699,32,0,2,0,0,1,1,100,132,False,False,North,2024-12,0.5832,0
4736,Morgan Smith,Basic,699,42,5,2,4,1,0,0,100,208,False,False,South,2024-11,0.5241,0
4737,Jordan Nguyen,Basic,699,60,2,4,3,0,0,1,100,49,False,False,South,2024-04,0.7117,1
4738,Jordan Garcia,Plus,999,9,7,6,0,2,1,1,200,31,False,False,South,2024-01,0.8682,1
4739,Morgan Lee,Basic,699,54,7,0,8,3,1,1,100,199,False,False,South,2024-04,0.8817,1
4740,Jordan Nguyen,Ultra,2499,33,4,3,7,0,0,0,1000,188,False,False,North,2024-04,0.5241,0
4741,Jordan Johnson,Ultra,2499,14,7,5,0,3,0,1,1000,220,True,True,East,2024-02,0.867,1
4742,Taylor Johnson,Plus,999,52,7,4,5,5,1,0,200,81,False,False,East,2024-04,0.7333,1
4743,Avery Patel,Basic,699,11,7,3,2,1,1,0,100,75,False,False,West,2024-01,0.5901,0
4744,Quinn Davis,Ultra,2499,22,1,1,0,1,0,1,1000,168,False,False,West,2024-06,0.6501,0
4745,Quinn Brown,Premium,1499,41,6,4,5,4,0,1,500,146,True,False,North,2024-04,0.7151,1
4746,Avery Brown,Premium,1499,12,2,1,3,4,1,0,500,194,False,True,South,2024-04,0.812,0
4747,Taylor Patel,Plus,999,40,5,6,0,1,0,0,200,149,False,False,East,2024-09,0.802,1
4748,Taylor Nguyen,Ultra,2499,23,2,0,0,5,0,1,1000,115,False,False,North,2024-09,0.6982,1
4749,Riley Johnson,Basic,699,18,3,7,4,2,0,1,100,266,False,True,South,2024-06,0.8543,1
4750,Quinn Martinez,Plus,999,1,0,7,6,1,0,1,200,184,True,False,West,2024-07,0.8481,1
4751,Reese Patel,Basic,699,15,1,4,2,0,0,1,100,161,False,False,East,2024-02,0.7065,1
4752,Taylor Martinez,Basic,699,16,8,7,8,2,0,1,100,192,False,False,West,2024-02,0.8728,1
4753,Avery Brown,Premium,1499,1,8,5,6,5,0,0,500,309,False,False,East,2024-03,0.7906,1
4754,Jordan Martinez,Basic,699,26,4,5,1,2,1,1,100,171,False,False,North,2024-04,0.8319,1
4755,Jordan Johnson,Ultra,2499,1,3,5,0,5,1,0,1000,151,False,False,East,2024-10,0.6489,1
4756,Taylor Johnson,Basic,699,58,6,1,3,2,1,0,100,20,False,False,South,2024-03,0.5093,1
4757,Riley Smith,Premium,1499,24,6,1,5,5,1,1,500,248,True,False,South,2024-06,0.9031,1
4758,Alex Nguyen,Ultra,2499,18,8,4,7,4,0,1,1000,194,True,False,East,2024-05,0.8964,1
4759,Casey Patel,Ultra,2499,4,6,4,4,3,0,1,1000,309,False,False,North,2024-10,0.9045,1
4760,Morgan Smith,Plus,999,41,8,7,0,0,1,0,200,165,True,False,East,2024-09,0.5323,0
4761,Reese Garcia,Premium,1499,44,8,6,8,0,0,0,500,252,False,False,East,2024-07,0.8982,1
4762,Riley Smith,Basic,699,12,4,2,2,4,1,0,100,246,False,False,South,2024-09,0.6167,0
4763,Casey Lee,Premium,1499,53,2,1,8,3,1,1,500,115,False,True,West,2024-08,0.8096,1
4764,Riley Smith,Premium,1499,44,8,6,3,3,1,1,500,96,False,False,North,2024-02,0.9069,1
4765,Riley Smith,Premium,1499,46,8,1,8,5,1,0,500,192,False,True,West,2024-11,0.9095,1
4766,Casey Smith,Ultra,2499,50,7,3,2,3,0,0,1000,236,False,False,South,2024-07,0.8659,1
4767,Taylor Brown,Basic,699,45,2,2,0,3,1,1,100,73,False,False,East,2024-02,0.7351,0
4768,Alex Brown,Premium,1499,39,1,2,3,5,0,1,500,237,False,True,South,2024-02,0.7974,1
4769,Taylor Patel,Premium,1499,48,1,4,3,2,0,0,500,124,False,True,West,2024-11,0.7978,1
4770,Jamie Brown,Premium,1499,5,0,3,4,5,0,1,500,89,False,False,South,2024-12,0.8153,1
4771,Reese Smith,Plus,999,34,3,5,2,3,0,1,200,203,True,False,North,2024-05,0.8137,1
4772,Taylor Garcia,Plus,999,26,1,7,0,1,0,1,200,234,True,True,North,2024-08,0.73,1
4773,Riley Garcia,Basic,699,30,0,0,5,1,1,1,100,278,False,False,North,2024-02,0.3254,0
4774,Jamie Davis,Ultra,2499,11,0,4,0,1,1,0,1000,226,False,False,South,2024-02,0.7072,1
4775,Alex Patel,Ultra,2499,8,7,6,2,2,1,0,1000,136,False,True,West,2024-05,0.8559,1
4776,Jordan Martinez,Premium,1499,49,5,6,6,0,1,0,500,205,False,True,West,2024-05,0.883,1
4777,Riley Patel,Ultra,2499,5,1,3,6,1,1,1,1000,218,False,True,South,2024-02,0.5165,1
4778,Morgan Khan,Ultra,2499,47,4,5,4,3,0,0,1000,149,False,False,North,2024-01,0.6685,0
4779,Avery Lee,Basic,699,26,1,5,0,1,1,1,100,76,False,False,East,2024-05,0.754,1
4780,Riley Brown,Ultra,2499,29,6,1,4,0,1,0,1000,139,False,True,East,2024-03,0.8053,1
4781,Alex Martinez,Basic,699,53,8,5,1,3,1,1,100,157,False,False,South,2024-09,0.8519,1
4782,Jamie Davis,Plus,999,47,3,5,5,1,1,0,200,219,False,True,North,2024-07,0.8651,1
4783,Reese Patel,Basic,699,19,3,1,0,0,1,0,100,212,True,False,East,2024-01,0.6782,1
4784,Jamie Smith,Premium,1499,33,6,7,1,5,1,0,500,110,False,False,South,2024-09,0.7325,1
4785,Quinn Davis,Basic,699,3,1,1,4,4,0,0,100,330,False,False,North,2024-10,0.7582,0
4786,Morgan Martinez,Premium,1499,30,3,3,6,2,1,0,500,153,False,False,North,2024-01,0.8272,1
4787,Riley Patel,Plus,999,59,2,3,8,5,0,0,200,145,False,True,East,2024-06,0.8035,0
4788,Riley Khan,Premium,1499,40,2,5,0,5,0,1,500,208,True,False,West,2024-06,0.8195,0
4789,Casey Nguyen,Ultra,2499,32,7,7,1,1,0,1,1000,67,False,False,West,2024-03,0.6066,1
4790,Avery Johnson,Plus,999,40,5,6,8,4,1,1,200,104,False,False,South,2024-07,0.9121,1
4791,Quinn Martinez,Basic,699,37,7,5,0,0,0,0,100,282,False,False,North,2024-05,0.4034,0
4792,Quinn Lee,Basic,699,6,5,3,1,2,0,0,100,72,False,False,South,2024-06,0.8022,1
4793,Riley Johnson,Premium,1499,51,2,5,5,3,0,1,500,260,False,False,West,2024-09,0.8028,0
4794,Alex Smith,Basic,699,7,8,3,2,2,1,0,100,208,False,False,East,2024-12,0.8452,1
4795,Avery Garcia,Premium,1499,44,6,3,6,0,1,0,500,35,False,False,North,2024-05,0.8754,1
4796,Morgan Brown,Plus,999,59,5,1,8,5,1,0,200,241,False,False,East,2024-06,0.879,1
4797,Quinn Smith,Plus,999,21,5,1,2,1,1,1,200,267,True,False,South,2024-12,0.8085,0
4798,Morgan Smith,Basic,699,4,6,2,8,3,1,0,100,187,True,True,West,2024-04,0.9022,1
4799,Alex Martinez,Premium,1499,55,7,0,4,2,0,1,500,111,False,True,South,2024-01,0.5236,1
4800,Taylor Johnson,Premium,1499,57,5,7,3,4,0,1,500,219,False,False,West,2024-01,0.8841,1
4801,Jordan Khan,Plus,999,49,5,1,4,5,0,1,200,26,False,False,East,2024-10,0.8819,1
4802,Riley Khan,Plus,999,1,7,0,3,3,1,0,200,193,False,False,North,2024-02,0.8282,1
4803,Reese Brown,Plus,999,30,4,1,1,4,1,1,200,240,False,False,North,2024-06,0.5495,1
4804,Avery Smith,Basic,699,37,0,0,2,2,1,1,100,20,False,False,West,2024-04,0.6803,0
4805,Avery Garcia,Plus,999,56,0,3,7,1,1,1,200,80,True,False,South,2024-04,0.7799,1
4806,Alex Martinez,Ultra,2499,18,7,5,0,5,1,0,1000,188,False,False,South,2024-08,0.6996,1
4807,Taylor Smith,Premium,1499,5,0,2,1,5,1,1,500,145,False,False,North,2024-10,0.7425,1
4808,Riley Davis,Basic,699,51,6,1,5,1,1,0,100,148,True,False,West,2024-08,0.8444,1
4809,Alex Davis,Premium,1499,2,4,7,0,0,1,0,500,251,True,False,North,2024-02,0.7948,0
4810,Avery Johnson,Basic,699,30,4,0,2,1,0,1,100,251,False,False,East,2024-08,0.328,0
4811,Alex Davis,Ultra,2499,4,5,7,6,2,0,1,1000,205,False,False,South,2024-02,0.8903,1
4812,Jamie Johnson,Plus,999,9,1,7,0,0,1,0,200,192,False,False,East,2024-06,0.4022,0
4813,Taylor Khan,Basic,699,14,7,0,3,2,0,1,100,94,False,False,South,2024-02,0.7573,1
4814,Alex Smith,Premium,1499,16,3,1,1,5,1,1,500,192,False,False,North,2024-07,0.6059,1
4815,Morgan Patel,Ultra,2499,40,5,6,0,3,0,1,1000,119,True,False,South,2024-04,0.8934,1
4816,Morgan Brown,Plus,999,4,6,2,2,0,1,0,200,320,False,False,East,2024-06,0.7884,1
4817,Quinn Johnson,Ultra,2499,33,5,7,5,1,0,0,1000,159,False,True,North,2024-04,0.8601,1
4818,Casey Brown,Plus,999,1,5,0,2,2,1,0,200,175,False,False,West,2024-03,0.7463,1
4819,Reese Smith,Ultra,2499,49,7,0,7,0,0,1,1000,174,False,True,East,2024-06,0.8327,1
4820,Casey Lee,Basic,699,26,1,5,7,2,1,0,100,137,False,False,East,2024-06,0.5235,0
4821,Avery Patel,Premium,1499,47,7,2,2,2,0,1,500,60,False,False,North,2024-09,0.8315,1
4822,Riley Khan,Ultra,2499,18,8,0,0,3,0,0,1000,198,True,True,South,2024-02,0.8099,1
4823,Reese Khan,Premium,1499,12,1,6,3,2,0,1,500,164,False,False,East,2024-01,0.7818,0
4824,Quinn Patel,Basic,699,52,5,5,3,4,1,1,100,215,False,False,North,2024-05,0.656,0
4825,Casey Patel,Ultra,2499,48,4,2,2,0,0,0,1000,202,False,False,West,2024-12,0.3899,0
4826,Jordan Khan,Basic,699,7,4,5,2,1,0,0,100,258,True,False,East,2024-03,0.8178,1
4827,Morgan Lee,Plus,999,46,5,3,8,2,0,0,200,193,False,True,East,2024-07,0.8795,1
4828,Alex Khan,Basic,699,42,4,0,3,1,0,0,100,209,False,True,West,2024-12,0.4392,0
4829,Taylor Nguyen,Plus,999,47,0,7,3,0,0,1,200,222,False,False,West,2024-08,0.6373,1
4830,Morgan Martinez,Ultra,2499,23,8,2,6,1,0,0,1000,271,False,False,North,2024-04,0.5598,0
4831,Casey Davis,Ultra,2499,52,4,2,6,1,1,0,1000,176,False,False,West,2024-06,0.8281,1
4832,Avery Garcia,Plus,999,60,2,2,1,5,0,0,200,155,False,False,North,2024-10,0.778,1
4833,Riley Khan,Plus,999,54,7,7,1,3,1,1,200,138,False,False,West,2024-07,0.8967,1
4834,Quinn Smith,Premium,1499,47,4,4,1,2,1,1,500,172,False,True,West,2024-06,0.8194,0
4835,Alex Khan,Premium,1499,35,1,3,2,4,0,0,500,115,False,False,East,2024-06,0.7791,1
4836,Reese Johnson,Plus,999,21,2,6,4,0,1,0,200,193,False,False,North,2024-04,0.4921,0
4837,Morgan Martinez,Premium,1499,10,7,4,0,5,1,1,500,108,False,False,South,2024-02,0.8629,1
4838,Avery Davis,Plus,999,28,5,1,2,4,1,1,200,223,False,False,West,2024-04,0.5969,1
4839,Taylor Lee,Premium,1499,8,1,3,1,5,0,0,500,108,True,False,West,2024-02,0.8373,1
4840,Taylor Davis,Basic,699,6,8,7,4,1,0,0,100,199,True,False,South,2024-02,0.8698,1
4841,Morgan Johnson,Ultra,2499,23,7,0,3,2,0,1,1000,152,False,False,North,2024-05,0.7526,1
4842,Taylor Martinez,Plus,999,41,7,4,8,5,0,1,200,249,False,False,East,2024-03,0.8988,1
4843,Jamie Smith,Premium,1499,42,6,5,1,4,0,1,500,125,True,False,East,2024-11,0.901,1
4844,Jordan Garcia,Ultra,2499,45,4,2,0,5,0,0,1000,48,False,True,North,2024-01,0.5079,1
4845,Riley Patel,Ultra,2499,3,4,0,4,5,1,1,1000,178,False,False,North,2024-06,0.6234,0
4846,Jordan Patel,Plus,999,3,7,3,7,0,0,1,200,213,False,False,West,2024-03,0.8299,1
4847,Quinn Martinez,Ultra,2499,31,1,6,7,3,1,1,1000,357,True,False,North,2024-07,0.6308,1
4848,Casey Martinez,Premium,1499,51,4,4,2,2,1,0,500,163,False,False,West,2024-05,0.807,1
4849,Taylor Lee,Premium,1499,21,1,2,6,2,0,1,500,188,False,False,West,2024-04,0.7777,1
4850,Casey Nguyen,Premium,1499,6,7,3,2,0,0,0,500,264,False,False,North,2024-09,0.7382,1
4851,Quinn Smith,Premium,1499,21,8,5,6,5,1,1,500,162,True,False,West,2024-09,0.9436,1
4852,Alex Garcia,Ultra,2499,59,3,4,2,2,0,0,1000,221,False,True,West,2024-01,0.7991,1
4853,Quinn Khan,Plus,999,26,2,7,2,2,1,0,200,217,False,True,East,2024-01,0.8036,1
4854,Morgan Nguyen,Premium,1499,10,6,1,5,5,1,1,500,289,True,True,West,2024-03,0.9275,1
4855,Reese Martinez,Plus,999,3,0,6,1,0,0,1,200,85,False,False,South,2024-10,0.6567,0
4856,Morgan Martinez,Basic,699,11,3,3,5,1,0,1,100,106,False,False,East,2024-10,0.7911,0
4857,Morgan Davis,Premium,1499,26,0,7,4,4,0,1,500,90,False,False,North,2024-06,0.8191,1
4858,Quinn Brown,Ultra,2499,49,0,4,7,5,1,0,1000,211,False,True,South,2024-05,0.8699,1
4859,Reese Davis,Ultra,2499,24,8,3,3,1,1,1,1000,198,True,False,East,2024-04,0.8306,0
4860,Riley Garcia,Premium,1499,2,8,4,7,3,0,1,500,221,False,False,North,2024-10,0.8945,1
4861,Quinn Lee,Premium,1499,1,0,4,6,2,0,1,500,157,False,True,West,2024-04,0.8184,1
4862,Quinn Patel,Ultra,2499,48,5,2,4,2,0,0,1000,187,False,False,North,2024-12,0.8151,1
4863,Alex Davis,Plus,999,50,5,4,8,5,1,0,200,127,True,False,North,2024-11,0.7321,0
4864,Jamie Patel,Premium,1499,51,6,3,3,1,0,1,500,180,False,False,East,2024-03,0.7814,1
4865,Morgan Johnson,Basic,699,30,7,0,6,4,0,1,100,147,False,False,West,2024-01,0.8603,1
4866,Reese Lee,Plus,999,39,8,6,5,0,1,0,200,90,False,False,West,2024-12,0.8853,1
4867,Avery Martinez,Plus,999,5,0,2,6,3,0,0,200,268,False,False,East,2024-01,0.7337,1
4868,Riley Johnson,Plus,999,52,0,7,3,2,1,1,200,275,True,False,West,2024-12,0.4921,0
4869,Casey Davis,Premium,1499,49,6,4,4,4,0,1,500,209,False,False,South,2024-04,0.6469,0
4870,Riley Lee,Premium,1499,20,6,0,0,1,0,0,500,244,False,False,East,2024-07,0.7312,1
4871,Morgan Khan,Premium,1499,37,6,2,7,2,0,0,500,123,False,False,North,2024-03,0.8299,1
4872,Jamie Brown,Basic,699,16,7,5,2,3,1,1,100,77,False,True,North,2024-07,0.8983,1
4873,Jordan Khan,Ultra,2499,36,3,3,2,3,1,1,1000,220,False,True,South,2024-10,0.8413,1
4874,Casey Patel,Plus,999,50,2,5,1,1,1,1,200,171,False,True,East,2024-04,0.4101,0
4875,Morgan Davis,Ultra,2499,55,3,1,8,0,1,1,1000,132,False,True,West,2024-01,0.8089,1
4876,Morgan Martinez,Ultra,2499,4,0,7,8,4,1,0,1000,146,False,False,West,2024-02,0.8799,1
4877,Jordan Patel,Plus,999,3,7,5,1,0,0,1,200,104,False,False,West,2024-10,0.8146,0
4878,Alex Brown,Plus,999,12,0,2,2,2,0,0,200,147,False,False,North,2024-06,0.6893,0
4879,Quinn Garcia,Plus,999,5,2,4,6,3,1,0,200,234,False,False,East,2024-01,0.8476,1
4880,Avery Lee,Premium,1499,5,1,5,8,3,0,1,500,171,False,False,West,2024-12,0.8385,1
4881,Taylor Nguyen,Basic,699,57,3,0,0,2,1,0,100,80,False,False,South,2024-08,0.6596,1
4882,Quinn Garcia,Plus,999,53,1,6,7,0,1,0,200,193,False,False,North,2024-11,0.802,1
4883,Riley Brown,Premium,1499,19,2,3,3,2,0,0,500,190,False,True,South,2024-11,0.7676,1
4884,Jamie Khan,Ultra,2499,59,8,7,2,3,0,1,1000,245,False,True,West,2024-01,0.6659,1
4885,Morgan Johnson,Ultra,2499,56,8,0,8,3,1,0,1000,229,False,False,West,2024-10,0.8298,1
4886,Jordan Garcia,Plus,999,37,4,5,7,1,0,0,200,20,True,False,South,2024-02,0.6136,1
4887,Jamie Smith,Premium,1499,60,6,1,3,4,0,0,500,80,True,False,South,2024-11,0.8567,0
4888,Quinn Lee,Plus,999,51,5,2,4,4,0,1,200,158,False,True,East,2024-02,0.8827,1
4889,Casey Smith,Basic,699,56,0,3,0,0,1,1,100,207,False,False,North,2024-04,0.6165,0
4890,Jordan Davis,Basic,699,8,8,0,6,4,0,1,100,238,False,False,North,2024-02,0.8636,1
4891,Reese Garcia,Basic,699,11,0,6,2,2,1,0,100,147,False,False,North,2024-11,0.7942,1
4892,Taylor Davis,Premium,1499,53,0,5,7,5,1,1,500,102,False,True,South,2024-05,0.6589,1
4893,Taylor Johnson,Plus,999,54,1,4,3,4,0,0,200,71,False,True,West,2024-04,0.5376,0
4894,Riley Nguyen,Plus,999,47,4,7,1,4,0,0,200,193,False,False,South,2024-08,0.8778,0
4895,Alex Brown,Basic,699,35,7,2,4,0,0,1,100,70,False,False,North,2024-01,0.7773,1
4896,Jamie Garcia,Basic,699,28,4,6,7,3,1,0,100,237,False,False,West,2024-12,0.8985,1
4897,Jamie Patel,Plus,999,14,6,5,5,3,1,1,200,192,True,False,North,2024-01,0.6828,0
4898,Reese Lee,Plus,999,60,8,2,4,0,0,0,200,138,False,True,South,2024-05,0.5316,1
4899,Casey Johnson,Ultra,2499,28,3,0,0,3,1,1,1000,176,False,False,East,2024-10,0.4173,0
4900,Quinn Nguyen,Premium,1499,20,6,5,1,2,1,0,500,171,False,False,South,2024-01,0.5579,1
4901,Quinn Patel,Premium,1499,37,2,4,4,2,1,0,500,245,False,False,South,2024-10,0.8243,1
4902,Riley Khan,Plus,999,46,7,4,4,0,0,0,200,341,True,False,East,2024-07,0.8034,0
4903,Quinn Davis,Basic,699,15,6,4,6,2,1,0,100,237,False,True,North,2024-07,0.8736,1
4904,Alex Khan,Plus,999,45,8,6,7,4,1,0,200,191,False,False,East,2024-10,0.9344,1
4905,Riley Lee,Plus,999,9,3,1,5,1,1,0,200,34,False,False,East,2024-09,0.4549,0
4906,Jamie Martinez,Basic,699,2,0,1,5,2,1,1,100,140,False,True,East,2024-08,0.4145,0
4907,Casey Garcia,Premium,1499,33,0,0,2,0,0,0,500,206,False,False,North,2024-08,0.6006,0
4908,Taylor Smith,Ultra,2499,34,3,2,2,2,0,0,1000,170,False,False,East,2024-08,0.4282,0
4909,Jamie Davis,Plus,999,16,2,6,0,0,1,1,200,188,False,False,South,2024-03,0.399,0
4910,Taylor Khan,Basic,699,9,4,2,3,2,0,0,100,103,False,True,East,2024-06,0.8125,1
4911,Riley Nguyen,Premium,1499,31,3,0,2,5,0,1,500,200,False,False,West,2024-02,0.4898,0
4912,Morgan Garcia,Plus,999,42,0,2,1,1,1,0,200,123,True,True,South,2024-08,0.3365,0
4913,Alex Garcia,Ultra,2499,38,4,7,4,1,1,0,1000,167,False,True,East,2024-11,0.8375,1
4914,Jordan Khan,Premium,1499,58,0,2,1,4,1,1,500,61,False,False,South,2024-02,0.7465,1
4915,Morgan Lee,Ultra,2499,49,3,6,1,4,0,1,1000,216,False,True,South,2024-01,0.57,0
4916,Taylor Patel,Premium,1499,22,5,3,7,1,0,1,500,108,False,True,West,2024-12,0.8289,1
4917,Jordan Garcia,Plus,999,55,2,5,7,1,1,1,200,148,False,False,North,2024-01,0.8111,1
4918,Reese Lee,Plus,999,41,0,3,2,1,0,0,200,331,False,False,South,2024-04,0.681,0
4919,Quinn Smith,Plus,999,53,6,5,6,0,0,1,200,251,False,False,North,2024-03,0.6166,1
4920,Avery Davis,Premium,1499,21,6,2,2,1,1,0,500,110,False,False,East,2024-04,0.7802,1
4921,Avery Martinez,Ultra,2499,45,0,7,3,4,0,0,1000,102,False,True,North,2024-12,0.8557,1
4922,Jamie Smith,Basic,699,27,5,3,5,4,1,0,100,141,False,False,South,2024-11,0.8608,1
4923,Avery Patel,Plus,999,42,5,3,4,1,1,1,200,149,True,True,South,2024-12,0.8448,1
4924,Jamie Johnson,Ultra,2499,17,8,6,1,5,1,1,1000,198,False,False,South,2024-11,0.7246,1
4925,Avery Patel,Premium,1499,39,2,6,3,4,1,0,500,122,True,False,West,2024-10,0.8902,1
4926,Morgan Smith,Premium,1499,20,7,6,4,1,1,1,500,135,False,False,South,2024-09,0.6426,1
4927,Jordan Nguyen,Premium,1499,24,1,2,6,3,0,1,500,228,False,True,West,2024-03,0.7865,0
4928,Taylor Brown,Ultra,2499,40,0,6,6,0,0,0,1000,140,False,True,West,2024-06,0.7939,1
4929,Riley Khan,Basic,699,19,0,3,4,0,1,1,100,119,True,False,West,2024-02,0.3618,0
4930,Casey Johnson,Ultra,2499,54,3,6,4,0,1,1,1000,218,False,False,South,2024-01,0.8603,0
4931,Alex Nguyen,Premium,1499,32,8,6,3,2,1,0,500,222,True,False,South,2024-03,0.9056,1
4932,Casey Smith,Premium,1499,17,3,1,8,3,0,1,500,217,False,False,South,2024-03,0.4698,0
4933,Reese Garcia,Premium,1499,59,3,2,2,2,0,1,500,188,False,False,West,2024-05,0.7456,1
4934,Morgan Smith,Ultra,2499,9,3,2,5,5,0,1,1000,202,False,False,North,2024-03,0.8566,0
4935,Reese Nguyen,Plus,999,31,6,0,3,4,0,0,200,206,False,False,West,2024-06,0.8136,1
4936,Avery Davis,Premium,1499,51,5,1,2,4,1,1,500,184,False,False,North,2024-06,0.8124,1
4937,Jamie Nguyen,Ultra,2499,26,0,4,6,1,1,0,1000,157,False,True,North,2024-09,0.8262,1
4938,Morgan Smith,Ultra,2499,30,5,3,3,2,1,0,1000,202,False,False,East,2024-11,0.8385,1
4939,Jordan Smith,Premium,1499,44,3,3,5,0,1,1,500,312,False,True,North,2024-03,0.766,1
4940,Jamie Smith,Ultra,2499,35,0,6,6,2,1,1,1000,102,False,False,West,2024-09,0.8638,1
4941,Avery Johnson,Ultra,2499,48,8,5,5,0,0,1,1000,183,False,True,North,2024-02,0.8537,1
4942,Taylor Nguyen,Plus,999,52,7,0,5,2,1,1,200,96,False,False,East,2024-05,0.8344,0
4943,Jordan Brown,Ultra,2499,5,4,5,0,4,1,0,1000,218,False,False,South,2024-03,0.8463,1
4944,Quinn Garcia,Basic,699,6,0,1,1,4,0,1,100,170,True,False,East,2024-12,0.3635,0
4945,Casey Nguyen,Ultra,2499,20,5,0,8,0,0,1,1000,197,False,False,East,2024-02,0.7295,0
4946,Quinn Brown,Premium,1499,46,4,5,5,3,1,0,500,267,False,False,South,2024-12,0.8973,1
4947,Reese Davis,Premium,1499,38,7,2,2,0,1,0,500,154,True,True,North,2024-01,0.8172,1
4948,Alex Lee,Ultra,2499,31,7,7,6,5,0,0,1000,170,True,False,West,2024-07,0.7655,1
4949,Morgan Lee,Ultra,2499,40,4,3,1,5,0,1,1000,148,False,False,North,2024-02,0.8319,1
4950,Riley Smith,Plus,999,9,3,6,2,4,0,1,200,292,False,True,West,2024-06,0.8757,1
4951,Riley Martinez,Ultra,2499,23,1,3,1,2,1,0,1000,245,False,False,South,2024-09,0.7437,1
4952,Taylor Martinez,Premium,1499,20,0,7,4,2,0,0,500,101,False,True,South,2024-07,0.798,1
4953,Alex Patel,Premium,1499,4,6,6,7,5,0,0,500,247,False,False,East,2024-08,0.9235,1
4954,Riley Garcia,Plus,999,31,5,0,1,5,1,0,200,224,False,False,North,2024-05,0.8674,1
4955,Alex Nguyen,Plus,999,15,7,2,8,3,0,1,200,254,False,False,East,2024-07,0.653,1
4956,Reese Martinez,Basic,699,40,5,4,7,0,1,1,100,195,False,False,North,2024-07,0.8551,1
4957,Jordan Patel,Ultra,2499,8,5,1,6,0,0,0,1000,129,False,False,East,2024-12,0.7989,0
4958,Riley Nguyen,Basic,699,27,7,0,7,5,1,0,100,225,False,False,East,2024-06,0.6667,1
4959,Reese Nguyen,Premium,1499,6,5,2,7,2,0,0,500,272,False,False,South,2024-04,0.8262,1
4960,Taylor Johnson,Basic,699,8,8,0,8,3,1,0,100,166,False,False,South,2024-12,0.8562,1
4961,Avery Smith,Ultra,2499,18,5,6,1,4,1,0,1000,107,False,False,East,2024-09,0.8913,1
4962,Alex Garcia,Plus,999,23,3,6,5,2,0,0,200,59,True,True,East,2024-09,0.672,1
4963,Jordan Martinez,Premium,1499,30,1,6,1,4,1,1,500,183,False,True,North,2024-11,0.8337,0
4964,Riley Johnson,Premium,1499,44,0,7,1,0,0,0,500,121,False,False,North,2024-05,0.6737,1
4965,Quinn Johnson,Premium,1499,35,4,5,4,5,1,1,500,228,True,False,South,2024-12,0.9192,1
4966,Casey Brown,Ultra,2499,14,7,0,2,0,1,1,1000,130,False,False,East,2024-04,0.3973,0
4967,Taylor Davis,Basic,699,31,2,2,5,2,0,1,100,225,False,False,East,2024-01,0.4041,0
4968,Jamie Davis,Basic,699,40,1,0,1,0,0,1,100,184,False,False,North,2024-01,0.5544,0
4969,Riley Garcia,Basic,699,29,3,4,8,4,0,1,100,201,True,True,North,2024-07,0.8956,1
4970,Reese Brown,Ultra,2499,12,7,0,3,2,1,0,1000,91,False,False,South,2024-11,0.446,0
4971,Jordan Brown,Ultra,2499,43,4,3,7,2,0,0,1000,140,False,False,South,2024-01,0.8688,1
4972,Quinn Smith,Premium,1499,14,8,2,3,1,0,0,500,321,False,False,North,2024-10,0.5633,0
4973,Alex Johnson,Plus,999,26,7,2,3,2,1,0,200,166,True,False,South,2024-07,0.5107,1
4974,Casey Davis,Plus,999,38,7,2,3,2,1,0,200,20,False,False,East,2024-05,0.8317,1
4975,Riley Khan,Basic,699,20,8,3,5,3,0,1,100,166,False,False,West,2024-09,0.8844,1
4976,Reese Garcia,Basic,699,4,8,6,6,2,1,0,100,240,False,False,North,2024-03,0.7239,1
4977,Jordan Nguyen,Premium,1499,49,0,7,7,0,1,0,500,117,True,False,East,2024-05,0.4715,0
4978,Riley Khan,Ultra,2499,7,8,3,4,4,1,0,1000,197,False,False,North,2024-12,0.9033,1
4979,Morgan Martinez,Premium,1499,57,8,5,1,5,0,0,500,207,True,False,West,2024-10,0.8854,1
4980,Quinn Johnson,Plus,999,17,7,6,2,3,1,1,200,225,False,False,North,2024-06,0.8922,1
4981,Riley Johnson,Basic,699,22,0,3,5,0,0,1,100,105,False,False,North,2024-12,0.6416,1
4982,Taylor Smith,Ultra,2499,2,3,4,7,0,0,0,1000,228,False,True,East,2024-11,0.8153,1
4983,Alex Davis,Premium,1499,3,7,4,7,3,0,0,500,291,False,False,South,2024-12,0.9068,1
4984,Riley Garcia,Plus,999,1,1,6,8,2,1,0,200,145,False,False,South,2024-06,0.8492,1
4985,Jordan Patel,Premium,1499,19,0,3,4,1,1,1,500,184,False,False,South,2024-12,0.373,0
4986,Quinn Lee,Basic,699,30,6,6,0,1,1,0,100,116,False,False,North,2024-06,0.5782,0
4987,Jamie Nguyen,Ultra,2499,39,1,0,3,4,0,1,1000,239,False,True,South,2024-04,0.7668,1
4988,Riley Davis,Basic,699,41,7,4,2,1,0,1,100,286,False,False,North,2024-02,0.7923,1
4989,Jamie Johnson,Basic,699,13,6,7,8,5,1,0,100,297,False,False,South,2024-09,0.753,0
4990,Avery Martinez,Plus,999,17,8,1,7,5,0,1,200,109,True,True,East,2024-12,0.8761,1
4991,Jamie Garcia,Premium,1499,52,3,4,2,0,0,0,500,148,True,False,South,2024-09,0.7397,0
4992,Reese Nguyen,Premium,1499,23,4,7,0,5,1,1,500,216,False,True,North,2024-03,0.8953,1
4993,Quinn Davis,Plus,999,59,4,4,3,5,0,0,200,96,True,False,North,2024-01,0.8677,0
4994,Avery Khan,Premium,1499,47,0,1,6,5,1,0,500,153,False,False,South,2024-07,0.7762,1
4995,Avery Davis,Plus,999,33,5,1,5,1,1,0,200,111,False,False,East,2024-02,0.7815,0
4996,Alex Garcia,Premium,1499,27,1,7,4,2,1,1,500,280,False,False,North,2024-02,0.829,0
4997,Jamie Smith,Plus,999,52,0,0,6,1,1,0,200,226,False,False,North,2024-03,0.633,0
4998,Quinn Martinez,Ultra,2499,52,2,3,6,0,0,1,1000,263,False,False,West,2024-05,0.785,1
4999,Alex Patel,Premium,1499,3,7,0,4,3,1,1,500,40,True,False,North,2024-04,0.8737,1
5000,Alex Martinez,Basic,699,12,3,2,0,0,0,0,100,214,False,False,South,2024-05,0.3223,0
5001,Avery Johnson,Plus,999,9,1,2,1,2,0,0,200,132,True,False,North,2024-12,0.6801,1
5002,Quinn Johnson,Ultra,2499,52,5,3,5,3,0,1,1000,138,False,True,North,2024-05,0.8718,1
5003,Taylor Smith,Basic,699,26,8,2,1,3,1,1,100,263,False,True,West,2024-05,0.8255,1
5004,Quinn Khan,Premium,1499,39,4,7,6,1,0,1,500,250,True,False,East,2024-02,0.856,1
5005,Casey Khan,Basic,699,48,1,5,2,4,1,0,100,120,False,False,East,2024-05,0.553,0
5006,Jordan Martinez,Premium,1499,15,0,4,4,2,1,1,500,244,False,False,East,2024-11,0.7954,0
5007,Riley Brown,Ultra,2499,16,2,4,3,1,1,0,1000,87,False,False,East,2024-02,0.765,1
5008,Morgan Smith,Basic,699,25,2,6,8,2,0,0,100,237,False,False,North,2024-06,0.8329,1
5009,Quinn Khan,Basic,699,37,7,4,6,2,1,0,100,104,False,False,East,2024-07,0.8908,1
5010,Quinn Davis,Ultra,2499,6,7,6,8,0,0,0,1000,129,True,False,West,2024-12,0.9063,1
5011,Alex Martinez,Plus,999,54,6,5,0,0,0,0,200,288,False,False,West,2024-09,0.7876,1
5012,Avery Smith,Premium,1499,56,2,2,0,4,1,1,500,275,True,True,West,2024-05,0.8115,0
5013,Taylor Khan,Premium,1499,49,6,3,7,4,0,0,500,233,False,False,West,2024-10,0.7235,1
5014,Taylor Martinez,Plus,999,12,8,5,5,3,1,1,200,197,False,False,North,2024-09,0.8958,1
5015,Casey Khan,Ultra,2499,6,8,2,7,1,1,0,1000,60,False,False,South,2024-12,0.865,1
5016,Jamie Smith,Plus,999,34,2,4,1,5,1,1,200,237,False,True,South,2024-09,0.8596,1
5017,Riley Johnson,Premium,1499,52,8,6,7,5,0,1,500,215,True,False,East,2024-02,0.9321,1
5018,Reese Johnson,Plus,999,26,6,7,2,4,0,1,200,41,False,False,East,2024-06,0.8875,0
5019,Morgan Garcia,Premium,1499,39,8,3,1,2,0,0,500,158,False,False,East,2024-04,0.5033,0
5020,Riley Garcia,Premium,1499,44,3,0,5,5,1,1,500,223,False,True,South,2024-11,0.8897,1
5021,Riley Lee,Basic,699,32,4,2,5,0,1,1,100,188,False,False,West,2024-11,0.7681,1
5022,Jamie Lee,Plus,999,20,0,7,5,4,1,0,200,161,False,True,South,2024-05,0.8616,1
5023,Jamie Martinez,Basic,699,4,4,4,1,4,1,0,100,122,True,False,North,2024-04,0.6243,1
5024,Avery Brown,Premium,1499,16,6,3,4,4,1,0,500,211,False,False,West,2024-10,0.8967,1
5025,Avery Garcia,Ultra,2499,39,3,4,1,1,1,0,1000,212,False,False,South,2024-11,0.4688,0
5026,Riley Johnson,Premium,1499,5,1,2,6,5,0,1,500,55,False,False,South,2024-12,0.8705,1
5027,Avery Patel,Premium,1499,54,6,7,0,2,1,1,500,133,False,True,North,2024-11,0.5904,1
5028,Avery Davis,Basic,699,34,2,6,0,5,1,0,100,102,True,True,North,2024-07,0.8782,1
5029,Alex Patel,Basic,699,38,0,4,2,1,0,1,100,164,False,False,South,2024-12,0.6101,1
5030,Taylor Patel,Premium,1499,50,0,7,4,1,1,0,500,213,True,True,South,2024-10,0.7848,1
5031,Alex Khan,Ultra,2499,53,6,4,3,2,0,0,1000,189,False,False,South,2024-12,0.8527,1
5032,Reese Khan,Ultra,2499,20,4,1,6,3,0,0,1000,241,False,False,East,2024-11,0.8614,1
5033,Reese Garcia,Basic,699,28,3,6,1,3,1,1,100,84,False,True,West,2024-09,0.8458,1
5034,Riley Lee,Premium,1499,22,0,1,4,2,1,0,500,160,True,False,North,2024-08,0.7531,1
5035,Jordan Davis,Basic,699,7,2,6,1,1,0,0,100,195,False,False,North,2024-02,0.7325,1
5036,Avery Johnson,Premium,1499,53,4,2,5,5,0,1,500,149,False,False,South,2024-08,0.5726,1
5037,Jamie Johnson,Premium,1499,40,5,4,4,0,0,1,500,249,False,True,South,2024-02,0.8276,1
5038,Alex Nguyen,Plus,999,1,8,3,7,3,0,1,200,244,True,False,South,2024-04,0.8932,1
5039,Avery Khan,Premium,1499,53,1,0,2,3,0,1,500,134,False,True,East,2024-05,0.6722,1
5040,Quinn Davis,Premium,1499,56,5,4,5,1,0,0,500,205,False,False,North,2024-10,0.516,1
5041,Riley Johnson,Premium,1499,58,7,4,3,4,0,1,500,309,False,True,South,2024-08,0.8703,0
5042,Quinn Johnson,Basic,699,30,8,1,0,2,0,0,100,199,True,False,South,2024-10,0.8108,1
5043,Jamie Martinez,Plus,999,17,5,7,2,1,1,0,200,221,False,True,East,2024-12,0.8552,1
5044,Alex Garcia,Basic,699,7,4,5,7,2,1,0,100,112,False,False,North,2024-06,0.5702,1
5045,Avery Nguyen,Basic,699,22,2,4,7,0,1,0,100,233,False,True,North,2024-01,0.8314,1
5046,Riley Martinez,Premium,1499,43,2,7,5,0,1,0,500,149,False,True,East,2024-10,0.802,0
5047,Casey Garcia,Plus,999,28,0,0,2,4,1,1,200,20,False,False,South,2024-09,0.3596,0
5048,Quinn Nguyen,Ultra,2499,56,2,7,0,0,0,0,1000,172,False,False,South,2024-02,0.7613,1
5049,Taylor Smith,Ultra,2499,1,6,6,6,4,1,1,1000,227,False,False,South,2024-02,0.9408,1
5050,Morgan Smith,Basic,699,27,2,4,8,0,1,0,100,151,False,False,East,2024-09,0.7654,1
5051,Reese Lee,Ultra,2499,48,4,3,4,1,0,1,1000,278,True,False,North,2024-06,0.5175,0
5052,Taylor Johnson,Basic,699,13,7,3,5,0,0,1,100,32,False,False,East,2024-12,0.8052,1
5053,Jordan Nguyen,Basic,699,31,5,1,5,2,0,0,100,119,False,True,West,2024-01,0.4995,0
5054,Reese Lee,Ultra,2499,49,1,3,2,1,0,0,1000,219,False,False,West,2024-12,0.6865,0
5055,Reese Smith,Basic,699,60,2,2,7,3,0,1,100,174,False,False,North,2024-08,0.823,1
5056,Taylor Martinez,Basic,699,59,7,0,7,3,0,0,100,131,False,False,South,2024-12,0.6224,1
5057,Taylor Lee,Premium,1499,8,1,6,0,2,1,0,500,133,False,True,North,2024-11,0.4858,0
5058,Jamie Brown,Ultra,2499,18,8,4,6,3,1,1,1000,160,False,False,North,2024-06,0.9062,1
5059,Alex Brown,Plus,999,17,2,5,4,4,0,1,200,211,False,False,East,2024-12,0.8436,1
5060,Quinn Martinez,Premium,1499,29,5,0,4,3,1,0,500,127,False,True,East,2024-11,0.5254,1
5061,Alex Khan,Basic,699,42,3,2,6,0,0,1,100,355,False,False,East,2024-09,0.3935,0
5062,Jamie Khan,Ultra,2499,45,8,7,3,1,1,0,1000,228,True,False,West,2024-07,0.8592,1
5063,Quinn Lee,Ultra,2499,13,0,2,8,3,1,1,1000,160,False,False,North,2024-09,0.7877,1
5064,Jordan Lee,Ultra,2499,40,1,7,2,0,1,1,1000,213,False,True,South,2024-09,0.6903,1
5065,Jordan Smith,Basic,699,2,3,4,6,3,1,0,100,191,True,False,North,2024-05,0.865,1
5066,Morgan Garcia,Ultra,2499,50,2,7,4,3,0,0,1000,202,True,True,East,2024-07,0.8487,1
5067,Morgan Martinez,Basic,699,2,8,4,8,2,1,1,100,120,False,False,South,2024-10,0.8927,1
5068,Alex Davis,Basic,699,57,2,4,0,0,1,1,100,106,False,False,West,2024-05,0.6723,1
5069,Jordan Garcia,Basic,699,2,1,4,5,1,1,0,100,96,False,True,North,2024-05,0.4341,0
5070,Jamie Davis,Plus,999,33,7,5,0,4,0,0,200,251,False,False,North,2024-08,0.5463,0
5071,Alex Nguyen,Ultra,2499,8,7,7,7,1,0,1,1000,167,False,False,North,2024-07,0.8969,1
5072,Jamie Martinez,Premium,1499,24,4,7,7,1,0,0,500,136,False,False,East,2024-07,0.5637,0
5073,Casey Brown,Plus,999,55,7,5,0,0,1,0,200,195,False,True,South,2024-08,0.5591,0
5074,Alex Brown,Ultra,2499,23,7,6,1,5,0,1,1000,98,False,False,South,2024-04,0.8964,1
5075,Jamie Nguyen,Plus,999,58,5,4,7,3,0,0,200,58,False,False,North,2024-08,0.8745,1
5076,Jordan Brown,Premium,1499,33,8,3,7,5,1,1,500,182,False,False,West,2024-07,0.909,1
5077,Taylor Lee,Premium,1499,17,5,0,3,1,0,0,500,148,True,False,North,2024-05,0.7249,1
5078,Jamie Nguyen,Basic,699,24,6,5,4,2,0,1,100,185,False,False,South,2024-01,0.6407,1
5079,Riley Patel,Premium,1499,11,4,1,8,2,0,1,500,103,False,False,North,2024-07,0.4892,0
5080,Morgan Nguyen,Ultra,2499,26,2,4,0,4,0,0,1000,215,False,True,North,2024-01,0.8266,1
5081,Riley Garcia,Premium,1499,10,8,2,5,3,0,0,500,75,False,False,West,2024-03,0.6212,1
5082,Avery Nguyen,Premium,1499,29,7,3,1,3,1,0,500,199,False,True,West,2024-09,0.8623,1
5083,Alex Khan,Ultra,2499,8,8,4,3,4,1,0,1000,20,True,False,South,2024-04,0.9202,1
5084,Quinn Davis,Basic,699,31,8,3,0,0,0,0,100,286,False,False,East,2024-02,0.7384,1
5085,Jamie Patel,Ultra,2499,55,4,2,8,3,1,0,1000,107,False,False,North,2024-09,0.8498,1
5086,Taylor Smith,Plus,999,59,1,5,7,1,0,0,200,303,False,True,West,2024-02,0.814,1
5087,Jordan Garcia,Ultra,2499,38,4,7,3,0,0,0,1000,224,False,False,North,2024-05,0.8105,1
5088,Casey Khan,Plus,999,16,6,2,8,4,1,1,200,133,False,True,East,2024-09,0.8984,1
5089,Morgan Smith,Basic,699,37,6,5,2,5,1,0,100,174,False,True,West,2024-07,0.9178,1
5090,Morgan Davis,Ultra,2499,47,3,6,6,3,0,0,1000,285,False,True,East,2024-02,0.9009,1
5091,Reese Khan,Basic,699,43,7,5,6,3,0,1,100,80,True,False,South,2024-12,0.9067,1
5092,Morgan Nguyen,Plus,999,2,1,2,4,4,0,1,200,231,False,False,South,2024-05,0.5057,0
5093,Riley Smith,Premium,1499,27,7,2,0,3,0,0,500,135,True,False,South,2024-12,0.6404,0
5094,Jamie Martinez,Plus,999,4,8,5,8,5,0,0,200,90,False,False,North,2024-08,0.9119,1
5095,Alex Smith,Ultra,2499,9,2,0,6,4,1,1,1000,196,False,False,South,2024-11,0.865,1
5096,Riley Brown,Plus,999,23,8,2,0,1,0,0,200,121,False,False,West,2024-06,0.735,1
5097,Avery Nguyen,Ultra,2499,29,2,3,4,1,1,1,1000,255,False,False,East,2024-11,0.7733,1
5098,Avery Nguyen,Plus,999,23,0,4,6,4,0,0,200,156,False,True,West,2024-06,0.556,0
5099,Jamie Brown,Basic,699,30,5,5,6,4,0,1,100,199,False,False,South,2024-03,0.9084,0
5100,Avery Johnson,Premium,1499,45,7,6,3,5,1,0,500,270,False,False,West,2024-02,0.757,1
5101,Jordan Martinez,Basic,699,39,3,7,7,5,0,1,100,200,True,False,West,2024-09,0.9082,0
5102,Reese Smith,Ultra,2499,52,1,6,6,5,0,1,1000,214,False,True,East,2024-07,0.8898,1
5103,Alex Johnson,Ultra,2499,52,4,2,0,5,1,1,1000,179,True,False,West,2024-11,0.6247,1
5104,Jamie Patel,Premium,1499,36,6,7,1,2,0,1,500,286,False,False,South,2024-07,0.5334,1
5105,Alex Nguyen,Ultra,2499,45,0,0,2,2,0,0,1000,180,False,False,West,2024-01,0.2722,0
5106,Jamie Smith,Plus,999,17,4,1,1,0,0,0,200,158,True,True,South,2024-02,0.7192,1
5107,Avery Patel,Plus,999,59,8,3,7,0,1,0,200,226,False,True,South,2024-10,0.5825,0
5108,Jordan Khan,Plus,999,52,3,2,8,5,1,0,200,46,True,False,North,2024-07,0.8771,1
5109,Avery Smith,Premium,1499,48,8,6,0,0,1,1,500,242,False,False,South,2024-05,0.7575,1
5110,Casey Davis,Basic,699,56,2,7,6,4,0,1,100,263,False,True,South,2024-01,0.8868,0
5111,Avery Garcia,Plus,999,30,8,2,7,1,1,0,200,272,False,True,West,2024-05,0.8532,1
5112,Jamie Nguyen,Plus,999,25,8,4,0,4,1,1,200,35,False,True,North,2024-07,0.8904,1
5113,Quinn Lee,Basic,699,10,4,3,8,1,1,0,100,269,False,False,East,2024-06,0.8441,1
5114,Quinn Garcia,Premium,1499,8,3,2,3,3,1,0,500,133,False,False,South,2024-04,0.5157,0
5115,Taylor Johnson,Ultra,2499,14,3,4,4,2,0,0,1000,142,False,False,East,2024-03,0.7887,1
5116,Jamie Lee,Ultra,2499,13,8,0,7,3,0,0,1000,246,True,False,West,2024-12,0.8376,1
5117,Jamie Lee,Premium,1499,46,0,0,2,1,0,0,500,117,False,False,West,2024-09,0.5534,0
5118,Avery Patel,Basic,699,11,7,0,5,3,0,0,100,75,False,False,South,2024-09,0.8405,0
5119,Avery Nguyen,Basic,699,43,0,3,0,0,0,0,100,261,False,True,South,2024-09,0.592,1
5120,Jordan Johnson,Ultra,2499,33,1,5,1,2,0,1,1000,74,False,False,West,2024-06,0.7835,1
5121,Alex Brown,Plus,999,48,4,2,5,5,1,1,200,297,False,False,North,2024-10,0.8621,1
5122,Riley Lee,Plus,999,12,0,5,8,5,0,0,200,146,False,True,North,2024-12,0.865,1
5123,Quinn Brown,Premium,1499,17,6,3,2,2,0,1,500,293,False,False,North,2024-05,0.8118,1
5124,Riley Patel,Plus,999,12,0,0,0,0,1,0,200,86,False,True,North,2024-02,0.5853,1
5125,Avery Lee,Ultra,2499,30,0,4,3,0,0,1,1000,235,True,False,South,2024-06,0.3638,0
5126,Taylor Martinez,Premium,1499,54,2,3,3,2,1,1,500,140,True,True,North,2024-04,0.8401,1
5127,Riley Smith,Basic,699,24,1,4,7,5,0,0,100,216,False,False,North,2024-12,0.8299,0
5128,Casey Smith,Ultra,2499,25,8,4,1,4,0,1,1000,183,True,False,West,2024-02,0.8529,1
5129,Avery Lee,Premium,1499,15,4,1,1,3,0,1,500,228,False,True,East,2024-05,0.4553,0
5130,Quinn Johnson,Premium,1499,18,6,3,2,0,0,1,500,149,True,False,West,2024-12,0.7982,1
5131,Riley Brown,Basic,699,54,0,4,4,3,1,0,100,182,False,False,West,2024-11,0.806,1
5132,Alex Martinez,Plus,999,15,3,5,2,2,0,1,200,221,False,False,South,2024-06,0.4692,0
5133,Reese Martinez,Basic,699,56,3,1,5,1,1,0,100,233,True,False,North,2024-04,0.7909,1
5134,Jamie Khan,Premium,1499,43,7,5,1,3,1,0,500,150,False,False,South,2024-11,0.8734,1
5135,Jamie Brown,Plus,999,7,4,5,7,1,1,1,200,169,False,False,West,2024-12,0.8648,1
5136,Casey Garcia,Ultra,2499,58,1,1,6,0,0,0,1000,154,False,False,South,2024-06,0.6729,0
5137,Alex Brown,Premium,1499,3,8,5,5,0,0,0,500,317,False,False,North,2024-04,0.632,0
5138,Reese Smith,Ultra,2499,6,0,5,7,4,1,0,1000,126,False,False,South,2024-02,0.612,0
5139,Jamie Martinez,Ultra,2499,5,0,0,3,3,1,1,1000,188,False,True,South,2024-03,0.7647,1
5140,Jordan Lee,Basic,699,49,5,4,5,3,0,1,100,189,False,False,East,2024-11,0.8806,1
5141,Casey Brown,Plus,999,49,4,2,7,5,1,0,200,204,False,True,North,2024-06,0.6683,1
5142,Taylor Patel,Premium,1499,50,3,1,6,1,0,0,500,252,False,False,North,2024-01,0.7676,1
5143,Quinn Brown,Plus,999,13,5,0,6,4,0,0,200,188,True,False,South,2024-12,0.859,1
5144,Quinn Davis,Premium,1499,18,1,2,1,4,0,1,500,173,False,False,South,2024-11,0.4113,0
5145,Reese Smith,Premium,1499,9,6,0,3,1,0,0,500,138,False,False,North,2024-03,0.7441,1
5146,Reese Brown,Premium,1499,39,4,2,8,1,0,0,500,110,True,True,West,2024-01,0.8008,1
5147,Jordan Smith,Plus,999,45,3,6,0,5,0,1,200,118,False,True,South,2024-12,0.5827,1
5148,Casey Davis,Plus,999,47,2,0,5,2,1,0,200,187,False,False,West,2024-12,0.7368,0
5149,Jamie Patel,Basic,699,18,8,0,3,0,1,1,100,20,False,False,South,2024-01,0.8094,1
5150,Reese Brown,Plus,999,33,7,5,5,3,1,1,200,256,False,True,South,2024-09,0.7225,1
5151,Morgan Davis,Plus,999,53,0,4,7,0,1,0,200,313,False,False,North,2024-06,0.3736,0
5152,Jordan Davis,Premium,1499,19,1,4,1,3,0,0,500,312,True,False,South,2024-06,0.7456,0
5153,Jamie Patel,Ultra,2499,53,2,3,2,5,1,1,1000,196,True,True,South,2024-08,0.8401,1
5154,Riley Brown,Premium,1499,24,5,0,8,2,0,0,500,181,True,False,East,2024-07,0.8345,1
5155,Jamie Davis,Plus,999,4,7,6,8,0,0,1,200,169,False,False,North,2024-02,0.8846,1
5156,Riley Garcia,Premium,1499,6,0,6,2,4,1,1,500,186,True,False,North,2024-04,0.5552,0
5157,Avery Brown,Plus,999,36,7,5,3,1,1,0,200,140,False,False,North,2024-02,0.6158,1
5158,Jamie Martinez,Premium,1499,32,4,2,1,2,0,1,500,134,False,False,South,2024-08,0.4644,0
5159,Riley Smith,Basic,699,19,5,7,6,4,0,0,100,265,False,True,East,2024-08,0.8899,0
5160,Avery Johnson,Basic,699,31,6,5,0,2,0,0,100,259,False,False,North,2024-11,0.8592,1
5161,Alex Garcia,Plus,999,57,5,0,7,0,0,1,200,197,False,True,South,2024-04,0.7807,1
5162,Reese Johnson,Basic,699,50,0,3,3,0,1,0,100,252,False,False,East,2024-10,0.3205,0
5163,Jordan Martinez,Plus,999,56,6,6,6,1,0,0,200,192,True,True,North,2024-08,0.6371,1
5164,Riley Lee,Premium,1499,8,4,1,7,5,0,1,500,189,False,False,North,2024-08,0.8749,1
5165,Jamie Patel,Premium,1499,24,0,7,5,5,1,1,500,216,False,False,West,2024-08,0.8899,0
5166,Riley Patel,Basic,699,6,3,5,7,5,1,0,100,125,False,False,North,2024-04,0.8919,1
5167,Morgan Martinez,Premium,1499,38,4,6,6,4,1,0,500,312,False,False,West,2024-10,0.9111,1
5168,Avery Patel,Plus,999,26,4,1,3,5,0,1,200,194,False,False,East,2024-12,0.8191,1
5169,Casey Lee,Premium,1499,48,4,5,3,0,1,0,500,122,False,False,South,2024-02,0.8447,1
5170,Quinn Nguyen,Basic,699,36,4,0,3,3,1,0,100,143,True,False,North,2024-07,0.7757,0
5171,Jordan Lee,Plus,999,12,6,2,1,0,0,0,200,148,False,False,East,2024-08,0.3318,0
5172,Taylor Johnson,Premium,1499,7,5,2,1,4,0,1,500,134,False,True,North,2024-09,0.5262,0
5173,Avery Khan,Basic,699,31,6,1,2,2,0,0,100,223,False,True,West,2024-09,0.7789,0
5174,Reese Patel,Plus,999,31,4,4,0,0,0,1,200,242,False,False,South,2024-12,0.7483,1
5175,Jamie Nguyen,Ultra,2499,24,6,0,0,1,0,1,1000,234,False,False,West,2024-01,0.3793,0
5176,Casey Martinez,Premium,1499,48,5,3,4,0,1,1,500,189,True,False,West,2024-07,0.7927,1
5177,Alex Brown,Basic,699,60,5,2,0,4,1,1,100,170,False,True,East,2024-08,0.8147,1
5178,Jamie Brown,Ultra,2499,56,3,3,4,5,1,0,1000,228,False,True,North,2024-03,0.9165,1
5179,Taylor Khan,Plus,999,50,0,7,4,4,0,0,200,214,False,False,South,2024-01,0.7652,1
5180,Morgan Martinez,Basic,699,39,2,6,8,0,1,1,100,154,False,False,West,2024-08,0.5221,1
5181,Morgan Lee,Basic,699,28,7,3,3,4,0,1,100,186,False,False,North,2024-11,0.8469,1
5182,Taylor Nguyen,Plus,999,36,8,1,5,0,0,1,200,197,False,False,West,2024-02,0.7376,1
5183,Quinn Nguyen,Ultra,2499,55,7,0,4,1,0,0,1000,113,False,False,East,2024-02,0.7953,1
5184,Quinn Patel,Plus,999,33,7,1,0,2,1,1,200,108,False,False,North,2024-02,0.4827,0
5185,Reese Patel,Basic,699,27,6,0,8,4,0,0,100,84,True,True,West,2024-02,0.6995,1
5186,Riley Patel,Basic,699,51,1,5,4,0,0,0,100,125,False,False,West,2024-10,0.3791,0
5187,Riley Khan,Premium,1499,21,3,0,6,1,1,1,500,203,False,False,West,2024-09,0.755,1
5188,Jamie Johnson,Ultra,2499,12,6,0,4,5,0,1,1000,190,False,False,West,2024-10,0.8706,1
5189,Morgan Patel,Plus,999,26,0,6,2,4,0,1,200,247,True,False,East,2024-09,0.8262,1
5190,Quinn Brown,Plus,999,15,5,0,0,1,1,1,200,167,False,True,East,2024-06,0.3937,0
5191,Taylor Nguyen,Ultra,2499,50,1,0,6,4,1,0,1000,344,False,False,South,2024-07,0.8224,0
5192,Riley Nguyen,Basic,699,4,1,0,4,2,1,1,100,115,False,True,North,2024-03,0.4292,0
5193,Alex Khan,Basic,699,54,8,1,6,1,1,0,100,156,True,False,North,2024-03,0.8442,1
5194,Alex Martinez,Ultra,2499,50,2,6,1,4,1,1,1000,93,False,False,North,2024-12,0.5617,1
5195,Taylor Nguyen,Premium,1499,52,8,2,4,1,1,0,500,306,True,False,North,2024-09,0.8602,1
5196,Alex Lee,Ultra,2499,11,3,1,6,5,0,0,1000,20,False,False,North,2024-03,0.8811,1
5197,Jamie Martinez,Plus,999,22,6,7,0,4,0,1,200,256,False,True,West,2024-03,0.8728,1
5198,Reese Nguyen,Plus,999,3,5,4,1,1,1,0,200,230,False,True,North,2024-03,0.8086,1
5199,Avery Garcia,Basic,699,41,6,5,8,0,0,1,100,147,False,True,North,2024-07,0.6513,1
5200,Quinn Davis,Plus,999,10,1,2,5,4,1,1,200,160,False,True,West,2024-05,0.7824,0
5201,Morgan Khan,Plus,999,49,6,0,2,1,1,0,200,175,False,True,West,2024-12,0.7787,0
5202,Avery Lee,Premium,1499,12,1,4,1,2,1,0,500,263,False,False,North,2024-01,0.7525,1
5203,Reese Davis,Plus,999,26,1,1,0,5,1,1,200,150,False,False,West,2024-11,0.7733,0
5204,Jamie Brown,Premium,1499,13,4,0,5,0,0,0,500,188,False,False,West,2024-09,0.3653,0
5205,Avery Lee,Premium,1499,30,5,4,5,1,0,1,500,260,False,False,West,2024-03,0.8388,1
5206,Morgan Brown,Premium,1499,10,4,1,1,0,1,0,500,180,False,True,South,2024-03,0.7343,1
5207,Quinn Lee,Ultra,2499,26,2,7,2,2,1,0,1000,105,False,False,East,2024-08,0.5077,1
5208,Taylor Martinez,Premium,1499,43,0,0,2,1,0,1,500,180,False,False,West,2024-11,0.5868,1
5209,Taylor Nguyen,Ultra,2499,25,1,2,8,2,0,1,1000,269,True,True,East,2024-04,0.8042,1
5210,Casey Martinez,Basic,699,7,3,0,1,0,0,0,100,239,False,True,West,2024-09,0.6321,1
5211,Jamie Patel,Ultra,2499,31,3,4,8,0,1,0,1000,253,False,False,North,2024-03,0.5324,0
5212,Casey Davis,Premium,1499,13,6,0,5,3,0,1,500,180,False,False,East,2024-12,0.8345,1
5213,Avery Nguyen,Premium,1499,20,2,1,1,0,1,1,500,113,True,False,North,2024-06,0.3649,0
5214,Casey Nguyen,Plus,999,27,1,5,1,5,1,0,200,177,True,True,East,2024-05,0.8448,1
5215,Alex Khan,Plus,999,10,8,4,0,0,1,1,200,257,False,False,West,2024-10,0.4286,0
5216,Avery Johnson,Plus,999,21,8,0,5,2,0,1,200,150,False,False,South,2024-08,0.8255,1
5217,Quinn Garcia,Plus,999,7,5,3,0,5,0,1,200,202,False,False,West,2024-12,0.8352,1
5218,Quinn Garcia,Ultra,2499,40,8,0,3,5,0,0,1000,197,False,False,South,2024-08,0.8541,1
5219,Quinn Garcia,Plus,999,45,0,1,2,0,1,0,200,73,False,False,East,2024-10,0.6124,1
5220,Alex Nguyen,Plus,999,17,1,0,2,4,0,1,200,293,True,False,North,2024-12,0.7029,0
5221,Jordan Smith,Ultra,2499,5,0,6,7,0,1,1,1000,157,False,False,North,2024-03,0.7956,1
5222,Alex Smith,Ultra,2499,52,1,7,7,1,0,1,1000,173,False,False,West,2024-09,0.7913,1
5223,Jamie Patel,Premium,1499,5,6,6,3,0,1,1,500,214,True,False,West,2024-07,0.8879,1
5224,Alex Smith,Premium,1499,58,4,1,1,3,1,0,500,234,True,False,East,2024-01,0.7811,0
5225,Quinn Garcia,Premium,1499,9,6,6,6,4,1,1,500,156,False,False,North,2024-01,0.93,1
5226,Morgan Brown,Ultra,2499,53,0,4,1,1,1,1,1000,211,False,True,West,2024-01,0.3615,0
5227,Morgan Patel,Basic,699,1,3,1,1,0,1,1,100,244,False,False,West,2024-01,0.4008,0
5228,Morgan Patel,Ultra,2499,33,4,0,8,1,1,1,1000,110,False,False,East,2024-04,0.7784,1
5229,Reese Brown,Plus,999,51,2,3,3,5,1,1,200,142,True,False,North,2024-04,0.8952,1
5230,Alex Brown,Ultra,2499,11,7,1,2,0,1,1,1000,149,False,False,West,2024-04,0.8163,0
5231,Quinn Nguyen,Ultra,2499,4,6,6,0,3,1,1,1000,91,False,True,East,2024-04,0.8861,1
5232,Taylor Johnson,Premium,1499,34,5,4,7,2,0,1,500,131,False,False,North,2024-01,0.8472,1
5233,Alex Davis,Ultra,2499,41,3,6,0,3,0,0,1000,161,True,False,South,2024-12,0.5184,1
5234,Jordan Patel,Plus,999,32,8,3,3,1,1,1,200,122,False,True,East,2024-06,0.6044,1
5235,Morgan Brown,Ultra,2499,23,1,5,1,1,0,0,1000,265,True,True,South,2024-07,0.7829,1
5236,Quinn Martinez,Ultra,2499,55,0,5,2,0,1,0,1000,216,False,True,West,2024-11,0.7318,0
5237,Quinn Patel,Premium,1499,6,5,6,4,0,1,1,500,145,False,False,South,2024-10,0.8371,1
5238,Avery Garcia,Ultra,2499,57,6,6,1,2,1,1,1000,205,False,False,West,2024-02,0.8499,1
5239,Casey Brown,Plus,999,27,5,1,2,1,0,0,200,110,False,False,West,2024-10,0.4435,0
5240,Alex Nguyen,Ultra,2499,12,5,5,6,4,1,0,1000,313,False,False,South,2024-09,0.919,1
5241,Morgan Johnson,Premium,1499,53,4,1,4,1,0,0,500,257,False,False,East,2024-03,0.7471,0
5242,Morgan Garcia,Plus,999,58,2,5,1,2,0,0,200,86,True,False,South,2024-01,0.7878,1
5243,Morgan Lee,Basic,699,50,0,2,5,4,0,1,100,219,False,False,West,2024-07,0.7633,1
5244,Jamie Smith,Premium,1499,5,8,4,6,4,0,1,500,163,True,False,North,2024-03,0.933,1
5245,Jamie Khan,Ultra,2499,11,4,1,8,5,1,0,1000,110,False,True,North,2024-07,0.878,0
5246,Riley Khan,Ultra,2499,5,3,5,5,1,0,0,1000,109,False,True,South,2024-08,0.8446,1
5247,Morgan Nguyen,Basic,699,3,1,2,8,0,1,1,100,103,False,False,East,2024-09,0.7266,1
5248,Casey Patel,Basic,699,6,8,6,8,1,1,1,100,130,True,True,East,2024-11,0.909,1
5249,Taylor Khan,Premium,1499,26,4,3,2,4,0,0,500,75,False,False,North,2024-10,0.5728,1
5250,Morgan Garcia,Premium,1499,1,6,3,6,1,0,0,500,267,False,True,North,2024-06,0.6319,1
5251,Casey Smith,Plus,999,13,5,4,8,5,1,0,200,287,False,False,North,2024-09,0.7559,1
5252,Taylor Garcia,Basic,699,18,2,4,5,5,1,1,100,234,False,True,North,2024-04,0.8809,1
5253,Riley Smith,Basic,699,42,8,0,8,5,0,0,100,181,False,False,West,2024-05,0.649,0
5254,Jordan Patel,Basic,699,15,2,1,6,2,0,1,100,152,False,False,West,2024-04,0.6937,1
5255,Alex Khan,Ultra,2499,9,7,7,8,5,1,1,1000,214,False,False,West,2024-04,0.7668,1
5256,Alex Garcia,Basic,699,23,0,2,1,0,0,1,100,112,True,False,South,2024-07,0.5987,0
5257,Morgan Brown,Ultra,2499,50,0,2,4,5,1,1,1000,173,False,False,West,2024-08,0.7752,1
5258,Riley Nguyen,Premium,1499,13,2,2,2,4,0,1,500,191,False,False,South,2024-01,0.4962,0
5259,Taylor Smith,Plus,999,9,0,4,4,4,1,0,200,101,False,True,East,2024-04,0.8482,1
5260,Reese Martinez,Ultra,2499,47,2,1,7,1,1,0,1000,70,False,True,East,2024-08,0.8465,1
5261,Riley Lee,Premium,1499,19,3,7,6,1,0,1,500,151,False,False,East,2024-09,0.8431,1
5262,Riley Garcia,Ultra,2499,24,5,7,6,5,1,0,1000,47,False,False,North,2024-09,0.9371,1
5263,Reese Johnson,Basic,699,28,2,3,5,4,0,1,100,195,False,False,South,2024-11,0.8156,1
5264,Alex Garcia,Premium,1499,38,5,6,6,5,1,1,500,140,False,True,North,2024-08,0.9288,1
5265,Reese Davis,Plus,999,47,0,6,1,1,1,0,200,259,False,False,East,2024-08,0.726,0
5266,Riley Lee,Premium,1499,5,8,4,4,1,1,1,500,287,False,False,East,2024-04,0.8654,1
5267,Alex Garcia,Premium,1499,40,4,1,5,4,1,1,500,149,False,True,North,2024-03,0.6439,0
5268,Jamie Patel,Premium,1499,43,8,7,6,4,0,0,500,66,False,False,North,2024-12,0.9136,1
5269,Avery Smith,Ultra,2499,28,1,5,7,2,0,0,1000,256,False,False,West,2024-10,0.4711,0
5270,Quinn Brown,Ultra,2499,53,7,2,2,2,0,0,1000,52,False,False,West,2024-05,0.8606,1
5271,Taylor Davis,Ultra,2499,21,2,2,8,0,1,1,1000,82,True,False,East,2024-10,0.7854,1
5272,Jamie Davis,Premium,1499,52,2,0,4,1,0,0,500,184,False,False,West,2024-04,0.5887,1
5273,Alex Khan,Ultra,2499,45,2,4,6,5,1,1,1000,161,False,False,East,2024-01,0.8926,1
5274,Quinn Brown,Premium,1499,39,7,5,3,5,0,0,500,204,False,False,North,2024-10,0.7262,1
5275,Taylor Patel,Ultra,2499,47,5,2,1,5,0,1,1000,152,False,False,South,2024-01,0.8541,1
5276,Quinn Brown,Premium,1499,17,2,6,0,1,1,1,500,131,True,True,West,2024-12,0.4547,0
5277,Taylor Smith,Ultra,2499,10,7,4,3,5,1,1,1000,89,False,True,North,2024-02,0.6901,0
5278,Quinn Patel,Plus,999,21,5,0,4,2,0,1,200,250,False,False,North,2024-11,0.7257,1
5279,Jamie Johnson,Plus,999,1,1,1,0,2,0,0,200,199,False,False,West,2024-12,0.3016,0
5280,Taylor Martinez,Basic,699,9,2,5,0,4,0,0,100,172,True,False,East,2024-06,0.5559,1
5281,Taylor Khan,Plus,999,32,0,2,6,0,0,1,200,149,False,False,West,2024-07,0.6839,1
5282,Avery Nguyen,Basic,699,35,3,0,1,0,0,1,100,182,False,False,South,2024-06,0.6028,1
5283,Riley Davis,Premium,1499,43,1,3,4,5,1,1,500,340,False,False,East,2024-08,0.8106,1
5284,Casey Johnson,Plus,999,25,1,1,6,5,0,1,200,270,False,False,West,2024-07,0.8173,1
5285,Alex Garcia,Plus,999,43,1,2,7,4,1,1,200,146,False,False,East,2024-06,0.8525,1
5286,Alex Brown,Ultra,2499,28,2,6,3,2,1,1,1000,50,False,False,East,2024-06,0.5527,1
5287,Quinn Patel,Basic,699,27,8,3,3,0,1,0,100,95,True,False,East,2024-08,0.5478,1
5288,Reese Nguyen,Plus,999,11,7,0,5,2,1,1,200,102,True,False,East,2024-02,0.8538,1
5289,Morgan Johnson,Plus,999,1,5,2,0,5,1,0,200,166,False,False,West,2024-11,0.8427,1
5290,Jordan Smith,Ultra,2499,27,3,4,8,2,0,1,1000,207,False,True,East,2024-09,0.5646,0
5291,Jordan Khan,Basic,699,8,3,2,7,5,1,1,100,103,False,False,West,2024-06,0.9122,1
5292,Morgan Patel,Ultra,2499,56,8,0,0,1,0,0,1000,145,False,False,South,2024-10,0.3116,0
5293,Riley Martinez,Ultra,2499,20,1,6,7,5,0,0,1000,121,False,False,South,2024-11,0.8569,1
5294,Jamie Nguyen,Plus,999,18,0,1,0,3,1,0,200,237,False,True,North,2024-01,0.6939,0
5295,Reese Garcia,Basic,699,41,6,0,8,2,0,0,100,207,False,True,East,2024-04,0.8212,1
5296,Morgan Garcia,Basic,699,33,7,2,7,2,0,0,100,160,False,True,East,2024-07,0.8487,1
5297,Jordan Johnson,Basic,699,24,6,5,5,2,0,1,100,174,False,False,East,2024-06,0.8834,1
5298,Riley Brown,Plus,999,24,3,1,6,2,0,0,200,203,False,False,South,2024-01,0.785,1
5299,Morgan Garcia,Basic,699,44,2,6,0,5,0,1,100,214,False,False,North,2024-06,0.5677,1
5300,Riley Smith,Ultra,2499,41,0,2,7,3,1,0,1000,200,True,False,West,2024-11,0.8181,1
5301,Morgan Johnson,Ultra,2499,33,2,6,5,0,0,0,1000,263,True,True,South,2024-06,0.8085,1
5302,Alex Davis,Ultra,2499,11,5,3,6,3,0,0,1000,120,False,False,East,2024-04,0.575,1
5303,Riley Davis,Premium,1499,12,2,3,3,0,1,0,500,192,False,False,North,2024-09,0.6752,1
5304,Avery Patel,Ultra,2499,51,2,2,8,0,0,0,1000,212,False,False,North,2024-09,0.7278,1
5305,Riley Brown,Plus,999,34,8,1,1,5,0,0,200,259,False,True,North,2024-10,0.8319,1
5306,Reese Johnson,Ultra,2499,56,1,2,6,4,0,1,1000,165,True,False,North,2024-08,0.8492,1
5307,Casey Patel,Ultra,2499,39,0,1,0,1,0,0,1000,276,False,True,North,2024-05,0.2531,0
5308,Reese Davis,Basic,699,32,1,4,2,1,1,0,100,192,True,False,South,2024-11,0.7566,1
5309,Jordan Johnson,Ultra,2499,34,0,5,5,0,0,1,1000,206,False,False,North,2024-02,0.3871,0
5310,Reese Smith,Ultra,2499,2,5,1,2,5,0,0,1000,269,False,True,East,2024-04,0.8259,1
5311,Reese Davis,Plus,999,28,5,3,7,2,1,1,200,150,False,True,South,2024-07,0.8784,1
5312,Jamie Martinez,Basic,699,18,8,5,6,0,1,1,100,212,False,False,East,2024-05,0.8862,0
5313,Quinn Garcia,Plus,999,42,0,1,6,0,0,1,200,263,False,True,South,2024-07,0.318,0
5314,Reese Johnson,Basic,699,53,5,0,7,0,1,0,100,270,False,True,North,2024-08,0.4558,0
5315,Avery Smith,Ultra,2499,21,3,0,1,2,1,0,1000,245,False,False,North,2024-02,0.4555,0
5316,Reese Smith,Ultra,2499,54,6,7,1,5,0,1,1000,265,False,False,East,2024-03,0.8999,1
5317,Morgan Nguyen,Basic,699,3,5,4,1,0,1,0,100,156,False,False,West,2024-08,0.7504,1
5318,Reese Patel,Plus,999,8,3,2,5,3,0,0,200,201,False,False,East,2024-02,0.7708,1
5319,Casey Davis,Premium,1499,24,1,6,2,5,1,1,500,124,False,True,North,2024-07,0.5821,0
5320,Alex Smith,Plus,999,60,4,6,1,3,1,1,200,147,False,False,South,2024-01,0.8489,1
5321,Avery Nguyen,Basic,699,32,5,7,0,2,1,1,100,199,False,True,West,2024-02,0.8375,1
5322,Taylor Lee,Ultra,2499,27,3,1,7,2,0,1,1000,254,False,True,South,2024-02,0.7972,1
5323,Alex Johnson,Ultra,2499,30,3,4,7,2,0,0,1000,124,False,False,North,2024-07,0.8367,1
5324,Quinn Smith,Basic,699,54,1,5,7,5,1,1,100,317,False,False,West,2024-02,0.8808,1
5325,Reese Smith,Plus,999,18,2,2,0,4,1,1,200,154,False,False,South,2024-11,0.7152,1
5326,Morgan Davis,Plus,999,8,3,2,8,3,1,1,200,164,False,False,West,2024-01,0.8423,1
5327,Jamie Brown,Premium,1499,32,5,5,8,4,0,1,500,152,False,True,North,2024-02,0.888,1
5328,Alex Nguyen,Premium,1499,5,7,7,0,5,0,1,500,120,True,False,East,2024-10,0.9288,1
5329,Alex Davis,Ultra,2499,9,3,6,0,3,1,0,1000,280,False,True,East,2024-12,0.5441,1
5330,Reese Johnson,Ultra,2499,17,6,5,2,0,1,1,1000,227,False,False,East,2024-07,0.8074,1
5331,Alex Smith,Premium,1499,14,8,7,3,0,1,0,500,278,False,False,West,2024-07,0.6051,0
5332,Reese Patel,Plus,999,45,6,1,2,2,1,0,200,246,False,False,East,2024-03,0.4385,0
5333,Jordan Garcia,Basic,699,40,1,7,0,3,1,0,100,227,False,False,North,2024-12,0.784,0
5334,Riley Patel,Premium,1499,47,0,1,5,2,0,1,500,239,False,True,South,2024-04,0.7497,1
5335,Taylor Martinez,Premium,1499,40,8,3,5,3,0,0,500,184,False,True,West,2024-02,0.8732,1
5336,Riley Davis,Ultra,2499,22,2,5,7,3,1,1,1000,234,False,True,East,2024-04,0.8766,1
5337,Alex Davis,Ultra,2499,47,5,2,5,2,0,0,1000,118,False,True,North,2024-07,0.8208,1
5338,Alex Brown,Plus,999,55,6,3,4,5,1,1,200,76,False,False,North,2024-06,0.9015,1
5339,Avery Lee,Basic,699,18,5,1,1,5,1,0,100,257,False,True,West,2024-11,0.5882,1
5340,Jordan Martinez,Premium,1499,29,1,3,7,1,0,1,500,142,False,False,East,2024-11,0.7757,1
5341,Riley Patel,Plus,999,50,7,0,3,4,1,1,200,121,False,False,South,2024-11,0.8435,1
5342,Avery Khan,Ultra,2499,23,1,4,7,3,1,1,1000,167,True,False,West,2024-08,0.6194,1
5343,Quinn Smith,Plus,999,49,1,5,0,2,1,0,200,69,False,False,West,2024-02,0.4067,0
5344,Avery Martinez,Premium,1499,4,8,2,8,5,1,0,500,65,False,False,North,2024-07,0.9235,1
5345,Quinn Khan,Ultra,2499,3,4,4,1,5,1,0,1000,264,False,True,North,2024-03,0.8823,0
5346,Alex Davis,Premium,1499,57,3,2,0,2,0,0,500,144,False,False,East,2024-11,0.4136,0
5347,Jamie Brown,Ultra,2499,48,0,7,5,2,1,1,1000,254,False,True,South,2024-04,0.8316,1
5348,Jamie Johnson,Plus,999,50,4,7,2,4,1,0,200,227,True,True,East,2024-03,0.8817,1
5349,Avery Davis,Basic,699,48,7,0,8,4,1,1,100,276,False,False,South,2024-07,0.6968,0
5350,Reese Patel,Premium,1499,6,2,5,4,3,0,1,500,216,False,True,South,2024-05,0.7986,1
5351,Jamie Davis,Premium,1499,13,0,4,3,5,1,1,500,140,False,False,North,2024-06,0.8405,1
5352,Taylor Martinez,Ultra,2499,8,3,0,6,4,1,1,1000,150,False,False,South,2024-01,0.8642,1
5353,Jordan Khan,Ultra,2499,34,5,2,7,5,0,1,1000,221,False,True,West,2024-10,0.8864,1
5354,Casey Garcia,Basic,699,30,1,1,8,4,0,0,100,182,True,True,North,2024-08,0.4865,0
5355,Reese Davis,Plus,999,9,8,0,0,0,0,1,200,167,False,False,North,2024-09,0.6608,0
5356,Reese Patel,Premium,1499,2,3,3,4,3,1,0,500,262,False,False,South,2024-07,0.8857,1
5357,Taylor Martinez,Plus,999,12,6,5,6,1,0,1,200,79,False,False,West,2024-02,0.8391,1
5358,Alex Garcia,Plus,999,52,3,4,3,3,1,0,200,162,False,True,South,2024-11,0.8088,1
5359,Reese Garcia,Ultra,2499,21,3,0,7,1,0,1,1000,183,False,False,North,2024-09,0.4433,0
5360,Casey Martinez,Plus,999,49,2,5,0,3,0,0,200,284,True,False,East,2024-12,0.7875,1
5361,Casey Davis,Ultra,2499,57,3,1,4,3,1,0,1000,166,False,False,North,2024-02,0.7564,1
5362,Quinn Patel,Premium,1499,21,3,2,1,4,0,0,500,181,False,False,West,2024-05,0.7843,0
5363,Taylor Smith,Ultra,2499,35,8,0,7,0,1,1,1000,224,False,False,South,2024-10,0.4809,0
5364,Jordan Davis,Plus,999,8,0,2,1,2,0,0,200,149,False,False,East,2024-02,0.5838,0
5365,Riley Khan,Plus,999,9,2,5,7,0,1,1,200,20,False,False,North,2024-07,0.7915,1
5366,Quinn Brown,Plus,999,9,0,3,6,0,1,0,200,70,False,False,West,2024-01,0.7466,1
5367,Taylor Davis,Premium,1499,24,7,6,7,3,0,0,500,143,False,True,South,2024-11,0.7149,1
5368,Jordan Lee,Plus,999,12,2,3,4,5,1,0,200,111,False,True,East,2024-01,0.79,1
5369,Jamie Davis,Ultra,2499,43,6,3,6,4,1,1,1000,285,False,False,North,2024-01,0.8947,1
5370,Casey Nguyen,Ultra,2499,50,3,4,8,5,0,0,1000,151,False,False,East,2024-08,0.5991,0
5371,Reese Brown,Basic,699,23,6,2,5,5,1,0,100,248,True,False,West,2024-01,0.9098,1
5372,Avery Davis,Plus,999,43,8,4,5,4,0,0,200,122,False,False,North,2024-05,0.883,1
5373,Reese Lee,Basic,699,13,3,0,7,3,0,1,100,297,False,False,West,2024-06,0.4623,0
5374,Quinn Davis,Plus,999,51,2,2,4,4,1,0,200,167,True,False,West,2024-10,0.8098,1
5375,Alex Garcia,Plus,999,39,7,2,5,0,0,1,200,47,False,True,South,2024-09,0.817,1
5376,Jordan Garcia,Premium,1499,42,5,3,4,2,0,1,500,202,False,True,East,2024-03,0.6094,1
5377,Taylor Johnson,Basic,699,4,5,5,7,5,1,0,100,22,True,False,South,2024-05,0.7652,1
5378,Morgan Lee,Plus,999,33,8,3,6,2,0,1,200,139,False,False,East,2024-12,0.8556,0
5379,Riley Patel,Ultra,2499,25,1,7,3,4,1,1,1000,169,True,False,West,2024-11,0.8643,1
5380,Avery Smith,Ultra,2499,29,4,1,2,0,0,0,1000,208,True,False,West,2024-07,0.3554,0
5381,Riley Nguyen,Basic,699,27,8,7,0,4,0,0,100,245,False,False,West,2024-12,0.8749,0
5382,Morgan Smith,Plus,999,14,3,7,7,0,0,0,200,157,False,False,West,2024-02,0.8429,1
5383,Quinn Johnson,Ultra,2499,38,0,1,8,3,0,1,1000,288,False,False,South,2024-08,0.7721,1
5384,Quinn Martinez,Basic,699,3,2,1,1,1,1,0,100,20,False,False,East,2024-11,0.7589,0
5385,Jordan Lee,Plus,999,17,8,3,2,1,0,1,200,235,False,False,East,2024-11,0.8349,1
5386,Riley Brown,Plus,999,52,0,3,1,2,1,1,200,266,False,False,North,2024-07,0.4126,0
5387,Casey Brown,Ultra,2499,16,8,3,6,3,1,1,1000,241,True,False,East,2024-05,0.9222,1
5388,Jamie Smith,Ultra,2499,10,5,5,3,5,1,1,1000,319,False,False,East,2024-06,0.9115,1
5389,Jordan Smith,Plus,999,13,8,2,5,0,1,0,200,69,False,False,North,2024-07,0.8211,0
5390,Riley Garcia,Plus,999,59,8,5,0,1,1,0,200,207,False,False,North,2024-08,0.8207,0
5391,Quinn Garcia,Premium,1499,6,5,2,5,5,1,0,500,92,True,False,North,2024-01,0.8814,0
5392,Taylor Khan,Plus,999,48,2,1,1,0,0,0,200,128,False,False,East,2024-01,0.6321,0
5393,Alex Patel,Plus,999,18,5,6,5,5,0,0,200,290,False,False,South,2024-05,0.9196,1
5394,Jordan Smith,Plus,999,41,1,6,3,0,1,0,200,254,False,False,East,2024-08,0.7499,0
5395,Taylor Patel,Plus,999,47,5,3,7,3,1,0,200,58,False,False,East,2024-02,0.8789,1
5396,Riley Johnson,Ultra,2499,6,0,1,5,3,0,0,1000,161,False,False,North,2024-11,0.7161,1
5397,Jamie Nguyen,Premium,1499,19,3,2,2,4,0,0,500,183,True,False,East,2024-03,0.8244,1
5398,Morgan Johnson,Basic,699,50,0,4,8,4,0,1,100,239,False,False,West,2024-04,0.8019,1
5399,Jordan Johnson,Ultra,2499,49,1,5,2,5,0,0,1000,46,False,False,South,2024-06,0.8303,1
5400,Jordan Patel,Basic,699,30,5,5,4,0,0,0,100,183,True,True,North,2024-02,0.861,1
5401,Alex Johnson,Premium,1499,36,1,1,4,2,0,1,500,140,False,False,South,2024-05,0.7265,1
5402,Jordan Davis,Basic,699,13,5,4,6,3,0,0,100,200,False,False,West,2024-06,0.8706,1
5403,Jordan Davis,Basic,699,54,1,2,4,5,0,1,100,245,False,True,West,2024-03,0.7926,1
5404,Alex Johnson,Ultra,2499,23,0,2,8,4,1,0,1000,139,False,True,East,2024-06,0.8275,1
5405,Riley Smith,Plus,999,30,5,7,7,3,1,0,200,135,True,False,West,2024-08,0.9203,1
5406,Jordan Lee,Ultra,2499,21,6,3,7,1,0,0,1000,130,False,True,West,2024-06,0.8646,0
5407,Jamie Martinez,Basic,699,31,8,2,7,1,0,1,100,172,True,True,South,2024-02,0.8572,1
5408,Jordan Smith,Plus,999,15,7,2,2,2,0,0,200,147,False,False,South,2024-10,0.7874,0
5409,Taylor Brown,Plus,999,47,3,0,2,2,0,0,200,186,False,False,West,2024-03,0.3613,0
5410,Alex Lee,Premium,1499,18,4,4,0,2,0,0,500,179,False,False,East,2024-11,0.8169,1
5411,Jamie Davis,Premium,1499,51,8,0,0,2,1,0,500,110,False,False,East,2024-05,0.7721,1
5412,Avery Garcia,Plus,999,51,3,3,2,0,1,0,200,69,False,True,South,2024-04,0.4566,0
5413,Jordan Garcia,Ultra,2499,46,1,6,2,3,1,1,1000,101,False,True,North,2024-08,0.8304,1
5414,Avery Patel,Plus,999,42,8,4,7,5,0,1,200,153,True,False,South,2024-08,0.7431,1
5415,Avery Nguyen,Plus,999,33,2,5,5,1,1,0,200,141,True,False,West,2024-11,0.8116,1
5416,Jamie Davis,Premium,1499,29,7,2,6,0,0,0,500,280,False,False,North,2024-07,0.5306,0
5417,Alex Smith,Basic,699,51,6,7,0,1,0,0,100,140,False,False,North,2024-09,0.5056,1
5418,Morgan Nguyen,Basic,699,28,2,2,6,2,0,0,100,295,True,True,West,2024-05,0.7997,1
5419,Casey Garcia,Premium,1499,6,8,1,2,4,0,1,500,131,False,False,North,2024-07,0.5367,0
5420,Avery Davis,Plus,999,43,8,1,8,2,1,1,200,141,False,False,North,2024-02,0.5599,0
5421,Taylor Martinez,Plus,999,13,2,0,7,5,1,0,200,90,False,False,North,2024-07,0.8024,1
5422,Riley Lee,Premium,1499,37,1,6,1,2,0,0,500,121,False,True,North,2024-04,0.7939,1
5423,Morgan Garcia,Basic,699,41,8,2,7,1,0,1,100,153,False,False,West,2024-11,0.8189,0
5424,Morgan Smith,Premium,1499,57,8,3,6,2,1,1,500,268,False,False,West,2024-09,0.9006,1
5425,Jamie Davis,Premium,1499,31,4,4,3,1,1,0,500,160,False,True,North,2024-05,0.5238,1
5426,Avery Johnson,Basic,699,6,6,6,2,0,0,0,100,119,False,False,East,2024-09,0.8298,1
5427,Alex Brown,Ultra,2499,39,7,2,3,4,1,0,1000,165,False,True,South,2024-07,0.88,1
5428,Morgan Nguyen,Basic,699,4,1,0,3,4,0,0,100,123,True,False,South,2024-05,0.7359,1
5429,Jordan Nguyen,Basic,699,11,7,3,5,4,0,1,100,202,False,True,South,2024-04,0.8713,1
5430,Alex Garcia,Plus,999,34,3,0,6,5,1,0,200,249,False,False,North,2024-06,0.8334,1
5431,Taylor Martinez,Plus,999,1,3,4,2,5,0,0,200,169,False,False,North,2024-04,0.8205,1
5432,Quinn Brown,Premium,1499,45,1,2,4,1,0,1,500,179,False,False,East,2024-01,0.6923,1
5433,Alex Khan,Ultra,2499,45,4,5,5,3,0,0,1000,176,False,False,East,2024-05,0.891,1
5434,Jamie Johnson,Premium,1499,16,4,7,7,2,1,1,500,192,False,True,South,2024-04,0.6572,1
5435,Riley Davis,Basic,699,18,3,2,0,5,1,0,100,130,False,True,West,2024-12,0.5497,0
5436,Jamie Patel,Ultra,2499,49,5,0,8,2,0,0,1000,270,False,False,East,2024-02,0.8149,1
5437,Riley Brown,Ultra,2499,36,2,7,6,4,0,1,1000,228,False,True,West,2024-05,0.6795,1
5438,Alex Martinez,Plus,999,30,5,1,7,3,1,1,200,279,False,True,North,2024-01,0.826,1
5439,Casey Smith,Ultra,2499,36,7,1,1,4,1,1,1000,226,False,False,West,2024-06,0.8627,0
5440,Quinn Davis,Ultra,2499,40,7,0,6,5,1,1,1000,86,False,False,East,2024-01,0.645,0
5441,Quinn Davis,Plus,999,57,6,2,4,3,1,0,200,120,False,False,West,2024-09,0.8456,1
5442,Quinn Nguyen,Premium,1499,27,1,4,5,2,1,1,500,146,False,False,West,2024-06,0.8125,1
5443,Avery Martinez,Plus,999,6,5,7,0,4,1,1,200,240,False,False,East,2024-07,0.8911,1
5444,Riley Davis,Premium,1499,21,4,4,3,5,1,1,500,121,False,False,West,2024-05,0.8725,1
5445,Casey Smith,Basic,699,45,8,7,6,4,0,1,100,272,False,True,West,2024-02,0.928,1
5446,Reese Khan,Premium,1499,36,0,6,3,5,0,1,500,185,False,False,North,2024-09,0.8444,1
5447,Taylor Nguyen,Ultra,2499,53,8,0,3,5,1,1,1000,177,False,True,West,2024-03,0.6612,1
5448,Casey Smith,Basic,699,40,3,0,2,0,0,0,100,156,False,False,East,2024-01,0.3016,0
5449,Taylor Brown,Premium,1499,59,4,4,0,0,0,0,500,74,False,False,East,2024-08,0.391,0
5450,Riley Davis,Plus,999,4,5,6,6,5,0,1,200,132,False,True,South,2024-04,0.9278,1
5451,Quinn Garcia,Plus,999,44,8,4,6,1,1,1,200,115,False,False,South,2024-03,0.8594,0
5452,Jamie Patel,Ultra,2499,52,5,7,0,0,0,0,1000,73,False,False,East,2024-08,0.8119,0
5453,Taylor Khan,Premium,1499,6,5,4,8,4,0,1,500,174,False,False,North,2024-03,0.8692,1
5454,Jordan Nguyen,Plus,999,21,8,1,1,2,0,1,200,121,False,False,West,2024-06,0.7739,0
5455,Jamie Patel,Plus,999,35,5,1,5,2,0,1,200,141,False,True,West,2024-07,0.7983,1
5456,Riley Smith,Plus,999,13,3,6,8,1,1,0,200,174,False,False,West,2024-01,0.8559,1
5457,Quinn Brown,Basic,699,22,2,1,7,3,1,0,100,79,False,True,South,2024-08,0.8419,1
5458,Jamie Lee,Plus,999,8,1,2,4,5,0,1,200,123,False,False,East,2024-04,0.7969,1
5459,Reese Smith,Ultra,2499,2,4,1,1,4,1,0,1000,177,False,False,South,2024-02,0.8132,1
5460,Avery Khan,Basic,699,40,6,3,4,3,0,0,100,108,False,False,West,2024-06,0.8478,1
5461,Reese Martinez,Ultra,2499,60,3,1,2,2,0,1,1000,293,False,False,South,2024-07,0.6848,0
5462,Alex Garcia,Plus,999,31,5,1,6,0,1,0,200,298,False,False,North,2024-11,0.4728,0
5463,Morgan Garcia,Premium,1499,29,3,0,0,4,1,1,500,182,False,False,South,2024-05,0.7285,1
5464,Reese Patel,Basic,699,57,4,5,0,3,1,1,100,126,False,False,East,2024-07,0.8138,1
5465,Taylor Smith,Basic,699,15,8,5,8,3,1,1,100,106,False,False,North,2024-12,0.9037,1
5466,Alex Garcia,Plus,999,20,8,7,4,5,0,0,200,151,False,False,South,2024-06,0.932,1
5467,Jordan Davis,Basic,699,49,4,0,6,4,1,0,100,98,True,False,West,2024-08,0.8588,1
5468,Reese Garcia,Basic,699,10,0,1,1,0,1,0,100,197,False,True,North,2024-12,0.567,0
5469,Alex Johnson,Basic,699,42,3,7,0,5,1,0,100,228,False,False,South,2024-02,0.5867,0
5470,Jamie Davis,Basic,699,43,2,1,7,5,1,0,100,20,False,False,North,2024-08,0.8663,1
5471,Alex Patel,Premium,1499,18,7,2,5,0,0,0,500,101,False,True,West,2024-11,0.793,1
5472,Reese Garcia,Basic,699,31,0,1,4,1,0,1,100,228,False,False,West,2024-02,0.6243,0
5473,Quinn Smith,Premium,1499,7,3,6,1,5,0,1,500,244,False,True,North,2024-02,0.8939,1
5474,Quinn Khan,Ultra,2499,1,1,7,6,0,0,1,1000,134,True,False,South,2024-12,0.8388,1
5475,Avery Martinez,Premium,1499,22,2,1,0,0,1,0,500,127,False,False,West,2024-10,0.712,1
5476,Reese Khan,Plus,999,10,3,7,8,1,1,0,200,131,False,False,North,2024-01,0.6187,1
5477,Taylor Brown,Ultra,2499,19,0,0,3,5,0,1,1000,239,True,True,South,2024-07,0.4719,0
5478,Reese Khan,Premium,1499,13,3,7,4,4,1,1,500,133,False,False,West,2024-09,0.6564,0
5479,Alex Patel,Basic,699,29,2,4,6,1,1,1,100,29,False,False,West,2024-03,0.824,1
5480,Jamie Martinez,Ultra,2499,31,2,2,3,3,0,0,1000,204,False,False,South,2024-04,0.7685,1
5481,Jordan Nguyen,Ultra,2499,9,7,7,0,1,1,1,1000,20,False,False,South,2024-09,0.8362,1
5482,Reese Davis,Basic,699,44,7,1,2,1,0,1,100,127,False,False,South,2024-04,0.762,1
5483,Jamie Lee,Ultra,2499,45,4,6,8,2,1,1,1000,200,True,False,West,2024-02,0.897,0
5484,Jordan Nguyen,Basic,699,43,6,1,7,1,1,0,100,224,False,False,West,2024-08,0.509,1
5485,Jordan Garcia,Plus,999,46,3,6,1,2,0,1,200,222,False,False,East,2024-09,0.8008,1
5486,Casey Smith,Premium,1499,13,5,7,3,5,0,0,500,206,False,False,North,2024-07,0.6884,0
5487,Reese Patel,Basic,699,41,7,0,5,0,0,1,100,308,True,False,South,2024-07,0.4785,0
5488,Jordan Lee,Premium,1499,32,0,1,3,3,0,0,500,112,False,False,East,2024-12,0.7063,1
5489,Riley Garcia,Ultra,2499,49,6,1,4,4,0,1,1000,232,True,False,West,2024-02,0.8596,1
5490,Casey Garcia,Premium,1499,51,7,1,1,4,1,1,500,256,False,False,West,2024-10,0.8516,1
5491,Casey Garcia,Plus,999,7,2,1,2,4,1,1,200,20,False,False,South,2024-06,0.4962,0
5492,Avery Johnson,Plus,999,47,3,4,6,5,0,0,200,151,False,False,South,2024-10,0.8829,1
5493,Casey Davis,Premium,1499,34,2,2,8,1,0,0,500,246,False,False,South,2024-05,0.763,1
5494,Avery Martinez,Premium,1499,21,6,1,6,5,0,1,500,296,False,False,South,2024-02,0.6577,1
5495,Taylor Patel,Plus,999,44,7,3,6,1,1,1,200,223,False,False,West,2024-10,0.8711,1
5496,Riley Patel,Premium,1499,36,2,2,7,5,1,0,500,173,False,False,West,2024-06,0.8773,0
5497,Reese Davis,Basic,699,45,6,2,8,4,1,1,100,138,False,False,West,2024-06,0.8856,0
5498,Jamie Martinez,Basic,699,57,4,4,1,3,1,0,100,88,False,False,West,2024-04,0.8272,1
5499,Alex Brown,Premium,1499,1,3,0,8,1,0,1,500,202,False,False,North,2024-01,0.7969,1
5500,Reese Lee,Plus,999,11,1,4,3,5,0,0,200,235,False,False,West,2024-05,0.8049,1
5501,Morgan Lee,Plus,999,18,0,1,0,5,1,1,200,97,False,False,South,2024-12,0.734,0
5502,Jamie Davis,Ultra,2499,41,2,0,4,3,1,1,1000,257,False,False,South,2024-03,0.7897,1
5503,Avery Johnson,Ultra,2499,17,2,7,0,0,1,0,1000,255,False,False,East,2024-09,0.7385,0
5504,Avery Patel,Ultra,2499,27,5,5,2,2,1,0,1000,147,True,False,West,2024-12,0.8556,1
5505,Casey Garcia,Basic,699,40,5,3,6,2,1,1,100,176,False,True,South,2024-07,0.8697,1
5506,Casey Davis,Plus,999,50,8,4,4,0,1,0,200,194,False,False,West,2024-01,0.8279,0
5507,Reese Smith,Basic,699,46,8,7,7,2,1,1,100,170,False,False,East,2024-05,0.8922,1
5508,Jamie Johnson,Premium,1499,60,3,5,7,2,1,0,500,245,False,False,West,2024-06,0.6134,1
5509,Jordan Lee,Premium,1499,23,2,0,0,0,1,1,500,167,False,False,West,2024-07,0.5885,0
5510,Quinn Patel,Ultra,2499,43,3,0,7,5,1,0,1000,86,False,False,West,2024-08,0.8772,1
5511,Alex Martinez,Basic,699,51,0,2,7,1,0,0,100,218,False,False,East,2024-02,0.6402,0
5512,Casey Brown,Premium,1499,31,2,5,2,1,1,0,500,233,False,False,North,2024-10,0.8035,0
5513,Avery Lee,Plus,999,57,6,7,7,5,1,1,200,188,False,False,West,2024-05,0.9473,1
5514,Riley Garcia,Basic,699,14,1,2,7,1,1,0,100,195,True,False,West,2024-12,0.7306,1
5515,Riley Martinez,Basic,699,34,6,6,4,3,0,0,100,205,True,True,South,2024-08,0.9103,1
5516,Riley Davis,Premium,1499,44,2,7,8,3,0,0,500,137,True,True,East,2024-02,0.6739,0
5517,Jordan Garcia,Basic,699,59,6,7,1,3,0,0,100,63,False,False,North,2024-09,0.8878,1
5518,Avery Lee,Basic,699,46,7,3,5,2,0,1,100,118,False,False,North,2024-03,0.8252,1
5519,Riley Davis,Plus,999,43,8,3,4,4,1,1,200,172,False,False,East,2024-02,0.8923,1
5520,Morgan Brown,Ultra,2499,44,8,0,8,3,1,1,1000,191,False,False,West,2024-08,0.5839,0
5521,Reese Garcia,Ultra,2499,56,1,7,8,4,0,1,1000,144,False,True,South,2024-01,0.5915,1
5522,Quinn Johnson,Basic,699,35,4,7,4,3,0,1,100,164,False,True,West,2024-09,0.664,1
5523,Taylor Khan,Plus,999,36,2,4,6,4,1,0,200,179,False,False,East,2024-02,0.8764,1
5524,Taylor Davis,Ultra,2499,14,1,5,2,4,0,1,1000,281,False,True,South,2024-07,0.8072,1
5525,Morgan Patel,Basic,699,46,5,1,6,1,1,1,100,166,True,True,East,2024-12,0.8824,0
5526,Casey Khan,Basic,699,48,7,1,1,5,1,1,100,281,True,False,South,2024-05,0.5546,0
5527,Quinn Davis,Premium,1499,5,6,7,1,1,0,0,500,207,False,False,West,2024-10,0.8481,1
5528,Taylor Nguyen,Ultra,2499,51,2,4,3,3,0,1,1000,237,False,False,South,2024-07,0.7804,0
5529,Avery Martinez,Premium,1499,51,6,3,7,0,0,1,500,121,False,False,West,2024-02,0.8144,1
5530,Jordan Martinez,Premium,1499,10,4,7,1,4,1,0,500,139,False,True,West,2024-08,0.8977,1
5531,Jordan Smith,Ultra,2499,7,6,3,4,2,1,1,1000,97,False,False,West,2024-05,0.5955,1
5532,Jordan Patel,Plus,999,44,4,6,2,5,1,0,200,54,False,True,North,2024-03,0.9199,1
5533,Reese Lee,Basic,699,4,3,3,3,1,0,0,100,268,True,False,West,2024-11,0.4529,0
5534,Quinn Nguyen,Plus,999,32,6,6,6,5,0,1,200,159,True,True,West,2024-07,0.942,1
5535,Morgan Nguyen,Basic,699,15,0,6,6,3,0,0,100,283,False,False,West,2024-09,0.8265,0
5536,Jordan Johnson,Plus,999,49,6,4,5,5,1,0,200,131,False,False,East,2024-05,0.8935,1
5537,Avery Davis,Ultra,2499,7,4,7,1,0,0,1,1000,101,False,False,South,2024-05,0.7826,1
5538,Quinn Martinez,Premium,1499,31,2,1,5,5,1,1,500,134,False,False,East,2024-03,0.8454,1
5539,Reese Davis,Premium,1499,42,8,2,1,1,1,0,500,141,True,True,North,2024-05,0.5078,0
5540,Avery Davis,Basic,699,39,8,7,3,0,0,0,100,97,True,False,East,2024-07,0.8715,1
5541,Riley Smith,Ultra,2499,16,4,3,6,2,1,1,1000,242,False,False,West,2024-01,0.6524,0
5542,Jordan Brown,Ultra,2499,33,5,3,8,5,1,1,1000,217,False,False,West,2024-04,0.9043,1
5543,Jordan Patel,Plus,999,35,6,4,0,0,0,0,200,272,True,True,North,2024-01,0.4838,0
5544,Jordan Smith,Ultra,2499,37,6,3,6,3,0,0,1000,195,True,True,South,2024-03,0.9015,1
5545,Morgan Nguyen,Premium,1499,9,8,5,5,1,0,0,500,20,False,False,North,2024-04,0.8985,1
5546,Alex Davis,Plus,999,35,5,5,7,4,1,1,200,214,False,False,North,2024-03,0.9121,1
5547,Alex Patel,Ultra,2499,1,0,0,0,0,1,1,1000,175,False,True,South,2024-12,0.6188,0
5548,Jamie Martinez,Ultra,2499,27,5,2,3,5,0,1,1000,138,False,False,North,2024-07,0.8713,1
5549,Jamie Johnson,Basic,699,26,5,1,5,1,1,0,100,88,True,True,West,2024-05,0.5592,1
5550,Reese Khan,Ultra,2499,60,6,4,2,2,1,1,1000,219,False,False,North,2024-10,0.5891,0
5551,Alex Nguyen,Plus,999,11,1,3,2,2,0,1,200,205,False,False,South,2024-08,0.341,0
5552,Jordan Brown,Ultra,2499,60,6,1,2,5,0,0,1000,112,False,True,West,2024-10,0.6214,0
5553,Reese Nguyen,Basic,699,10,2,3,5,5,1,1,100,227,False,False,North,2024-11,0.5346,1
5554,Alex Smith,Premium,1499,12,8,3,3,2,0,0,500,216,False,False,South,2024-08,0.8232,1
5555,Reese Khan,Premium,1499,37,2,3,4,2,1,0,500,166,False,True,North,2024-02,0.4673,0
5556,Jordan Patel,Basic,699,5,1,7,2,5,0,1,100,120,False,False,North,2024-12,0.8647,1
5557,Casey Khan,Ultra,2499,41,6,2,3,3,1,1,1000,182,False,True,South,2024-11,0.8644,1
5558,Jamie Lee,Premium,1499,60,3,0,2,0,0,0,500,171,False,False,South,2024-12,0.6623,0
5559,Alex Davis,Premium,1499,33,3,2,8,5,1,1,500,210,False,False,North,2024-03,0.8764,1
5560,Morgan Nguyen,Ultra,2499,33,3,2,8,1,0,0,1000,256,True,False,South,2024-07,0.8214,1
5561,Quinn Patel,Premium,1499,45,4,6,8,0,1,1,500,208,False,False,West,2024-10,0.8579,1
5562,Quinn Johnson,Ultra,2499,25,8,6,6,0,1,1,1000,226,False,True,East,2024-07,0.8982,1
5563,Alex Johnson,Plus,999,15,3,4,1,0,0,1,200,254,False,False,North,2024-12,0.3953,0
5564,Jordan Khan,Ultra,2499,4,3,5,6,5,0,0,1000,108,False,True,East,2024-06,0.8963,0
5565,Taylor Nguyen,Premium,1499,58,6,3,2,5,1,0,500,130,False,False,West,2024-05,0.9052,1
5566,Jordan Johnson,Ultra,2499,24,6,1,0,2,0,1,1000,69,False,False,West,2024-03,0.7924,1
5567,Jordan Martinez,Ultra,2499,18,7,4,8,4,1,0,1000,205,False,True,East,2024-09,0.7798,1
5568,Reese Patel,Plus,999,59,1,1,8,0,1,1,200,192,True,False,West,2024-10,0.6832,1
5569,Jamie Davis,Ultra,2499,46,0,2,4,3,0,0,1000,112,True,False,South,2024-01,0.7237,0
5570,Riley Patel,Basic,699,29,2,2,3,5,0,1,100,142,False,False,South,2024-03,0.7945,1
5571,Jamie Patel,Premium,1499,24,0,3,7,0,0,1,500,98,True,False,West,2024-07,0.7686,1
5572,Reese Lee,Premium,1499,56,3,4,7,2,1,1,500,87,False,True,North,2024-11,0.8861,1
5573,Avery Garcia,Premium,1499,23,4,5,6,1,0,0,500,262,False,False,North,2024-05,0.8599,1
5574,Taylor Davis,Ultra,2499,17,3,5,7,0,1,0,1000,131,False,False,West,2024-03,0.835,1
5575,Reese Garcia,Premium,1499,23,5,4,6,4,1,0,500,90,False,False,East,2024-05,0.9173,0
5576,Alex Lee,Ultra,2499,24,7,2,3,0,1,0,1000,174,False,False,West,2024-10,0.7906,0
5577,Casey Lee,Basic,699,30,3,7,2,1,1,0,100,94,False,False,South,2024-04,0.7385,1
5578,Reese Nguyen,Premium,1499,28,6,3,7,5,1,0,500,107,False,False,South,2024-11,0.9307,1
5579,Jamie Brown,Ultra,2499,59,3,5,1,4,0,1,1000,151,False,False,North,2024-09,0.8256,1
5580,Taylor Garcia,Ultra,2499,28,6,2,7,1,1,0,1000,225,False,False,South,2024-06,0.885,1
5581,Alex Nguyen,Ultra,2499,55,3,3,7,2,0,1,1000,272,False,False,South,2024-07,0.7948,1
5582,Riley Patel,Ultra,2499,55,6,2,4,0,0,1,1000,44,False,True,South,2024-03,0.8669,1
5583,Quinn Smith,Plus,999,17,8,3,1,4,0,1,200,338,False,False,South,2024-09,0.844,1
5584,Jordan Martinez,Basic,699,30,4,4,4,2,1,1,100,91,False,False,North,2024-02,0.5925,1
5585,Reese Brown,Ultra,2499,12,0,0,1,0,0,0,1000,172,False,False,South,2024-12,0.5357,1
5586,Taylor Brown,Ultra,2499,48,7,5,0,3,1,0,1000,242,False,False,East,2024-07,0.8722,1
5587,Riley Johnson,Ultra,2499,7,4,1,1,3,1,0,1000,96,False,False,West,2024-12,0.7792,1
5588,Quinn Davis,Basic,699,20,6,1,1,3,1,1,100,226,False,False,South,2024-10,0.5366,1
5589,Alex Patel,Plus,999,45,7,3,5,1,1,0,200,198,False,False,North,2024-04,0.6106,1
5590,Avery Khan,Premium,1499,30,4,4,2,2,0,0,500,154,False,False,South,2024-10,0.5067,0
5591,Casey Davis,Basic,699,60,3,6,5,5,0,0,100,20,False,True,South,2024-06,0.8996,1
5592,Riley Smith,Premium,1499,18,7,1,0,3,0,0,500,233,False,False,East,2024-06,0.4654,0
5593,Taylor Martinez,Premium,1499,46,4,5,7,0,0,1,500,147,False,False,South,2024-02,0.7996,1
5594,Jamie Smith,Plus,999,45,4,2,8,0,0,0,200,250,False,True,East,2024-07,0.7929,1
5595,Casey Johnson,Ultra,2499,58,5,3,8,5,1,1,1000,237,False,False,South,2024-09,0.6573,1
5596,Quinn Patel,Ultra,2499,58,2,7,1,4,1,0,1000,168,False,False,North,2024-05,0.8413,0
5597,Casey Smith,Basic,699,24,7,1,6,1,0,0,100,160,False,False,South,2024-10,0.7937,1
5598,Avery Johnson,Premium,1499,46,3,0,1,0,0,0,500,155,False,False,East,2024-01,0.3203,0
5599,Casey Johnson,Ultra,2499,26,5,5,7,2,0,1,1000,46,False,True,North,2024-05,0.9173,1
5600,Jamie Davis,Plus,999,49,2,2,5,4,0,1,200,213,True,False,South,2024-04,0.8196,1
5601,Taylor Smith,Premium,1499,23,0,5,4,5,1,0,500,243,False,True,West,2024-08,0.8365,1
5602,Riley Nguyen,Basic,699,24,8,5,2,3,1,1,100,133,False,False,South,2024-01,0.8735,1
5603,Casey Nguyen,Plus,999,53,7,2,1,5,1,0,200,275,False,False,West,2024-09,0.609,1
5604,Avery Lee,Premium,1499,22,0,6,6,3,1,1,500,211,True,False,North,2024-04,0.8534,1
5605,Alex Khan,Ultra,2499,41,1,1,3,1,1,0,1000,214,False,False,West,2024-07,0.4211,0
5606,Morgan Smith,Plus,999,12,1,6,8,2,1,1,200,249,False,False,East,2024-03,0.5542,1
5607,Riley Khan,Basic,699,24,7,3,7,0,1,0,100,227,True,True,West,2024-02,0.6357,0
5608,Riley Smith,Basic,699,40,1,0,1,3,1,1,100,215,True,True,South,2024-02,0.7607,1
5609,Jamie Nguyen,Ultra,2499,23,7,5,5,1,0,0,1000,257,False,False,South,2024-11,0.6037,0
5610,Jordan Johnson,Basic,699,36,4,5,1,5,0,0,100,224,False,False,West,2024-11,0.8459,1
5611,Alex Nguyen,Premium,1499,40,4,2,0,1,1,0,500,115,False,True,East,2024-03,0.7521,1
5612,Jamie Smith,Basic,699,32,2,6,8,1,0,1,100,174,False,False,East,2024-07,0.7704,1
5613,Morgan Davis,Basic,699,5,2,4,8,2,1,0,100,240,False,False,East,2024-05,0.7747,0
5614,Riley Smith,Ultra,2499,5,8,0,7,5,0,0,1000,370,False,True,South,2024-11,0.9172,1
5615,Alex Martinez,Ultra,2499,38,5,1,1,1,0,0,1000,161,False,False,West,2024-05,0.7313,0
5616,Jamie Garcia,Basic,699,17,8,2,7,3,1,0,100,201,False,False,West,2024-10,0.6181,1
5617,Alex Johnson,Premium,1499,47,7,2,0,0,0,0,500,193,True,False,West,2024-11,0.75,1
5618,Morgan Brown,Ultra,2499,47,3,3,8,0,1,1,1000,173,False,False,West,2024-01,0.8017,0
5619,Alex Khan,Plus,999,21,3,5,6,2,0,0,200,88,False,False,East,2024-04,0.8356,1
5620,Jamie Martinez,Premium,1499,1,4,4,2,3,0,0,500,191,True,False,South,2024-08,0.8556,1
5621,Quinn Martinez,Basic,699,17,1,6,5,3,1,0,100,164,False,False,West,2024-12,0.8654,1
5622,Jamie Johnson,Basic,699,47,0,1,2,2,0,0,100,155,False,False,South,2024-02,0.6397,0
5623,Reese Davis,Plus,999,53,6,0,4,0,0,1,200,270,False,False,North,2024-08,0.7365,1
5624,Alex Smith,Premium,1499,52,5,2,8,1,0,1,500,195,False,True,West,2024-01,0.5463,0
5625,Morgan Johnson,Plus,999,12,7,5,3,2,1,1,200,266,False,False,East,2024-12,0.8643,1
5626,Morgan Smith,Plus,999,11,2,5,0,1,0,1,200,269,False,False,North,2024-08,0.7098,0
5627,Riley Khan,Plus,999,53,6,5,7,0,0,1,200,119,True,False,East,2024-12,0.8724,1
5628,Jordan Garcia,Premium,1499,10,6,5,7,4,1,0,500,158,False,True,North,2024-08,0.936,1
5629,Reese Johnson,Premium,1499,12,3,0,8,0,0,1,500,20,True,False,West,2024-01,0.7578,0
5630,Morgan Johnson,Plus,999,60,1,7,8,4,0,0,200,147,False,False,South,2024-11,0.8321,0
5631,Morgan Smith,Ultra,2499,39,1,7,8,3,0,0,1000,141,True,False,East,2024-06,0.5827,0
5632,Alex Davis,Plus,999,59,1,7,4,0,0,0,200,176,False,False,East,2024-04,0.3624,0
5633,Morgan Martinez,Basic,699,5,8,1,8,0,0,0,100,202,False,False,East,2024-01,0.8327,1
5634,Alex Brown,Basic,699,11,0,4,4,3,1,1,100,199,False,False,South,2024-12,0.8087,1
5635,Riley Garcia,Premium,1499,21,2,1,8,5,0,1,500,256,False,False,East,2024-09,0.8564,1
5636,Riley Johnson,Plus,999,12,5,0,6,5,0,0,200,310,False,False,East,2024-06,0.5757,0
5637,Alex Patel,Basic,699,39,8,0,2,2,0,1,100,129,False,False,East,2024-03,0.782,1
5638,Morgan Brown,Premium,1499,33,1,4,8,2,0,1,500,229,False,True,East,2024-10,0.544,1
5639,Jamie Patel,Ultra,2499,15,7,2,5,3,1,0,1000,312,True,True,East,2024-06,0.8995,1
5640,Riley Johnson,Basic,699,25,3,4,2,5,1,1,100,209,False,False,South,2024-07,0.5555,0
5641,Riley Smith,Plus,999,9,7,2,4,4,0,0,200,329,False,False,East,2024-04,0.8519,0
5642,Avery Khan,Premium,1499,50,2,0,0,4,0,1,500,158,False,False,East,2024-03,0.6959,1
5643,Alex Davis,Ultra,2499,5,8,1,5,4,1,0,1000,134,True,False,South,2024-06,0.8929,0
5644,Jamie Garcia,Basic,699,27,5,4,3,2,1,1,100,143,False,False,West,2024-04,0.8123,1
5645,Morgan Lee,Basic,699,49,2,1,1,0,0,0,100,125,False,True,North,2024-06,0.6926,1
5646,Riley Smith,Ultra,2499,9,4,3,4,2,0,1,1000,231,False,False,North,2024-03,0.836,1
5647,Morgan Khan,Basic,699,30,4,4,7,1,0,1,100,262,False,False,North,2024-02,0.8551,1
5648,Riley Smith,Premium,1499,8,8,2,8,3,0,1,500,56,False,False,South,2024-09,0.8636,1
5649,Riley Johnson,Ultra,2499,7,6,7,1,5,1,1,1000,123,False,False,East,2024-12,0.7088,1
5650,Casey Nguyen,Plus,999,38,7,4,4,4,1,0,200,158,False,True,North,2024-01,0.6863,0
5651,Reese Nguyen,Basic,699,38,0,1,5,3,0,0,100,195,False,True,North,2024-10,0.4074,0
5652,Casey Johnson,Ultra,2499,21,7,4,6,3,1,1,1000,129,False,False,South,2024-01,0.8725,1
5653,Avery Smith,Premium,1499,23,0,7,0,3,0,0,500,110,False,False,East,2024-05,0.7345,1
5654,Alex Martinez,Basic,699,38,0,1,6,3,1,1,100,162,False,False,South,2024-06,0.3966,0
5655,Riley Patel,Plus,999,19,0,6,8,2,0,0,200,145,False,False,South,2024-05,0.7668,1
5656,Jamie Khan,Plus,999,5,7,7,0,1,1,0,200,171,False,False,South,2024-11,0.8248,0
5657,Alex Garcia,Ultra,2499,38,1,0,2,5,0,0,1000,120,False,False,East,2024-09,0.7034,1
5658,Jordan Garcia,Ultra,2499,46,4,1,4,2,1,0,1000,169,False,False,West,2024-01,0.7825,1
5659,Taylor Lee,Premium,1499,9,3,6,1,1,1,1,500,243,False,False,East,2024-06,0.8177,1
5660,Taylor Patel,Plus,999,46,6,5,8,3,1,0,200,175,False,True,East,2024-10,0.9047,1
5661,Jordan Brown,Ultra,2499,31,0,3,5,5,1,0,1000,206,False,False,West,2024-01,0.8499,0
5662,Jordan Martinez,Premium,1499,45,4,3,0,5,0,1,500,189,True,False,East,2024-02,0.6273,1
5663,Morgan Nguyen,Premium,1499,4,7,6,6,3,0,0,500,212,False,False,West,2024-09,0.9267,1
5664,Casey Martinez,Ultra,2499,53,1,6,0,5,1,0,1000,189,True,False,East,2024-09,0.8666,0
5665,Alex Nguyen,Plus,999,44,4,0,6,1,0,1,200,124,False,False,North,2024-02,0.7372,0
5666,Avery Martinez,Ultra,2499,26,7,7,6,2,1,0,1000,204,False,False,East,2024-05,0.9138,1
5667,Avery Smith,Basic,699,2,7,3,7,3,0,0,100,215,False,False,North,2024-10,0.8989,1
5668,Taylor Nguyen,Premium,1499,2,7,5,3,3,0,0,500,80,False,False,South,2024-01,0.8714,1
5669,Quinn Khan,Plus,999,59,7,1,4,3,1,1,200,196,False,True,South,2024-09,0.8457,0
5670,Reese Davis,Ultra,2499,46,3,1,2,4,1,1,1000,416,False,False,West,2024-11,0.5218,0
5671,Reese Martinez,Basic,699,9,4,6,0,1,1,1,100,174,False,True,West,2024-05,0.8058,1
5672,Avery Johnson,Basic,699,59,0,1,3,0,0,1,100,146,False,False,South,2024-04,0.2582,0
5673,Jordan Nguyen,Ultra,2499,46,1,4,6,5,1,0,1000,187,False,False,South,2024-09,0.8655,1
5674,Taylor Smith,Plus,999,8,4,7,5,1,1,0,200,160,False,False,South,2024-12,0.8778,1
5675,Jamie Brown,Plus,999,5,7,0,5,0,1,1,200,276,False,False,East,2024-08,0.8081,1
5676,Casey Johnson,Basic,699,11,6,4,2,4,1,1,100,86,True,False,South,2024-03,0.9021,1
5677,Jordan Brown,Ultra,2499,39,0,1,6,4,1,0,1000,288,False,False,West,2024-07,0.8286,1
5678,Jamie Lee,Ultra,2499,44,1,1,5,1,1,1,1000,231,False,True,West,2024-08,0.7864,1
5679,Jordan Martinez,Premium,1499,17,7,5,5,3,0,1,500,183,False,False,West,2024-11,0.9015,1
5680,Quinn Patel,Premium,1499,42,5,1,6,4,1,1,500,132,True,True,East,2024-09,0.9032,1
5681,Taylor Smith,Plus,999,24,6,7,6,0,0,1,200,273,False,False,East,2024-09,0.847,1
5682,Avery Smith,Premium,1499,60,3,6,1,5,0,1,500,119,False,True,South,2024-01,0.8738,1
5683,Morgan Martinez,Basic,699,26,8,1,8,1,1,0,100,164,True,False,West,2024-02,0.859,1
5684,Reese Davis,Ultra,2499,45,2,4,0,5,0,0,1000,148,False,True,East,2024-01,0.8554,1
5685,Reese Garcia,Basic,699,7,3,0,8,0,0,0,100,89,False,False,West,2024-11,0.7365,0
5686,Jordan Nguyen,Ultra,2499,17,2,2,6,2,1,1,1000,126,True,True,North,2024-03,0.4952,0
5687,Riley Lee,Plus,999,18,0,7,8,0,1,0,200,196,False,False,West,2024-04,0.4481,0
5688,Jamie Davis,Plus,999,57,4,7,5,2,0,1,200,102,False,False,West,2024-09,0.8187,1
5689,Reese Garcia,Ultra,2499,16,2,3,8,3,1,1,1000,179,True,False,East,2024-11,0.631,1
5690,Morgan Lee,Ultra,2499,23,3,6,7,3,1,0,1000,220,False,False,North,2024-01,0.6679,0
5691,Avery Smith,Basic,699,4,7,0,2,2,1,1,100,213,False,False,North,2024-12,0.8078,1
5692,Jamie Davis,Basic,699,17,7,4,5,2,0,0,100,79,False,False,South,2024-04,0.8438,1
5693,Casey Khan,Plus,999,8,8,4,5,5,1,1,200,165,False,True,North,2024-07,0.9224,1
5694,Morgan Davis,Ultra,2499,57,0,6,6,4,1,0,1000,239,False,False,North,2024-09,0.6419,0
5695,Taylor Brown,Basic,699,2,5,4,3,0,1,1,100,222,False,True,North,2024-05,0.8289,1
5696,Casey Johnson,Basic,699,56,6,6,6,0,1,1,100,83,True,False,West,2024-03,0.894,1
5697,Riley Khan,Plus,999,34,0,0,3,1,0,0,200,216,False,False,East,2024-09,0.5054,1
5698,Alex Smith,Ultra,2499,29,7,5,8,1,0,0,1000,121,False,False,South,2024-10,0.8601,1
5699,Reese Patel,Ultra,2499,17,8,3,8,4,1,0,1000,188,False,True,South,2024-10,0.9063,1
5700,Jamie Khan,Premium,1499,18,1,6,2,2,1,0,500,177,False,False,North,2024-08,0.7955,1
5701,Morgan Davis,Ultra,2499,59,2,7,3,3,0,1,1000,168,True,True,South,2024-06,0.8446,1
5702,Morgan Nguyen,Premium,1499,9,5,0,0,0,1,0,500,135,True,True,North,2024-10,0.7085,1
5703,Avery Patel,Basic,699,60,6,6,5,4,0,1,100,206,False,False,North,2024-02,0.7243,1
5704,Quinn Smith,Ultra,2499,7,5,7,3,0,0,0,1000,126,False,False,North,2024-09,0.8517,1
5705,Jamie Lee,Plus,999,12,4,7,1,2,1,0,200,157,False,False,South,2024-09,0.8605,1
5706,Jordan Martinez,Ultra,2499,47,1,1,6,5,0,0,1000,135,True,True,West,2024-09,0.8016,0
5707,Taylor Khan,Plus,999,37,4,7,5,1,1,0,200,208,True,False,North,2024-05,0.6288,1
5708,Jamie Patel,Premium,1499,25,1,1,6,2,1,0,500,182,False,False,North,2024-10,0.4289,0
5709,Jordan Brown,Ultra,2499,12,1,3,0,2,0,0,1000,177,False,False,North,2024-07,0.3325,0
5710,Alex Martinez,Ultra,2499,53,6,7,3,0,0,0,1000,158,False,False,North,2024-10,0.854,1
5711,Morgan Johnson,Premium,1499,14,0,6,7,2,1,0,500,192,True,False,East,2024-06,0.8583,1
5712,Morgan Smith,Plus,999,7,0,3,6,0,1,1,200,163,False,False,East,2024-02,0.7127,1
5713,Morgan Lee,Ultra,2499,12,3,7,6,1,1,1,1000,99,False,False,South,2024-07,0.5877,1
5714,Reese Lee,Plus,999,45,2,7,7,2,0,1,200,20,False,False,North,2024-10,0.8336,0
5715,Riley Nguyen,Plus,999,41,5,4,4,4,1,0,200,174,False,False,South,2024-05,0.8923,1
5716,Riley Patel,Premium,1499,35,8,7,6,0,0,0,500,161,False,False,East,2024-09,0.8735,0
5717,Avery Martinez,Ultra,2499,39,0,7,1,1,0,1,1000,27,True,False,East,2024-09,0.7524,1
5718,Quinn Patel,Plus,999,4,6,4,6,0,0,0,200,62,False,False,West,2024-01,0.8346,1
5719,Morgan Patel,Premium,1499,16,3,1,8,3,1,1,500,166,False,True,East,2024-07,0.8678,1
5720,Jamie Davis,Ultra,2499,32,2,0,7,5,0,0,1000,205,False,True,West,2024-12,0.5505,1
5721,Morgan Khan,Premium,1499,15,7,7,4,3,1,0,500,178,True,False,East,2024-02,0.7116,1
5722,Alex Lee,Premium,1499,39,8,6,0,0,1,1,500,141,True,True,West,2024-11,0.8623,1
5723,Quinn Nguyen,Basic,699,32,7,4,3,4,1,0,100,83,False,False,North,2024-09,0.6811,1
5724,Riley Khan,Premium,1499,3,2,6,5,1,1,0,500,152,False,False,West,2024-04,0.6068,0
5725,Morgan Garcia,Ultra,2499,36,1,0,8,5,0,0,1000,247,True,False,East,2024-02,0.4623,0
5726,Reese Nguyen,Ultra,2499,38,6,2,1,5,0,0,1000,139,False,False,West,2024-06,0.5626,0
5727,Reese Khan,Plus,999,39,4,2,2,4,1,0,200,53,False,False,South,2024-09,0.8168,1
5728,Jordan Davis,Premium,1499,7,7,3,5,3,0,0,500,350,False,False,South,2024-03,0.6483,0
5729,Jamie Patel,Premium,1499,8,2,1,5,2,1,1,500,314,True,False,West,2024-08,0.8212,1
5730,Jordan Garcia,Ultra,2499,7,4,3,5,3,0,0,1000,128,False,True,South,2024-04,0.58,0
5731,Alex Khan,Premium,1499,1,8,2,4,5,1,0,500,221,False,False,West,2024-04,0.9118,1
5732,Casey Khan,Premium,1499,6,4,5,7,2,1,0,500,139,False,False,West,2024-09,0.8511,1
5733,Riley Lee,Basic,699,25,3,4,4,3,1,1,100,410,False,True,North,2024-10,0.8493,1
5734,Morgan Davis,Plus,999,4,4,5,3,3,0,1,200,157,False,False,West,2024-02,0.5956,1
5735,Morgan Patel,Ultra,2499,37,2,6,1,4,0,0,1000,163,False,False,West,2024-11,0.829,1
5736,Reese Garcia,Ultra,2499,43,5,0,4,3,1,1,1000,270,False,False,West,2024-05,0.8251,0
5737,Jordan Davis,Ultra,2499,20,5,0,1,5,0,1,1000,98,False,False,South,2024-02,0.8078,1
5738,Riley Johnson,Ultra,2499,21,1,6,4,2,1,1,1000,147,False,False,East,2024-12,0.5899,1
5739,Reese Martinez,Plus,999,56,1,0,8,4,1,1,200,261,False,False,East,2024-03,0.4815,0
5740,Alex Johnson,Basic,699,15,5,1,0,2,1,1,100,90,True,False,West,2024-04,0.4173,0
5741,Riley Garcia,Plus,999,25,2,3,2,2,0,1,200,181,True,False,North,2024-02,0.7596,1
5742,Casey Brown,Plus,999,41,6,4,1,1,1,1,200,153,True,False,East,2024-01,0.8232,1
5743,Riley Brown,Ultra,2499,45,7,3,7,5,1,1,1000,138,True,False,East,2024-12,0.9273,1
5744,Alex Khan,Ultra,2499,1,4,6,5,3,0,1,1000,20,False,False,West,2024-08,0.8854,1
5745,Alex Nguyen,Ultra,2499,12,3,0,6,0,0,0,1000,136,True,False,South,2024-10,0.7723,0
5746,Reese Johnson,Plus,999,51,5,7,8,4,1,0,200,123,False,True,North,2024-03,0.9253,0
5747,Jamie Garcia,Premium,1499,7,6,1,6,3,1,1,500,195,False,False,North,2024-08,0.6845,1
5748,Riley Garcia,Premium,1499,44,5,4,2,1,1,1,500,268,False,False,West,2024-03,0.8207,1
5749,Reese Garcia,Plus,999,40,6,0,8,1,0,0,200,146,False,False,South,2024-12,0.7756,0
5750,Alex Johnson,Ultra,2499,24,6,7,3,4,1,0,1000,163,False,True,West,2024-03,0.7281,1
5751,Riley Khan,Plus,999,28,2,3,3,4,0,0,200,218,True,False,West,2024-12,0.821,1
5752,Jamie Martinez,Plus,999,53,7,0,0,5,1,0,200,221,False,False,East,2024-02,0.8531,1
5753,Alex Nguyen,Basic,699,14,2,2,1,1,1,1,100,310,False,False,South,2024-10,0.6961,1
5754,Quinn Nguyen,Ultra,2499,7,4,4,3,4,0,1,1000,256,True,False,East,2024-11,0.865,1
5755,Morgan Smith,Premium,1499,4,4,6,6,2,0,1,500,262,False,False,South,2024-09,0.6919,1
5756,Riley Brown,Ultra,2499,27,8,0,8,3,1,0,1000,250,False,False,West,2024-02,0.8658,1
5757,Alex Patel,Ultra,2499,25,2,0,3,2,1,1,1000,133,True,False,West,2024-10,0.7111,1
5758,Quinn Smith,Basic,699,17,7,6,2,3,0,1,100,177,False,False,West,2024-07,0.6748,1
5759,Jordan Lee,Ultra,2499,36,8,1,2,4,0,0,1000,158,False,False,West,2024-11,0.8504,1
5760,Jordan Garcia,Ultra,2499,53,5,6,8,0,0,0,1000,239,False,True,West,2024-02,0.8603,1
5761,Riley Martinez,Plus,999,26,3,1,7,3,1,0,200,272,False,False,North,2024-09,0.4191,0
5762,Casey Davis,Premium,1499,8,7,0,8,3,0,0,500,94,False,True,West,2024-06,0.8406,1
5763,Alex Khan,Premium,1499,54,7,5,5,2,0,1,500,122,False,False,East,2024-12,0.6526,0
5764,Quinn Patel,Basic,699,51,1,0,7,4,1,1,100,200,False,False,South,2024-09,0.7972,1
5765,Riley Martinez,Premium,1499,46,0,0,5,3,0,1,500,221,False,False,South,2024-03,0.6808,0
5766,Jordan Nguyen,Premium,1499,55,1,5,1,5,1,1,500,94,False,True,West,2024-06,0.8569,0
5767,Morgan Smith,Ultra,2499,48,4,3,6,5,0,0,1000,135,False,False,West,2024-05,0.5998,0
5768,Quinn Davis,Ultra,2499,45,2,7,5,0,1,0,1000,247,True,False,East,2024-08,0.8581,1
5769,Avery Patel,Ultra,2499,44,5,5,2,0,1,0,1000,289,True,False,East,2024-03,0.8373,1
5770,Quinn Garcia,Basic,699,51,8,4,7,5,1,1,100,223,False,False,North,2024-09,0.9343,1
5771,Avery Davis,Ultra,2499,16,6,0,2,0,1,0,1000,135,False,False,West,2024-01,0.7819,0
5772,Riley Martinez,Ultra,2499,23,7,0,6,0,1,0,1000,199,False,False,West,2024-03,0.5417,1
5773,Casey Davis,Basic,699,52,5,1,4,0,0,0,100,193,False,False,South,2024-12,0.7711,1
5774,Riley Nguyen,Basic,699,29,8,2,3,4,1,1,100,195,False,False,North,2024-11,0.8385,1
5775,Alex Smith,Premium,1499,1,5,7,1,3,1,1,500,281,False,True,East,2024-07,0.6497,1
5776,Taylor Martinez,Basic,699,53,8,2,5,4,0,0,100,267,False,False,South,2024-06,0.6145,1
5777,Avery Garcia,Basic,699,56,6,7,2,5,1,1,100,262,False,False,East,2024-02,0.9242,1
5778,Avery Martinez,Plus,999,33,3,4,4,4,0,0,200,210,False,False,North,2024-01,0.8476,1
5779,Reese Patel,Basic,699,22,3,7,7,4,1,0,100,209,False,False,East,2024-03,0.8639,1
5780,Avery Patel,Ultra,2499,18,7,7,6,4,1,0,1000,188,False,False,East,2024-09,0.7355,1
5781,Quinn Davis,Basic,699,7,5,6,3,5,1,1,100,191,True,False,South,2024-03,0.9062,1
5782,Jordan Lee,Plus,999,28,5,5,5,1,0,1,200,97,False,False,East,2024-04,0.8677,1
5783,Quinn Smith,Ultra,2499,45,8,3,7,5,0,0,1000,254,False,False,West,2024-03,0.9072,1
5784,Casey Patel,Plus,999,44,1,4,4,4,1,1,200,192,False,False,South,2024-03,0.8195,1
5785,Avery Smith,Premium,1499,58,4,0,2,2,0,0,500,219,False,True,North,2024-10,0.7308,0
5786,Jamie Khan,Premium,1499,42,3,5,2,1,1,1,500,249,False,False,North,2024-03,0.488,0
5787,Morgan Patel,Ultra,2499,35,7,2,6,4,1,1,1000,150,False,False,North,2024-06,0.8996,1
5788,Avery Lee,Premium,1499,58,4,3,4,1,1,1,500,138,False,False,South,2024-01,0.5298,1
5789,Jamie Brown,Plus,999,51,3,1,8,2,1,0,200,142,False,False,South,2024-11,0.8085,1
5790,Avery Smith,Premium,1499,35,3,5,2,0,1,1,500,265,False,False,East,2024-08,0.7581,1
5791,Riley Smith,Premium,1499,19,0,1,1,2,0,0,500,170,False,False,East,2024-09,0.6478,0
5792,Taylor Martinez,Basic,699,32,8,7,8,2,1,0,100,149,False,False,North,2024-06,0.9088,1
5793,Quinn Nguyen,Ultra,2499,47,0,7,4,4,1,0,1000,218,False,False,East,2024-06,0.8667,1
5794,Jamie Brown,Plus,999,20,7,2,0,5,0,1,200,137,True,False,East,2024-03,0.8318,1
5795,Alex Garcia,Plus,999,22,6,2,3,3,1,0,200,158,False,True,North,2024-03,0.8435,1
5796,Reese Smith,Basic,699,26,7,3,7,2,1,1,100,219,False,True,South,2024-01,0.612,1
5797,Avery Johnson,Plus,999,35,3,4,7,2,1,0,200,343,False,True,West,2024-11,0.877,0
5798,Reese Lee,Plus,999,48,0,2,2,3,1,0,200,180,False,False,East,2024-03,0.7427,1
5799,Jamie Lee,Basic,699,45,4,2,4,3,1,0,100,65,False,True,West,2024-05,0.8955,1
5800,Jordan Garcia,Ultra,2499,51,8,1,1,0,0,0,1000,138,False,False,East,2024-03,0.7235,1
5801,Jordan Martinez,Ultra,2499,44,2,3,4,5,1,1,1000,50,True,False,North,2024-02,0.6644,1
5802,Morgan Smith,Ultra,2499,6,8,0,3,3,0,0,1000,102,False,False,South,2024-02,0.8139,1
5803,Jamie Martinez,Ultra,2499,50,1,7,1,4,1,1,1000,141,True,False,West,2024-02,0.537,0
5804,Jordan Patel,Basic,699,24,3,2,0,5,0,0,100,123,False,False,East,2024-06,0.7848,0
5805,Casey Lee,Ultra,2499,10,1,2,8,4,0,1,1000,90,False,False,East,2024-10,0.7954,1
5806,Casey Johnson,Basic,699,35,8,2,0,1,0,0,100,226,False,True,North,2024-10,0.825,1
5807,Avery Brown,Premium,1499,58,0,5,6,1,1,1,500,213,False,False,North,2024-11,0.4532,0
5808,Alex Martinez,Plus,999,37,8,5,6,2,1,0,200,154,False,False,West,2024-03,0.8942,1
5809,Casey Johnson,Basic,699,19,3,0,2,1,1,1,100,155,False,False,South,2024-08,0.3883,0
5810,Jamie Garcia,Plus,999,43,1,6,7,4,1,1,200,195,False,False,West,2024-01,0.8856,1
5811,Quinn Patel,Ultra,2499,25,3,0,2,4,1,1,1000,157,True,False,North,2024-09,0.557,0
5812,Casey Patel,Ultra,2499,18,5,6,3,0,1,0,1000,168,False,False,South,2024-04,0.8212,1
5813,Jordan Smith,Premium,1499,33,6,0,5,5,0,1,500,332,False,False,East,2024-11,0.8357,1
5814,Avery Smith,Plus,999,24,1,5,7,2,0,0,200,128,False,True,East,2024-09,0.7999,1
5815,Taylor Lee,Basic,699,48,0,4,1,5,0,0,100,355,False,False,South,2024-10,0.5128,1
5816,Avery Martinez,Premium,1499,58,0,4,0,5,0,0,500,284,False,True,South,2024-07,0.4577,0
5817,Quinn Johnson,Plus,999,35,7,2,3,4,1,1,200,349,False,False,East,2024-07,0.8727,1
5818,Casey Martinez,Plus,999,4,2,6,3,3,1,0,200,248,True,False,East,2024-09,0.8695,1
5819,Jamie Khan,Premium,1499,36,4,1,6,2,0,0,500,176,False,False,South,2024-10,0.7993,1
5820,Jordan Davis,Plus,999,60,3,0,8,3,0,1,200,165,False,False,East,2024-03,0.7943,0
5821,Reese Lee,Premium,1499,12,0,3,0,3,1,1,500,205,False,False,West,2024-05,0.7202,0
5822,Avery Smith,Basic,699,34,7,3,6,2,0,1,100,285,False,False,East,2024-04,0.7917,1
5823,Riley Nguyen,Basic,699,16,4,2,0,1,1,1,100,215,False,False,South,2024-03,0.7461,1
5824,Quinn Johnson,Premium,1499,15,4,1,1,3,0,1,500,260,False,False,East,2024-06,0.7596,0
5825,Jordan Patel,Plus,999,55,8,5,7,2,0,0,200,194,True,True,East,2024-08,0.9128,1
5826,Reese Nguyen,Premium,1499,13,6,0,7,2,0,0,500,284,False,False,North,2024-10,0.5287,1
5827,Quinn Nguyen,Plus,999,7,5,7,0,2,1,0,200,198,False,True,South,2024-04,0.8789,1
5828,Riley Johnson,Basic,699,8,1,6,0,3,1,0,100,31,False,False,North,2024-11,0.7836,1
5829,Riley Brown,Plus,999,52,1,1,7,4,0,0,200,282,False,False,North,2024-12,0.8059,1
5830,Casey Khan,Premium,1499,52,3,5,1,4,1,1,500,216,False,False,East,2024-08,0.8406,1
5831,Reese Martinez,Premium,1499,55,0,3,5,2,0,1,500,118,False,True,East,2024-08,0.7448,0
5832,Taylor Nguyen,Ultra,2499,53,6,7,0,2,0,0,1000,288,False,True,East,2024-06,0.8437,1
5833,Jamie Smith,Ultra,2499,50,0,2,4,0,0,1,1000,187,False,False,West,2024-10,0.6194,1
5834,Quinn Martinez,Ultra,2499,36,6,7,1,2,0,1,1000,238,False,False,North,2024-02,0.8428,1
5835,Jamie Lee,Premium,1499,7,0,1,1,4,1,0,500,173,False,True,East,2024-01,0.6937,1
5836,Alex Davis,Plus,999,5,1,7,5,4,1,0,200,67,False,False,West,2024-03,0.884,1
5837,Quinn Lee,Basic,699,58,7,7,6,3,1,0,100,87,True,True,South,2024-03,0.9481,1
5838,Casey Martinez,Ultra,2499,58,2,2,8,2,1,0,1000,35,True,False,East,2024-06,0.5324,1
5839,Riley Davis,Basic,699,19,8,7,5,0,1,0,100,181,False,False,South,2024-02,0.86,0
5840,Jamie Brown,Ultra,2499,32,1,7,5,4,0,0,1000,102,False,True,North,2024-11,0.8477,1
5841,Jamie Garcia,Premium,1499,17,5,1,7,0,0,0,500,110,False,False,West,2024-04,0.7715,1
5842,Taylor Khan,Basic,699,22,8,4,3,5,0,0,100,316,False,True,East,2024-09,0.8977,1
5843,Quinn Martinez,Premium,1499,50,3,5,2,2,0,1,500,262,False,False,East,2024-01,0.514,1
5844,Quinn Johnson,Basic,699,29,4,4,8,4,0,0,100,257,False,False,West,2024-04,0.8176,1
5845,Jamie Davis,Plus,999,57,8,2,5,0,1,0,200,158,False,False,North,2024-05,0.8411,0
5846,Quinn Brown,Basic,699,17,3,0,0,2,0,1,100,139,False,False,West,2024-12,0.7118,1
5847,Casey Patel,Ultra,2499,21,5,1,8,3,1,1,1000,283,True,True,South,2024-06,0.641,1
5848,Jamie Martinez,Basic,699,22,3,2,5,4,1,1,100,144,False,False,West,2024-02,0.5295,1
5849,Alex Khan,Plus,999,24,7,7,3,4,1,0,200,135,False,True,West,2024-01,0.8989,1
5850,Riley Nguyen,Plus,999,1,7,1,1,0,0,1,200,210,False,False,West,2024-06,0.6924,1
5851,Casey Johnson,Plus,999,20,1,7,2,5,0,1,200,222,True,False,West,2024-06,0.8574,1
5852,Morgan Davis,Plus,999,50,7,1,3,0,0,1,200,63,True,True,South,2024-07,0.8338,1
5853,Quinn Johnson,Ultra,2499,35,5,0,3,3,1,0,1000,215,False,False,East,2024-10,0.8324,1
5854,Jamie Garcia,Ultra,2499,46,5,0,1,4,0,0,1000,126,False,False,East,2024-04,0.8043,1
5855,Riley Patel,Premium,1499,15,2,7,6,1,1,1,500,258,False,False,North,2024-05,0.8423,0
5856,Casey Johnson,Premium,1499,48,8,5,5,0,0,0,500,320,False,False,East,2024-04,0.8464,0
5857,Riley Lee,Basic,699,56,1,3,5,5,1,1,100,259,False,False,East,2024-01,0.8473,1
5858,Morgan Patel,Basic,699,50,0,1,1,0,0,1,100,220,False,False,East,2024-09,0.4823,0
5859,Casey Nguyen,Plus,999,7,0,7,1,5,0,1,200,205,False,False,North,2024-09,0.7858,1
5860,Jordan Johnson,Premium,1499,31,3,7,2,5,0,0,500,120,True,True,North,2024-07,0.7274,1
5861,Avery Lee,Basic,699,10,2,2,7,2,0,0,100,165,False,False,South,2024-12,0.7407,0
5862,Morgan Nguyen,Basic,699,54,1,3,2,2,1,0,100,154,True,True,South,2024-01,0.7379,1
5863,Taylor Lee,Premium,1499,28,2,2,6,2,0,1,500,280,True,True,North,2024-08,0.4989,0
5864,Quinn Patel,Basic,699,19,4,7,3,4,0,0,100,217,False,True,West,2024-01,0.8988,1
5865,Avery Patel,Premium,1499,51,6,0,5,1,1,1,500,144,True,False,West,2024-08,0.8442,1
5866,Reese Martinez,Plus,999,29,5,7,8,4,1,1,200,107,False,False,North,2024-07,0.9403,1
5867,Quinn Khan,Plus,999,48,8,6,6,2,0,1,200,245,False,False,West,2024-04,0.6573,1
5868,Riley Davis,Plus,999,30,5,7,3,0,0,0,200,125,False,True,South,2024-04,0.821,1
5869,Morgan Davis,Plus,999,53,7,4,6,5,0,0,200,156,False,True,East,2024-05,0.9366,1
5870,Jordan Lee,Ultra,2499,56,3,2,6,3,0,1,1000,94,False,False,South,2024-04,0.54,0
5871,Reese Martinez,Premium,1499,53,4,6,7,5,1,1,500,178,False,False,West,2024-08,0.9222,1
5872,Morgan Nguyen,Premium,1499,41,6,4,8,1,0,0,500,172,False,False,North,2024-11,0.8585,1
5873,Alex Khan,Premium,1499,42,6,2,6,2,0,1,500,241,False,False,East,2024-02,0.8643,1
5874,Riley Martinez,Plus,999,41,2,1,6,0,1,1,200,209,True,True,West,2024-02,0.6759,1
5875,Alex Johnson,Basic,699,39,7,6,7,5,0,0,100,200,False,True,East,2024-08,0.9131,1
5876,Jordan Davis,Basic,699,21,0,2,0,3,1,0,100,225,False,False,North,2024-03,0.3992,0
5877,Casey Smith,Basic,699,23,3,6,2,3,0,1,100,115,False,False,West,2024-10,0.5252,0
5878,Taylor Garcia,Premium,1499,27,6,5,4,4,0,0,500,138,True,False,West,2024-01,0.9231,1
5879,Riley Garcia,Basic,699,31,6,4,3,5,1,0,100,186,False,False,East,2024-08,0.922,1
5880,Taylor Martinez,Plus,999,40,7,2,5,4,1,0,200,208,False,False,South,2024-09,0.8876,1
5881,Quinn Nguyen,Basic,699,2,5,6,7,2,0,0,100,184,False,False,South,2024-01,0.8987,1
5882,Jordan Lee,Basic,699,31,3,0,0,4,1,1,100,58,False,False,West,2024-10,0.7655,1
5883,Jamie Smith,Ultra,2499,17,2,4,3,1,0,1,1000,175,False,False,West,2024-07,0.7701,1
5884,Casey Khan,Ultra,2499,14,0,7,3,5,0,1,1000,166,False,False,South,2024-05,0.8122,1
5885,Avery Martinez,Premium,1499,35,4,0,0,5,1,1,500,180,False,True,East,2024-08,0.7937,1
5886,Jordan Garcia,Premium,1499,24,3,1,6,3,1,0,500,45,False,True,East,2024-05,0.8698,1
5887,Jordan Nguyen,Ultra,2499,52,7,1,6,1,0,0,1000,220,False,False,South,2024-10,0.8306,1
5888,Jordan Lee,Plus,999,3,2,7,2,5,1,1,200,271,False,True,South,2024-06,0.8787,1
5889,Avery Martinez,Plus,999,46,2,3,0,0,0,1,200,79,False,False,East,2024-02,0.6524,1
5890,Jordan Brown,Premium,1499,17,1,2,4,5,1,1,500,155,False,True,North,2024-02,0.824,1
5891,Quinn Lee,Plus,999,30,7,0,1,2,0,0,200,174,False,False,East,2024-07,0.3985,0
5892,Jamie Khan,Plus,999,6,1,0,1,3,0,0,200,51,False,True,West,2024-08,0.68,0
5893,Quinn Martinez,Premium,1499,13,3,3,5,3,1,1,500,100,False,True,East,2024-07,0.6094,0
5894,Taylor Khan,Premium,1499,22,2,6,3,1,1,1,500,134,False,False,West,2024-01,0.8343,1
5895,Quinn Martinez,Basic,699,35,7,3,3,5,0,0,100,292,False,False,East,2024-01,0.8871,1
5896,Quinn Davis,Ultra,2499,55,5,5,8,4,0,0,1000,71,False,False,West,2024-11,0.9273,1
5897,Jamie Martinez,Ultra,2499,60,5,3,3,4,1,1,1000,290,True,True,South,2024-06,0.8959,1
5898,Riley Khan,Plus,999,40,7,6,7,0,1,1,200,272,False,False,West,2024-11,0.6147,1
5899,Taylor Martinez,Premium,1499,18,0,5,5,2,0,0,500,49,False,False,East,2024-01,0.4616,0
5900,Jordan Smith,Premium,1499,21,4,4,4,3,0,1,500,301,True,True,West,2024-09,0.8451,1
5901,Casey Lee,Basic,699,7,8,5,8,4,1,0,100,179,False,False,South,2024-10,0.918,1
5902,Jordan Patel,Basic,699,53,5,2,5,3,0,0,100,144,False,True,North,2024-01,0.563,1
5903,Taylor Davis,Ultra,2499,18,1,2,6,5,0,0,1000,185,False,True,South,2024-02,0.5488,1
5904,Quinn Johnson,Premium,1499,52,4,7,4,3,0,0,500,80,False,False,West,2024-05,0.63,1
5905,Riley Martinez,Plus,999,41,1,6,3,2,1,1,200,255,False,False,West,2024-01,0.8206,1
5906,Alex Martinez,Basic,699,24,4,0,7,0,0,1,100,123,False,True,West,2024-12,0.7052,1
5907,Alex Nguyen,Ultra,2499,15,1,4,5,5,0,0,1000,160,False,True,South,2024-04,0.8844,1
5908,Avery Garcia,Plus,999,10,0,1,2,5,1,1,200,225,False,True,North,2024-10,0.4864,0
5909,Jamie Lee,Basic,699,9,8,4,0,0,1,0,100,242,False,False,East,2024-07,0.7914,1
5910,Jamie Johnson,Plus,999,49,6,0,8,1,1,0,200,188,False,False,South,2024-04,0.8305,1
5911,Jordan Davis,Basic,699,45,4,1,8,5,0,1,100,141,False,True,North,2024-02,0.8386,1
5912,Taylor Garcia,Ultra,2499,29,0,7,4,5,1,0,1000,230,False,False,East,2024-08,0.8845,1
5913,Taylor Patel,Ultra,2499,44,3,1,4,2,1,0,1000,101,False,False,East,2024-11,0.8043,1
5914,Jamie Patel,Plus,999,18,4,6,4,1,1,1,200,297,True,False,South,2024-05,0.8593,1
5915,Reese Garcia,Premium,1499,10,5,4,3,1,0,0,500,122,False,False,North,2024-08,0.8143,1
5916,Jamie Martinez,Premium,1499,49,6,3,3,1,1,1,500,141,False,False,North,2024-06,0.5343,0
5917,Reese Patel,Ultra,2499,24,8,5,2,2,1,0,1000,210,False,False,East,2024-10,0.8388,1
5918,Riley Patel,Basic,699,49,6,6,4,3,0,0,100,78,False,False,East,2024-11,0.682,1
5919,Quinn Johnson,Basic,699,50,4,1,5,2,0,0,100,178,False,False,North,2024-08,0.7878,1
5920,Casey Nguyen,Basic,699,42,2,3,5,5,1,1,100,311,False,False,North,2024-10,0.6001,0
5921,Jordan Johnson,Plus,999,15,6,2,5,1,1,1,200,221,False,False,North,2024-02,0.8121,1
5922,Jamie Garcia,Ultra,2499,34,0,3,3,5,0,0,1000,233,True,False,East,2024-09,0.7959,0
5923,Jamie Davis,Ultra,2499,3,5,0,3,0,1,0,1000,184,False,False,West,2024-01,0.4387,0
5924,Morgan Garcia,Premium,1499,33,7,2,4,2,0,0,500,252,False,False,West,2024-12,0.5009,0
5925,Casey Brown,Basic,699,24,1,6,8,0,1,1,100,20,False,False,North,2024-01,0.805,1
5926,Reese Smith,Plus,999,52,2,6,3,0,1,0,200,212,False,False,South,2024-11,0.4633,0
5927,Casey Patel,Premium,1499,7,5,3,8,2,0,0,500,266,False,True,North,2024-10,0.8705,1
5928,Jordan Davis,Ultra,2499,27,5,4,3,0,0,0,1000,140,False,False,West,2024-04,0.7254,1
5929,Taylor Nguyen,Premium,1499,12,2,5,2,1,0,1,500,163,False,True,North,2024-11,0.4935,0
5930,Reese Johnson,Basic,699,21,0,4,7,4,0,1,100,152,False,False,East,2024-08,0.8091,0
5931,Casey Johnson,Premium,1499,10,6,7,4,4,0,1,500,209,False,True,North,2024-08,0.9053,1
5932,Alex Nguyen,Basic,699,28,2,5,3,3,1,0,100,223,False,False,East,2024-05,0.8576,1
5933,Reese Davis,Ultra,2499,59,6,0,8,3,0,1,1000,167,False,False,North,2024-11,0.5326,1
5934,Morgan Garcia,Ultra,2499,58,8,7,3,3,1,1,1000,175,False,False,North,2024-12,0.8672,1
5935,Quinn Martinez,Ultra,2499,56,7,5,5,5,0,0,1000,203,False,False,North,2024-01,0.9219,1
5936,Quinn Patel,Plus,999,40,5,6,3,3,1,0,200,297,False,False,West,2024-09,0.8788,1
5937,Alex Nguyen,Basic,699,38,6,2,2,1,0,1,100,208,True,False,North,2024-11,0.7704,1
5938,Taylor Lee,Premium,1499,57,0,4,4,2,1,0,500,155,False,False,North,2024-02,0.7313,0
5939,Casey Nguyen,Ultra,2499,58,6,7,5,3,0,0,1000,166,False,True,East,2024-04,0.7056,1
5940,Casey Lee,Plus,999,38,5,7,5,3,1,1,200,200,False,False,West,2024-02,0.6629,0
5941,Jordan Nguyen,Basic,699,60,4,2,4,5,0,0,100,185,True,False,North,2024-01,0.8545,1
5942,Alex Garcia,Ultra,2499,27,2,0,6,3,1,0,1000,156,True,True,North,2024-02,0.5503,1
5943,Quinn Lee,Plus,999,17,7,7,3,0,0,0,200,182,True,True,North,2024-01,0.6211,0
5944,Taylor Smith,Ultra,2499,15,7,0,6,0,0,1,1000,171,False,False,East,2024-02,0.457,0
5945,Reese Davis,Plus,999,27,6,5,0,4,0,0,200,167,False,False,North,2024-11,0.8419,1
5946,Alex Garcia,Basic,699,18,5,7,8,4,1,1,100,154,True,False,East,2024-02,0.8045,1
5947,Reese Nguyen,Premium,1499,33,2,4,3,3,1,1,500,116,False,False,West,2024-10,0.8158,1
5948,Avery Brown,Basic,699,10,7,1,1,3,1,1,100,152,False,True,East,2024-02,0.5406,1
5949,Riley Khan,Plus,999,50,4,5,7,3,0,1,200,156,False,True,South,2024-02,0.8831,1
5950,Alex Brown,Basic,699,57,8,4,3,4,0,1,100,60,False,False,East,2024-08,0.898,1
5951,Taylor Khan,Ultra,2499,25,7,4,4,5,1,0,1000,224,True,False,West,2024-08,0.9092,1
5952,Morgan Smith,Premium,1499,47,2,3,7,5,1,0,500,21,False,True,North,2024-08,0.8812,0
5953,Morgan Brown,Plus,999,36,3,6,1,1,0,1,200,163,False,False,North,2024-03,0.8274,1
5954,Jamie Nguyen,Basic,699,13,6,2,7,5,1,1,100,218,True,False,South,2024-12,0.8908,1
5955,Quinn Garcia,Plus,999,28,7,4,5,1,0,0,200,131,False,False,West,2024-06,0.8392,0
5956,Avery Martinez,Ultra,2499,49,3,1,1,3,0,0,1000,197,False,True,North,2024-04,0.7197,1
5957,Taylor Martinez,Plus,999,31,8,1,5,5,1,1,200,170,False,False,West,2024-06,0.8768,1
5958,Alex Martinez,Basic,699,52,0,3,1,4,0,1,100,102,False,False,South,2024-02,0.3963,0
5959,Casey Nguyen,Ultra,2499,12,6,5,0,1,1,0,1000,234,False,False,West,2024-11,0.5784,1
5960,Riley Nguyen,Plus,999,40,0,0,0,2,0,0,200,220,False,False,South,2024-10,0.5512,0
5961,Avery Smith,Plus,999,8,2,5,6,5,1,0,200,230,False,False,North,2024-07,0.6718,1
5962,Morgan Garcia,Premium,1499,37,8,3,4,5,0,0,500,189,False,False,North,2024-11,0.6521,1
5963,Alex Nguyen,Plus,999,35,4,1,5,5,0,1,200,145,False,False,East,2024-10,0.8444,0
5964,Quinn Davis,Plus,999,53,4,2,5,2,1,1,200,350,False,False,South,2024-05,0.8257,1
5965,Quinn Lee,Ultra,2499,43,1,7,5,1,0,0,1000,137,False,True,West,2024-03,0.4788,0
5966,Avery Martinez,Plus,999,10,4,3,1,3,1,0,200,145,True,True,East,2024-12,0.8783,1
5967,Avery Lee,Ultra,2499,11,2,6,5,4,0,1,1000,152,True,False,West,2024-10,0.8972,1
5968,Alex Garcia,Premium,1499,25,2,7,5,2,0,0,500,153,False,True,West,2024-03,0.584,0
5969,Alex Davis,Premium,1499,24,3,4,6,4,1,1,500,235,False,True,East,2024-08,0.8854,1
5970,Quinn Johnson,Plus,999,32,6,6,1,0,0,0,200,135,False,False,North,2024-06,0.8387,1
5971,Casey Khan,Premium,1499,48,0,4,8,3,0,1,500,248,False,False,East,2024-01,0.8174,1
5972,Riley Nguyen,Ultra,2499,18,5,4,0,2,1,0,1000,235,False,True,North,2024-12,0.8428,1
5973,Reese Johnson,Plus,999,58,8,5,6,2,0,0,200,321,False,False,South,2024-09,0.6426,0
5974,Alex Brown,Premium,1499,2,3,2,4,5,0,0,500,220,True,False,South,2024-01,0.8406,1
5975,Riley Nguyen,Plus,999,15,4,3,7,5,1,0,200,122,False,False,West,2024-01,0.8732,1
5976,Jamie Patel,Ultra,2499,22,4,7,7,2,1,0,1000,269,True,True,North,2024-09,0.6241,1
5977,Jamie Lee,Basic,699,28,3,5,8,3,1,0,100,151,False,True,North,2024-03,0.8265,1
5978,Reese Davis,Premium,1499,3,3,4,4,4,0,1,500,121,False,False,East,2024-01,0.593,1
5979,Jordan Nguyen,Premium,1499,2,3,5,4,2,0,1,500,276,False,True,North,2024-06,0.8617,1
5980,Alex Davis,Premium,1499,24,1,2,6,5,1,0,500,121,True,False,South,2024-09,0.8818,1
5981,Avery Smith,Ultra,2499,60,8,0,6,5,1,1,1000,181,False,True,West,2024-08,0.6975,1
5982,Alex Martinez,Ultra,2499,54,8,7,3,3,0,0,1000,95,False,False,West,2024-08,0.8712,1
5983,Jamie Davis,Premium,1499,58,8,1,1,3,1,0,500,122,False,False,West,2024-05,0.5392,0
5984,Morgan Brown,Basic,699,19,3,1,5,0,1,0,100,185,False,False,North,2024-03,0.7758,1
5985,Quinn Davis,Plus,999,24,0,6,1,4,0,0,200,206,False,False,West,2024-03,0.6972,1
5986,Reese Garcia,Plus,999,11,8,4,0,0,1,0,200,198,False,False,South,2024-02,0.7413,1
5987,Reese Smith,Basic,699,4,0,2,2,2,0,1,100,112,False,False,East,2024-06,0.3204,0
5988,Taylor Khan,Basic,699,2,5,5,8,5,0,0,100,133,False,True,North,2024-04,0.7055,1
5989,Alex Lee,Basic,699,13,4,4,1,4,1,1,100,194,False,False,South,2024-09,0.8113,1
5990,Riley Smith,Premium,1499,48,0,5,5,5,1,1,500,204,False,False,South,2024-07,0.8971,1
5991,Riley Lee,Plus,999,6,3,4,1,4,0,1,200,86,True,False,East,2024-05,0.8187,1
5992,Taylor Davis,Plus,999,45,1,4,8,0,0,0,200,20,False,False,South,2024-04,0.7417,1
5993,Jamie Lee,Ultra,2499,6,3,0,0,1,0,1,1000,224,False,False,East,2024-08,0.3358,0
5994,Quinn Davis,Basic,699,2,8,1,7,2,1,0,100,185,False,False,West,2024-03,0.8769,0
5995,Riley Johnson,Premium,1499,26,6,6,2,4,0,1,500,358,False,True,East,2024-04,0.7459,1
5996,Quinn Garcia,Premium,1499,4,3,6,0,1,0,0,500,143,True,False,South,2024-08,0.4458,0
5997,Morgan Patel,Basic,699,60,8,4,4,3,1,0,100,151,False,False,South,2024-07,0.8662,1
5998,Jordan Lee,Premium,1499,3,6,3,2,2,0,1,500,211,False,False,North,2024-04,0.8165,1
5999,Jordan Johnson,Premium,1499,19,7,5,8,0,1,0,500,174,True,False,South,2024-09,0.898,1
6000,Casey Nguyen,Plus,999,18,7,0,1,3,1,1,200,172,True,True,East,2024-03,0.8097,1
6001,Jamie Martinez,Basic,699,31,6,1,7,1,0,0,100,262,False,True,North,2024-01,0.7787,0
6002,Reese Patel,Basic,699,43,5,6,7,4,1,1,100,157,False,False,North,2024-08,0.9156,1
6003,Morgan Davis,Premium,1499,12,1,1,6,5,0,0,500,181,False,True,West,2024-07,0.5516,0
6004,Reese Martinez,Plus,999,15,7,3,6,0,1,1,200,222,False,False,South,2024-06,0.8382,1
6005,Quinn Davis,Premium,1499,13,1,2,4,0,1,1,500,154,False,False,West,2024-05,0.6919,0
6006,Avery Davis,Ultra,2499,41,0,4,6,5,1,0,1000,137,False,True,East,2024-10,0.6521,1
6007,Morgan Lee,Premium,1499,30,2,6,2,0,1,0,500,134,True,False,West,2024-02,0.8141,1
6008,Taylor Davis,Premium,1499,42,1,3,6,2,0,0,500,181,False,False,West,2024-10,0.7653,1
6009,Taylor Johnson,Ultra,2499,29,2,4,3,2,1,0,1000,223,True,False,West,2024-10,0.5002,1
6010,Reese Nguyen,Ultra,2499,51,4,2,8,4,0,1,1000,224,False,False,East,2024-07,0.6063,0
6011,Avery Patel,Basic,699,17,4,7,6,5,1,1,100,138,False,False,East,2024-08,0.9234,1
6012,Quinn Smith,Basic,699,12,8,0,0,1,1,0,100,218,True,False,North,2024-01,0.4759,0
6013,Casey Smith,Premium,1499,45,3,3,4,1,1,1,500,247,False,False,East,2024-08,0.5059,0
6014,Riley Brown,Plus,999,25,5,5,6,3,1,0,200,101,False,False,West,2024-09,0.9253,1
6015,Taylor Smith,Premium,1499,22,2,2,5,0,0,0,500,81,False,False,West,2024-08,0.7431,1
6016,Morgan Khan,Ultra,2499,57,3,5,5,4,1,1,1000,210,False,False,West,2024-03,0.8669,1
6017,Morgan Garcia,Premium,1499,27,8,6,3,4,1,0,500,171,False,True,South,2024-09,0.9197,1
6018,Quinn Patel,Plus,999,20,0,3,6,0,1,0,200,271,False,False,East,2024-01,0.6949,1
6019,Riley Davis,Ultra,2499,60,4,0,0,1,0,1,1000,161,False,False,North,2024-05,0.2591,0
6020,Alex Khan,Premium,1499,48,1,6,1,1,0,1,500,301,False,False,South,2024-10,0.3681,0
6021,Taylor Patel,Premium,1499,48,7,4,4,2,0,1,500,202,False,False,East,2024-03,0.595,0
6022,Riley Martinez,Premium,1499,60,3,3,4,2,0,0,500,173,False,False,North,2024-10,0.5154,0
6023,Jordan Davis,Ultra,2499,45,1,3,5,0,0,1,1000,296,False,True,West,2024-06,0.7384,1
6024,Quinn Brown,Plus,999,11,0,6,6,3,0,0,200,225,False,False,West,2024-09,0.8248,1
6025,Alex Smith,Plus,999,20,7,5,8,2,0,0,200,251,False,False,North,2024-06,0.8711,1
6026,Quinn Martinez,Premium,1499,26,1,5,6,2,1,0,500,255,False,False,East,2024-02,0.593,1
6027,Jamie Davis,Ultra,2499,60,7,3,8,5,0,0,1000,255,False,False,South,2024-04,0.8985,1
6028,Reese Nguyen,Plus,999,8,5,2,3,0,0,1,200,168,False,False,West,2024-11,0.7514,0
6029,Reese Johnson,Basic,699,37,4,6,5,5,1,1,100,84,False,False,North,2024-07,0.9289,1
6030,Jamie Lee,Plus,999,18,3,1,4,1,1,1,200,179,True,False,North,2024-05,0.7743,1
6031,Jamie Brown,Premium,1499,7,2,0,4,4,0,0,500,139,False,False,South,2024-05,0.7312,1
6032,Alex Khan,Ultra,2499,30,4,0,4,0,0,1,1000,137,False,False,South,2024-04,0.7136,1
6033,Taylor Smith,Premium,1499,50,6,0,6,3,0,0,500,227,True,False,East,2024-04,0.8635,1
6034,Alex Davis,Premium,1499,22,2,1,5,3,0,0,500,204,True,False,West,2024-11,0.7874,0
6035,Casey Davis,Ultra,2499,33,4,1,3,4,0,1,1000,214,False,False,North,2024-09,0.8432,0
6036,Jordan Lee,Plus,999,4,2,3,5,1,1,1,200,229,False,False,East,2024-07,0.8148,1
6037,Alex Smith,Premium,1499,8,7,1,4,3,1,1,500,200,True,False,North,2024-08,0.8474,1
6038,Casey Brown,Basic,699,55,3,5,0,4,0,1,100,106,False,True,West,2024-09,0.5469,0
6039,Jamie Smith,Basic,699,8,3,5,8,5,0,1,100,179,False,True,West,2024-10,0.9034,1
6040,Quinn Garcia,Basic,699,10,4,5,0,3,1,0,100,297,False,False,East,2024-10,0.8401,1
6041,Morgan Brown,Premium,1499,38,5,1,7,3,1,0,500,268,False,True,West,2024-01,0.8748,1
6042,Riley Brown,Plus,999,11,3,4,8,3,0,1,200,123,False,False,South,2024-02,0.5699,0
6043,Alex Martinez,Basic,699,42,7,1,4,2,1,0,100,123,False,True,East,2024-06,0.8703,1
6044,Reese Brown,Ultra,2499,6,6,2,4,4,1,0,1000,235,False,False,South,2024-12,0.67,1
6045,Jamie Khan,Basic,699,53,8,5,8,0,0,0,100,266,False,False,West,2024-08,0.4992,0
6046,Casey Nguyen,Ultra,2499,2,0,6,0,5,1,0,1000,221,False,False,North,2024-04,0.5084,0
6047,Quinn Lee,Basic,699,12,5,1,7,3,1,0,100,179,False,False,North,2024-04,0.846,0
6048,Taylor Garcia,Basic,699,34,5,4,2,2,0,0,100,226,False,False,South,2024-08,0.5185,1
6049,Jamie Martinez,Plus,999,23,8,7,0,3,1,1,200,274,False,True,East,2024-05,0.8699,1
6050,Jordan Johnson,Basic,699,19,8,1,8,2,1,0,100,229,False,False,North,2024-12,0.8525,1
6051,Quinn Smith,Premium,1499,1,5,2,3,2,1,0,500,65,True,False,South,2024-08,0.8497,1
6052,Taylor Nguyen,Plus,999,23,7,4,6,2,1,1,200,169,False,False,East,2024-05,0.9,1
6053,Avery Nguyen,Premium,1499,2,7,0,2,3,1,0,500,212,False,False,North,2024-09,0.8107,1
6054,Jordan Garcia,Basic,699,19,5,0,7,0,1,0,100,170,False,False,North,2024-05,0.8224,1
6055,Reese Lee,Ultra,2499,49,4,6,4,5,1,1,1000,187,False,True,West,2024-12,0.9154,1
6056,Quinn Garcia,Basic,699,4,0,0,7,1,1,0,100,214,False,False,South,2024-05,0.728,1
6057,Quinn Patel,Premium,1499,36,7,3,0,4,0,0,500,148,False,False,South,2024-10,0.5831,0
6058,Riley Nguyen,Basic,699,15,3,2,7,4,0,0,100,156,True,False,North,2024-05,0.8615,1
6059,Jamie Patel,Premium,1499,55,6,7,1,4,1,1,500,191,False,False,South,2024-02,0.9057,1
6060,Alex Brown,Premium,1499,57,0,3,8,3,1,0,500,126,False,False,West,2024-07,0.4767,0
6061,Riley Davis,Ultra,2499,29,5,3,8,1,1,1,1000,246,False,False,East,2024-08,0.8504,1
6062,Reese Johnson,Plus,999,59,7,6,0,1,1,1,200,199,False,False,North,2024-01,0.5409,0
6063,Avery Lee,Basic,699,19,1,2,2,2,0,1,100,242,False,False,East,2024-10,0.6612,1
6064,Quinn Martinez,Premium,1499,38,6,7,2,5,1,1,500,170,True,False,East,2024-07,0.9339,1
6065,Reese Brown,Ultra,2499,47,3,2,1,3,0,0,1000,262,False,False,West,2024-03,0.743,0
6066,Riley Johnson,Plus,999,33,0,7,7,2,1,0,200,317,True,False,North,2024-05,0.8425,1
6067,Taylor Lee,Premium,1499,20,1,5,0,5,1,1,500,106,False,False,South,2024-03,0.8328,0
6068,Casey Nguyen,Plus,999,51,8,7,1,3,1,1,200,153,False,True,East,2024-10,0.8943,1
6069,Avery Smith,Premium,1499,32,8,4,6,0,0,0,500,177,False,False,North,2024-12,0.8444,0
6070,Taylor Garcia,Basic,699,16,0,3,7,1,0,1,100,116,False,True,North,2024-06,0.7629,1
6071,Casey Patel,Premium,1499,37,7,4,2,0,0,1,500,99,False,False,West,2024-08,0.7674,1
6072,Quinn Lee,Ultra,2499,25,0,6,4,1,0,0,1000,205,True,False,South,2024-11,0.8176,1
6073,Avery Khan,Plus,999,41,3,4,1,3,1,1,200,155,False,False,West,2024-11,0.5288,1
6074,Reese Davis,Ultra,2499,34,1,3,0,5,0,0,1000,255,False,False,North,2024-05,0.7895,1
6075,Reese Garcia,Plus,999,13,6,1,1,5,1,1,200,158,False,False,West,2024-04,0.5465,0
6076,Casey Martinez,Basic,699,31,0,2,7,1,0,1,100,25,False,False,South,2024-03,0.7069,1
6077,Jordan Lee,Ultra,2499,5,7,7,5,0,0,1,1000,262,False,False,North,2024-03,0.5894,1
6078,Alex Lee,Premium,1499,59,8,2,8,1,1,1,500,229,False,False,South,2024-04,0.8358,1
6079,Quinn Nguyen,Basic,699,47,5,1,2,3,1,1,100,187,True,True,West,2024-06,0.8527,1
6080,Quinn Patel,Premium,1499,25,2,5,8,0,1,0,500,133,False,False,North,2024-02,0.8139,1
6081,Taylor Patel,Plus,999,50,8,1,2,2,1,1,200,150,True,True,South,2024-05,0.8501,1
6082,Morgan Patel,Premium,1499,32,1,4,8,4,0,0,500,196,False,False,West,2024-10,0.8387,1
6083,Taylor Patel,Ultra,2499,26,6,6,0,2,1,0,1000,289,False,True,South,2024-04,0.8838,1
6084,Riley Martinez,Premium,1499,1,2,5,8,0,0,1,500,131,False,False,South,2024-01,0.8049,1
6085,Jamie Nguyen,Premium,1499,54,0,6,6,4,0,1,500,174,False,False,West,2024-05,0.8497,1
6086,Jordan Davis,Premium,1499,11,3,5,7,5,0,0,500,356,True,True,South,2024-11,0.9165,1
6087,Jamie Smith,Plus,999,42,3,5,7,1,1,0,200,37,False,False,East,2024-11,0.5618,0
6088,Avery Davis,Plus,999,31,1,6,7,5,0,0,200,44,True,False,South,2024-12,0.888,1
6089,Morgan Garcia,Plus,999,2,5,3,3,3,1,1,200,40,False,True,East,2024-08,0.8709,1
6090,Jordan Khan,Premium,1499,48,2,1,6,3,1,1,500,73,False,False,North,2024-11,0.8358,1
6091,Reese Davis,Ultra,2499,34,3,0,0,2,1,1,1000,180,True,False,East,2024-11,0.738,1
6092,Taylor Johnson,Plus,999,36,6,6,8,0,0,1,200,172,False,True,West,2024-11,0.8443,1
6093,Reese Nguyen,Premium,1499,16,5,3,8,1,0,0,500,215,True,False,West,2024-05,0.8817,1
6094,Riley Khan,Plus,999,6,4,7,4,4,0,1,200,208,False,False,North,2024-10,0.8728,1
6095,Casey Smith,Ultra,2499,42,8,7,6,0,1,0,1000,80,False,False,South,2024-06,0.621,1
6096,Casey Johnson,Plus,999,6,7,7,0,3,1,0,200,211,False,True,North,2024-11,0.8958,1
6097,Morgan Patel,Premium,1499,7,6,2,0,1,0,1,500,198,False,True,West,2024-04,0.4975,0
6098,Morgan Martinez,Premium,1499,39,6,1,6,0,1,0,500,229,False,True,East,2024-02,0.8463,1
6099,Avery Patel,Ultra,2499,3,4,0,0,4,0,0,1000,133,True,True,South,2024-03,0.8125,1
6100,Jamie Johnson,Ultra,2499,21,5,6,4,1,1,1,1000,120,False,False,North,2024-10,0.8691,0
6101,Alex Nguyen,Basic,699,49,2,4,2,5,0,0,100,203,False,False,South,2024-04,0.8522,1
6102,Alex Nguyen,Premium,1499,17,5,2,4,4,0,1,500,88,False,False,North,2024-04,0.6064,1
6103,Jordan Lee,Premium,1499,55,7,5,3,4,1,1,500,283,False,False,South,2024-09,0.914,1
6104,Reese Johnson,Premium,1499,31,3,6,5,1,0,0,500,238,False,False,South,2024-11,0.5666,1
6105,Casey Patel,Basic,699,10,8,0,5,5,1,0,100,270,False,True,South,2024-03,0.6241,0
6106,Quinn Smith,Basic,699,7,0,1,4,5,1,1,100,82,False,False,West,2024-05,0.7857,1
6107,Jordan Smith,Ultra,2499,9,3,2,8,3,0,0,1000,28,False,False,West,2024-04,0.8611,1
6108,Jamie Garcia,Premium,1499,29,0,4,3,0,0,1,500,265,False,True,North,2024-05,0.3441,0
6109,Taylor Brown,Premium,1499,51,2,1,4,0,1,0,500,154,True,True,North,2024-06,0.7501,1
6110,Quinn Nguyen,Basic,699,27,4,2,0,2,1,0,100,183,False,True,North,2024-12,0.4574,0
6111,Casey Garcia,Ultra,2499,56,0,0,7,1,1,1,1000,219,False,False,North,2024-02,0.6951,0
6112,Jordan Patel,Basic,699,53,5,0,6,2,1,1,100,246,False,False,North,2024-04,0.8288,1
6113,Quinn Lee,Ultra,2499,26,4,7,3,2,0,0,1000,137,False,False,East,2024-01,0.8676,1
6114,Riley Khan,Premium,1499,28,0,0,8,0,0,1,500,84,False,False,South,2024-03,0.6332,0
6115,Casey Nguyen,Plus,999,26,1,5,6,4,1,0,200,247,False,True,East,2024-08,0.8583,1
6116,Avery Smith,Plus,999,19,8,6,3,5,0,0,200,201,False,False,East,2024-06,0.9123,0
6117,Reese Khan,Premium,1499,51,2,4,3,0,0,1,500,119,False,True,North,2024-04,0.7406,0
6118,Reese Smith,Plus,999,41,3,0,0,3,1,0,200,169,False,False,East,2024-03,0.7,0
6119,Jamie Khan,Plus,999,16,1,1,3,1,1,1,200,341,False,True,West,2024-07,0.676,1
6120,Reese Smith,Basic,699,56,8,4,5,1,0,0,100,250,False,False,East,2024-11,0.8322,1
6121,Morgan Smith,Ultra,2499,47,3,0,5,4,0,1,1000,103,False,False,North,2024-09,0.8046,1
6122,Avery Lee,Basic,699,23,5,7,2,3,1,1,100,225,False,False,West,2024-10,0.8878,1
6123,Alex Davis,Basic,699,46,2,7,7,1,0,1,100,289,False,False,West,2024-04,0.8701,0
6124,Jamie Smith,Plus,999,10,1,0,8,2,1,1,200,197,False,False,North,2024-02,0.7232,1
6125,Jamie Garcia,Ultra,2499,33,8,5,1,2,1,0,1000,211,False,False,West,2024-11,0.8545,1
6126,Riley Patel,Ultra,2499,58,2,3,1,2,0,1,1000,244,True,True,East,2024-09,0.4026,0
6127,Jordan Martinez,Plus,999,28,8,2,0,0,1,0,200,345,True,True,East,2024-08,0.8051,0
6128,Taylor Garcia,Basic,699,19,6,5,0,3,0,1,100,62,True,False,North,2024-12,0.5875,1
6129,Jordan Johnson,Basic,699,36,7,2,8,5,1,0,100,237,False,False,North,2024-04,0.9188,1
6130,Morgan Smith,Ultra,2499,1,7,7,8,5,1,0,1000,90,False,False,North,2024-06,0.9496,1
6131,Reese Davis,Premium,1499,45,0,5,8,0,1,0,500,43,False,False,West,2024-10,0.7853,1
6132,Reese Patel,Premium,1499,52,7,4,6,4,0,1,500,257,False,False,South,2024-05,0.8963,1
6133,Avery Nguyen,Plus,999,49,5,2,6,1,0,0,200,74,True,True,East,2024-05,0.5895,1
6134,Jordan Lee,Basic,699,51,5,3,1,1,0,1,100,137,True,False,West,2024-04,0.7916,1
6135,Morgan Brown,Ultra,2499,51,0,4,5,0,0,0,1000,118,False,True,North,2024-04,0.7035,1
6136,Reese Smith,Plus,999,3,8,6,3,3,0,0,200,38,True,False,West,2024-01,0.911,1
6137,Quinn Patel,Plus,999,17,8,3,1,2,1,1,200,168,False,False,North,2024-05,0.7944,1
6138,Riley Johnson,Ultra,2499,40,4,0,0,5,1,1,1000,193,False,True,East,2024-08,0.8408,1
6139,Morgan Smith,Premium,1499,5,3,6,0,0,0,0,500,164,False,True,West,2024-11,0.4701,0
6140,Quinn Brown,Premium,1499,30,2,7,1,1,0,1,500,199,False,False,East,2024-09,0.3916,0
6141,Casey Martinez,Ultra,2499,60,3,5,0,1,1,0,1000,323,True,False,West,2024-08,0.7823,1
6142,Jordan Patel,Ultra,2499,44,6,6,6,0,1,0,1000,225,False,False,West,2024-06,0.8952,1
6143,Morgan Khan,Ultra,2499,45,2,4,8,1,1,0,1000,170,False,False,West,2024-08,0.8293,1
6144,Alex Smith,Ultra,2499,22,6,5,8,3,1,1,1000,197,False,False,South,2024-09,0.8945,1
6145,Avery Patel,Plus,999,7,7,6,6,2,1,0,200,156,False,False,North,2024-07,0.8946,1
6146,Reese Khan,Plus,999,18,6,2,5,5,1,1,200,147,False,True,North,2024-02,0.8884,1
6147,Avery Patel,Plus,999,21,4,7,7,5,1,0,200,258,False,False,East,2024-04,0.7774,1
6148,Alex Davis,Basic,699,12,3,7,6,3,0,1,100,248,True,True,North,2024-04,0.9064,1
6149,Alex Johnson,Plus,999,16,6,4,7,5,1,0,200,155,True,False,South,2024-12,0.9223,1
6150,Jordan Martinez,Plus,999,59,3,1,8,1,0,1,200,125,False,False,West,2024-01,0.4444,0
6151,Reese Martinez,Plus,999,31,3,3,1,4,1,1,200,195,True,False,East,2024-11,0.5395,1
6152,Jamie Johnson,Ultra,2499,20,3,0,0,5,0,0,1000,270,False,False,North,2024-05,0.4503,0
6153,Morgan Patel,Premium,1499,26,6,4,2,2,1,0,500,121,False,False,West,2024-06,0.8439,1
6154,Casey Brown,Ultra,2499,46,1,4,1,3,1,1,1000,227,False,False,West,2024-05,0.8032,1
6155,Reese Patel,Ultra,2499,11,3,6,6,0,0,1,1000,218,False,False,North,2024-03,0.8623,1
6156,Reese Johnson,Premium,1499,38,8,6,1,0,0,1,500,294,True,False,North,2024-05,0.8411,1
6157,Jordan Khan,Basic,699,54,2,4,0,0,0,0,100,121,True,False,East,2024-06,0.6373,0
6158,Casey Patel,Plus,999,26,7,3,1,5,0,0,200,152,False,False,South,2024-02,0.6255,1
6159,Quinn Johnson,Plus,999,48,6,7,1,2,0,1,200,307,True,False,West,2024-11,0.6136,0
6160,Quinn Johnson,Premium,1499,36,7,1,4,1,1,1,500,261,False,False,North,2024-12,0.8135,0
6161,Jordan Patel,Ultra,2499,35,0,0,0,0,0,0,1000,223,True,False,North,2024-03,0.5802,1
6162,Jamie Lee,Basic,699,38,3,0,1,5,1,1,100,41,False,False,West,2024-03,0.7905,1
6163,Casey Nguyen,Basic,699,37,7,5,3,4,1,1,100,246,False,False,North,2024-10,0.6924,1
6164,Jamie Smith,Basic,699,37,5,0,3,2,1,0,100,96,False,False,East,2024-09,0.7121,1
6165,Avery Patel,Premium,1499,58,2,7,2,3,1,1,500,154,True,False,North,2024-12,0.8531,1
6166,Jordan Khan,Ultra,2499,42,3,1,0,3,1,0,1000,118,False,False,West,2024-07,0.7561,1
6167,Taylor Nguyen,Basic,699,2,4,3,4,5,0,0,100,215,False,False,West,2024-12,0.6458,1
6168,Taylor Johnson,Basic,699,31,6,1,1,2,1,0,100,20,False,False,North,2024-06,0.7743,1
6169,Quinn Davis,Premium,1499,54,3,6,4,2,0,1,500,158,True,True,North,2024-04,0.6332,1
6170,Riley Garcia,Ultra,2499,45,1,5,5,0,1,1,1000,214,True,False,North,2024-12,0.8086,0
6171,Jordan Brown,Plus,999,10,7,6,6,2,0,1,200,153,False,True,West,2024-05,0.8967,1
6172,Alex Patel,Plus,999,26,6,4,4,5,1,0,200,129,True,False,West,2024-07,0.9259,1
6173,Reese Martinez,Plus,999,37,7,1,8,4,0,0,200,115,True,False,South,2024-04,0.8916,1
6174,Taylor Brown,Basic,699,31,1,6,3,0,1,0,100,194,False,False,North,2024-07,0.7509,1
6175,Jordan Lee,Plus,999,37,0,1,5,4,1,0,200,134,True,False,South,2024-11,0.4321,0
6176,Riley Garcia,Premium,1499,60,2,6,8,4,1,1,500,134,False,True,West,2024-03,0.8966,1
6177,Riley Garcia,Ultra,2499,53,0,7,5,1,1,0,1000,20,False,True,South,2024-10,0.535,0
6178,Riley Khan,Plus,999,29,3,4,5,4,0,1,200,244,False,False,East,2024-10,0.8588,1
6179,Riley Davis,Basic,699,14,4,5,0,4,1,0,100,145,True,True,West,2024-07,0.6265,1
6180,Jamie Patel,Premium,1499,26,8,5,7,3,1,1,500,141,False,True,North,2024-06,0.9222,1
6181,Reese Lee,Ultra,2499,4,4,6,8,1,0,0,1000,287,False,False,East,2024-10,0.8834,1
6182,Avery Khan,Premium,1499,57,3,4,0,0,0,1,500,216,False,False,East,2024-08,0.6827,0
6183,Jamie Martinez,Plus,999,31,0,7,4,1,1,1,200,232,False,False,North,2024-12,0.391,0
6184,Casey Nguyen,Basic,699,56,6,5,5,4,0,1,100,162,True,True,West,2024-09,0.9233,1
6185,Casey Davis,Premium,1499,32,7,2,0,4,1,0,500,231,False,False,South,2024-07,0.6012,1
6186,Taylor Brown,Plus,999,57,8,2,1,3,0,0,200,200,False,False,East,2024-09,0.8007,1
6187,Jordan Brown,Plus,999,45,7,1,0,4,0,0,200,217,True,True,East,2024-04,0.8111,1
6188,Taylor Khan,Plus,999,11,7,6,0,5,0,1,200,120,True,False,East,2024-05,0.6855,0
6189,Casey Patel,Premium,1499,23,7,4,2,3,0,1,500,192,False,False,South,2024-01,0.8185,1
6190,Avery Lee,Plus,999,7,6,5,0,4,1,1,200,211,False,True,South,2024-10,0.8981,1
6191,Jordan Garcia,Basic,699,44,7,7,1,4,1,1,100,174,False,False,South,2024-04,0.7439,1
6192,Riley Patel,Premium,1499,4,7,3,1,4,0,1,500,132,False,False,West,2024-12,0.8601,1
6193,Avery Martinez,Premium,1499,23,6,7,6,1,1,1,500,152,False,False,South,2024-03,0.681,1
6194,Taylor Nguyen,Premium,1499,40,3,7,0,2,1,1,500,156,False,True,North,2024-04,0.4897,0
6195,Reese Martinez,Plus,999,6,2,2,7,4,0,0,200,141,True,False,West,2024-12,0.5462,1
6196,Alex Johnson,Basic,699,58,7,7,3,4,0,1,100,266,False,False,South,2024-06,0.9206,1
6197,Casey Patel,Plus,999,35,0,5,0,2,0,1,200,273,False,False,West,2024-07,0.6601,1
6198,Reese Davis,Basic,699,57,3,0,3,3,1,0,100,131,False,True,West,2024-11,0.7766,1
6199,Taylor Martinez,Premium,1499,58,8,4,0,1,0,0,500,304,False,False,West,2024-11,0.7884,1
6200,Jamie Garcia,Premium,1499,11,8,5,1,3,1,1,500,87,False,False,East,2024-09,0.8704,1
6201,Avery Johnson,Basic,699,25,5,4,6,1,1,0,100,232,False,False,West,2024-10,0.8669,1
6202,Taylor Johnson,Premium,1499,37,5,2,7,3,0,1,500,165,False,True,South,2024-11,0.8789,1
6203,Riley Patel,Premium,1499,5,7,6,2,0,0,1,500,20,False,True,East,2024-01,0.8705,1
6204,Morgan Martinez,Premium,1499,37,1,7,8,5,1,1,500,240,False,True,South,2024-09,0.8914,1
6205,Reese Lee,Plus,999,23,6,2,7,5,0,1,200,121,True,False,South,2024-01,0.8744,1
6206,Alex Garcia,Premium,1499,53,0,6,8,1,0,0,500,291,True,True,East,2024-09,0.8041,1
6207,Avery Nguyen,Plus,999,35,7,3,4,4,0,1,200,196,False,False,West,2024-04,0.8798,1
6208,Morgan Smith,Premium,1499,53,5,2,7,0,1,1,500,285,True,False,South,2024-08,0.5515,1
6209,Morgan Martinez,Ultra,2499,42,6,1,1,1,0,0,1000,142,False,False,East,2024-03,0.7588,1
6210,Taylor Lee,Basic,699,27,4,5,3,3,1,1,100,269,True,True,North,2024-02,0.8792,1
6211,Alex Davis,Ultra,2499,6,1,6,7,0,1,0,1000,113,True,False,East,2024-02,0.4797,0
6212,Reese Martinez,Ultra,2499,21,6,5,4,1,0,1,1000,94,False,False,South,2024-05,0.8687,1
6213,Jamie Nguyen,Premium,1499,56,4,2,0,5,1,0,500,157,False,False,East,2024-12,0.8204,1
6214,Taylor Martinez,Plus,999,45,4,2,8,0,0,0,200,129,False,False,South,2024-10,0.7636,1
6215,Alex Patel,Ultra,2499,29,7,7,3,0,0,1,1000,163,False,True,West,2024-05,0.5742,0
6216,Quinn Nguyen,Plus,999,56,7,6,3,0,1,0,200,274,False,True,West,2024-07,0.6549,0
6217,Taylor Khan,Ultra,2499,31,4,6,3,1,0,0,1000,67,False,False,West,2024-08,0.8441,1
6218,Jamie Patel,Ultra,2499,36,0,6,7,0,1,0,1000,125,False,True,South,2024-12,0.4932,0
6219,Jordan Martinez,Plus,999,21,5,6,4,5,0,1,200,201,False,True,North,2024-07,0.9079,1
6220,Casey Johnson,Basic,699,14,2,6,3,0,0,0,100,196,False,False,North,2024-09,0.7651,1
6221,Morgan Khan,Plus,999,39,2,3,1,4,0,0,200,200,True,False,East,2024-06,0.7691,0
6222,Alex Smith,Plus,999,48,5,7,8,3,0,1,200,135,False,False,South,2024-10,0.6187,0
6223,Alex Brown,Basic,699,58,4,7,5,4,0,1,100,120,False,False,North,2024-04,0.9117,1
6224,Riley Martinez,Ultra,2499,47,2,5,4,1,0,0,1000,124,False,False,East,2024-07,0.4258,0
6225,Reese Patel,Basic,699,53,4,1,8,4,0,0,100,202,False,True,North,2024-09,0.5753,0
6226,Alex Khan,Ultra,2499,42,2,4,8,4,0,0,1000,166,False,True,West,2024-11,0.6618,0
6227,Taylor Smith,Plus,999,32,7,3,3,4,1,0,200,218,False,True,West,2024-02,0.8798,1
6228,Jordan Garcia,Basic,699,13,2,5,4,2,0,0,100,150,False,False,West,2024-12,0.7798,1
6229,Morgan Brown,Premium,1499,5,3,6,6,2,0,0,500,241,True,False,North,2024-04,0.6396,1
6230,Jamie Lee,Ultra,2499,15,1,4,7,3,0,0,1000,54,False,False,South,2024-10,0.831,1
6231,Quinn Davis,Premium,1499,4,4,7,7,3,0,0,500,72,False,False,South,2024-09,0.9301,1
6232,Morgan Johnson,Premium,1499,57,6,5,8,5,1,1,500,112,True,False,West,2024-11,0.9385,1
6233,Quinn Nguyen,Basic,699,10,8,1,1,3,0,0,100,198,False,False,North,2024-06,0.7819,1
6234,Avery Garcia,Basic,699,51,2,3,4,1,0,1,100,159,False,False,West,2024-06,0.7433,0
6235,Casey Davis,Premium,1499,2,7,7,3,0,1,1,500,286,False,False,West,2024-11,0.6537,1
6236,Reese Garcia,Basic,699,60,7,1,5,4,0,0,100,283,True,False,East,2024-05,0.8511,1
6237,Avery Khan,Plus,999,60,7,4,6,3,0,1,200,202,False,False,North,2024-06,0.8853,1
6238,Casey Patel,Plus,999,49,4,6,3,0,0,0,200,204,False,True,North,2024-04,0.5564,0
6239,Avery Johnson,Ultra,2499,25,2,6,5,0,1,1,1000,164,False,False,North,2024-04,0.8036,1
6240,Taylor Khan,Ultra,2499,11,2,5,7,1,0,0,1000,217,True,True,South,2024-07,0.8011,0
6241,Reese Johnson,Plus,999,21,1,6,0,5,1,1,200,163,False,False,West,2024-06,0.5374,1
6242,Riley Johnson,Premium,1499,46,8,0,5,3,0,0,500,115,False,False,North,2024-08,0.8555,1
6243,Alex Brown,Plus,999,12,2,3,7,1,0,0,200,105,False,False,South,2024-12,0.4353,0
6244,Casey Martinez,Premium,1499,45,3,2,4,0,1,0,500,200,True,True,West,2024-09,0.8224,0
6245,Casey Patel,Plus,999,31,0,6,5,0,0,0,200,179,False,True,North,2024-09,0.4602,0
6246,Quinn Nguyen,Plus,999,53,1,7,4,5,0,1,200,229,False,False,North,2024-07,0.853,1
6247,Jordan Patel,Premium,1499,33,4,2,6,1,1,0,500,103,False,True,East,2024-06,0.8045,1
6248,Morgan Nguyen,Plus,999,34,8,3,4,3,0,0,200,187,False,False,East,2024-05,0.8427,1
6249,Taylor Lee,Premium,1499,10,5,2,6,0,1,0,500,244,False,False,North,2024-06,0.8351,0
6250,Morgan Smith,Basic,699,28,6,0,3,5,1,0,100,167,True,False,West,2024-04,0.8528,1
6251,Casey Martinez,Plus,999,52,4,2,0,0,0,1,200,215,False,False,East,2024-06,0.6289,1
6252,Reese Johnson,Basic,699,35,7,3,0,5,0,1,100,126,True,False,West,2024-04,0.8446,1
6253,Casey Brown,Basic,699,24,2,2,5,2,1,0,100,170,False,False,West,2024-06,0.8093,1
6254,Alex Martinez,Basic,699,50,4,2,1,0,0,0,100,179,False,False,North,2024-12,0.6667,1
6255,Taylor Johnson,Ultra,2499,14,6,3,8,3,0,0,1000,73,False,False,North,2024-05,0.6863,0
6256,Avery Brown,Ultra,2499,25,4,5,7,0,0,1,1000,125,False,False,North,2024-05,0.826,1
6257,Quinn Brown,Basic,699,24,4,1,2,3,0,0,100,155,False,False,East,2024-07,0.7834,1
6258,Alex Khan,Ultra,2499,57,6,2,3,3,0,0,1000,168,False,True,West,2024-11,0.5869,1
6259,Jamie Johnson,Ultra,2499,27,4,3,5,3,1,0,1000,214,False,False,West,2024-06,0.8953,1
6260,Avery Johnson,Ultra,2499,30,8,7,3,3,0,1,1000,242,False,False,South,2024-04,0.8856,1
6261,Riley Garcia,Plus,999,56,7,7,2,5,1,0,200,180,True,True,West,2024-10,0.9221,1
6262,Reese Davis,Plus,999,28,7,3,6,2,0,1,200,113,False,False,North,2024-11,0.5737,1
6263,Quinn Johnson,Basic,699,1,6,3,2,3,0,0,100,125,False,False,South,2024-04,0.5982,1
6264,Casey Martinez,Basic,699,11,0,5,8,1,0,1,100,105,False,False,South,2024-04,0.7941,1
6265,Reese Patel,Premium,1499,45,3,0,2,5,1,0,500,232,False,False,East,2024-08,0.5133,1
6266,Jamie Patel,Plus,999,2,6,7,5,0,0,1,200,180,False,False,East,2024-11,0.854,1
6267,Avery Brown,Premium,1499,32,6,6,3,4,0,1,500,198,False,False,East,2024-03,0.914,1
6268,Avery Johnson,Plus,999,59,4,2,0,3,1,1,200,130,False,False,North,2024-04,0.4061,0
6269,Morgan Patel,Basic,699,7,5,6,7,3,0,0,100,229,False,False,South,2024-03,0.6789,1
6270,Taylor Davis,Ultra,2499,37,2,0,5,5,1,1,1000,101,False,False,South,2024-09,0.8115,1
6271,Taylor Lee,Premium,1499,14,8,0,0,1,1,0,500,119,False,False,North,2024-04,0.7274,0
6272,Riley Brown,Premium,1499,55,5,0,1,1,0,1,500,157,False,False,East,2024-08,0.3682,0
6273,Quinn Patel,Ultra,2499,41,5,3,1,1,1,1,1000,134,False,False,South,2024-07,0.7749,1
6274,Morgan Patel,Basic,699,41,0,3,1,3,1,1,100,163,True,True,West,2024-12,0.7677,0
6275,Jamie Khan,Ultra,2499,33,1,0,6,2,1,0,1000,157,False,False,North,2024-05,0.7831,1
6276,Alex Martinez,Plus,999,45,3,5,1,0,1,1,200,215,False,False,East,2024-12,0.7009,1
6277,Reese Brown,Premium,1499,14,0,2,2,3,1,1,500,216,False,False,South,2024-11,0.7504,1
6278,Alex Garcia,Plus,999,12,8,5,5,3,0,0,200,149,False,False,West,2024-12,0.8601,1
6279,Jordan Patel,Plus,999,10,2,5,3,2,1,1,200,180,False,True,East,2024-07,0.8233,0
6280,Taylor Martinez,Premium,1499,54,8,6,8,4,1,1,500,101,False,False,West,2024-09,0.7256,1
6281,Casey Nguyen,Ultra,2499,15,0,1,2,5,0,1,1000,173,False,False,West,2024-02,0.732,1
6282,Jordan Khan,Ultra,2499,58,7,2,7,1,0,0,1000,150,False,False,North,2024-11,0.8331,1
6283,Jamie Johnson,Ultra,2499,29,5,1,6,0,0,0,1000,102,False,False,East,2024-04,0.4489,0
6284,Riley Davis,Basic,699,40,3,1,0,3,0,0,100,217,False,False,North,2024-03,0.6958,0
6285,Jamie Patel,Premium,1499,37,7,0,3,1,0,1,500,62,True,False,East,2024-04,0.7907,1
6286,Alex Brown,Basic,699,32,4,0,3,4,1,0,100,105,False,False,South,2024-05,0.5175,0
6287,Casey Martinez,Plus,999,35,0,0,7,1,0,0,200,202,False,False,West,2024-10,0.5917,1
6288,Avery Garcia,Premium,1499,28,4,2,2,3,0,1,500,233,True,False,East,2024-12,0.4733,0
6289,Jordan Khan,Premium,1499,36,6,1,2,3,0,0,500,289,False,False,North,2024-06,0.5182,1
6290,Jamie Johnson,Ultra,2499,51,1,3,5,1,0,1,1000,92,False,False,East,2024-10,0.7045,0
6291,Quinn Khan,Plus,999,37,2,4,0,2,0,1,200,204,False,False,East,2024-07,0.3685,0
6292,Riley Nguyen,Premium,1499,4,7,4,1,0,1,1,500,173,False,True,North,2024-06,0.8701,1
6293,Avery Martinez,Ultra,2499,56,4,3,5,5,0,1,1000,131,True,True,South,2024-10,0.8993,1
6294,Alex Patel,Ultra,2499,60,6,1,0,4,0,1,1000,279,False,False,South,2024-10,0.8177,1
6295,Morgan Nguyen,Premium,1499,51,4,2,1,4,1,0,500,67,False,True,West,2024-03,0.8613,1
6296,Morgan Brown,Ultra,2499,22,6,4,3,3,1,0,1000,98,True,False,East,2024-03,0.9122,1
6297,Avery Khan,Plus,999,46,2,4,1,2,1,0,200,122,False,False,West,2024-03,0.8314,1
6298,Jordan Davis,Plus,999,35,8,5,0,5,0,0,200,282,False,False,North,2024-01,0.8582,1
6299,Alex Khan,Plus,999,6,4,5,0,2,0,0,200,181,False,False,South,2024-03,0.7979,1
6300,Taylor Martinez,Ultra,2499,54,0,2,8,5,0,1,1000,234,False,True,East,2024-07,0.5563,0
6301,Avery Patel,Premium,1499,60,6,2,5,2,0,0,500,267,False,False,West,2024-02,0.8404,0
6302,Morgan Garcia,Ultra,2499,10,4,5,5,2,0,0,1000,154,False,False,South,2024-02,0.844,1
6303,Jamie Garcia,Premium,1499,43,4,0,4,2,1,1,500,240,False,False,West,2024-06,0.7965,1
6304,Quinn Nguyen,Premium,1499,12,2,2,7,0,0,1,500,200,False,False,West,2024-08,0.7539,0
6305,Jordan Martinez,Basic,699,6,0,1,2,1,1,0,100,36,False,True,East,2024-11,0.6892,1
6306,Casey Garcia,Ultra,2499,21,8,1,7,5,1,0,1000,195,False,False,West,2024-10,0.9228,1
6307,Riley Smith,Plus,999,4,3,0,3,2,1,0,200,72,False,True,South,2024-06,0.5408,1
6308,Riley Garcia,Basic,699,43,5,7,6,0,0,0,100,185,False,False,South,2024-12,0.5874,0
6309,Reese Johnson,Premium,1499,7,5,3,3,3,0,1,500,297,True,False,West,2024-04,0.8669,1
6310,Morgan Davis,Plus,999,45,3,5,7,1,0,0,200,208,False,True,East,2024-01,0.8343,1
6311,Avery Garcia,Basic,699,50,2,6,5,4,0,1,100,146,False,False,South,2024-08,0.5977,0
6312,Taylor Martinez,Ultra,2499,13,8,1,7,3,0,0,1000,129,True,False,North,2024-11,0.8714,1
6313,Casey Davis,Plus,999,6,1,1,0,1,1,1,200,20,False,False,East,2024-07,0.6692,1
6314,Casey Garcia,Premium,1499,32,1,3,0,3,0,0,500,171,False,True,South,2024-05,0.725,1
6315,Jordan Garcia,Ultra,2499,48,4,3,1,1,0,0,1000,195,False,True,East,2024-12,0.7241,1
6316,Casey Garcia,Basic,699,51,2,5,2,3,0,1,100,315,False,False,South,2024-03,0.7866,1
6317,Quinn Brown,Premium,1499,47,2,4,5,4,1,1,500,169,True,False,South,2024-04,0.5999,0
6318,Reese Johnson,Plus,999,36,7,3,3,1,0,1,200,181,False,True,East,2024-04,0.8466,1
6319,Morgan Lee,Premium,1499,1,2,3,0,2,1,1,500,252,False,True,South,2024-05,0.8035,1
6320,Morgan Lee,Premium,1499,26,1,0,6,0,0,1,500,218,True,True,West,2024-07,0.6998,1
6321,Casey Smith,Ultra,2499,37,1,0,0,5,0,0,1000,78,True,False,East,2024-12,0.7484,1
6322,Alex Martinez,Basic,699,32,0,6,7,5,1,0,100,163,False,False,North,2024-07,0.8897,0
6323,Taylor Garcia,Premium,1499,21,7,7,5,2,1,0,500,201,False,False,North,2024-11,0.9221,0
6324,Reese Martinez,Premium,1499,27,6,3,6,1,1,1,500,263,False,False,South,2024-01,0.8583,1
6325,Riley Khan,Ultra,2499,5,0,2,7,5,0,1,1000,54,False,False,West,2024-11,0.8696,1
6326,Avery Patel,Premium,1499,19,4,0,1,1,1,0,500,275,False,True,East,2024-10,0.6953,1
6327,Morgan Lee,Basic,699,5,2,3,7,0,0,1,100,285,False,False,North,2024-03,0.7698,1
6328,Riley Garcia,Ultra,2499,9,0,4,3,5,1,0,1000,191,True,False,South,2024-02,0.8735,1
6329,Avery Brown,Plus,999,3,5,0,1,1,0,0,200,274,False,False,South,2024-03,0.4056,0
6330,Jordan Johnson,Ultra,2499,25,1,2,6,1,0,0,1000,213,False,False,West,2024-02,0.7526,0
6331,Jordan Lee,Plus,999,27,7,2,1,2,1,1,200,151,False,False,West,2024-06,0.5054,0
6332,Riley Davis,Ultra,2499,7,8,6,1,5,0,1,1000,116,False,True,West,2024-11,0.7027,1
6333,Jordan Khan,Ultra,2499,56,7,4,4,4,1,1,1000,154,False,False,South,2024-07,0.8942,1
6334,Taylor Lee,Ultra,2499,13,1,1,7,4,0,0,1000,189,False,False,South,2024-05,0.4729,0
6335,Morgan Khan,Ultra,2499,11,6,3,8,0,1,0,1000,215,False,False,North,2024-01,0.8156,1
6336,Quinn Davis,Ultra,2499,51,4,2,4,2,0,1,1000,172,False,False,East,2024-09,0.4949,0
6337,Morgan Nguyen,Premium,1499,4,6,2,7,4,0,0,500,158,False,False,West,2024-05,0.6713,1
6338,Morgan Patel,Premium,1499,46,6,2,2,2,1,1,500,69,False,False,South,2024-03,0.8511,1
6339,Alex Nguyen,Premium,1499,59,0,0,5,0,0,1,500,225,False,False,South,2024-06,0.6351,1
6340,Jordan Nguyen,Ultra,2499,42,4,0,3,2,0,1,1000,252,True,False,South,2024-01,0.4577,0
6341,Quinn Davis,Ultra,2499,54,2,6,3,4,0,1,1000,213,False,False,East,2024-09,0.585,1
6342,Avery Patel,Premium,1499,18,1,3,5,1,1,0,500,228,False,False,North,2024-01,0.7218,1
6343,Jordan Garcia,Basic,699,47,7,6,5,3,1,0,100,117,True,False,South,2024-02,0.9339,1
6344,Quinn Brown,Ultra,2499,42,0,7,8,5,0,0,1000,20,False,False,East,2024-05,0.8742,1
6345,Avery Khan,Ultra,2499,25,7,5,0,5,1,0,1000,262,False,False,East,2024-05,0.8944,1
6346,Avery Nguyen,Ultra,2499,27,4,4,4,0,0,1,1000,151,True,True,East,2024-02,0.8205,1
6347,Morgan Davis,Ultra,2499,44,6,7,3,5,1,0,1000,155,False,True,East,2024-07,0.9305,1
6348,Jamie Smith,Basic,699,33,2,4,5,5,0,1,100,132,False,False,West,2024-06,0.6239,1
6349,Reese Brown,Ultra,2499,57,6,7,3,0,1,1,1000,279,False,False,North,2024-05,0.5915,0
6350,Avery Lee,Plus,999,5,7,5,4,1,0,1,200,82,False,False,North,2024-12,0.8496,1
6351,Reese Martinez,Plus,999,33,4,5,3,5,0,0,200,167,False,False,North,2024-08,0.8804,1
6352,Quinn Lee,Basic,699,45,3,2,8,0,0,1,100,109,True,False,North,2024-06,0.7397,1
6353,Riley Garcia,Basic,699,55,8,1,8,0,1,1,100,215,False,False,East,2024-11,0.8307,1
6354,Alex Garcia,Premium,1499,38,7,4,3,1,0,1,500,136,False,False,North,2024-11,0.799,0
6355,Taylor Patel,Premium,1499,60,8,6,4,0,0,0,500,409,False,False,South,2024-01,0.8627,1
6356,Taylor Garcia,Premium,1499,34,7,2,8,3,1,0,500,161,False,False,South,2024-12,0.8985,0
6357,Alex Davis,Plus,999,41,1,4,1,5,0,1,200,171,True,False,North,2024-10,0.8249,1
6358,Riley Lee,Premium,1499,20,1,7,3,1,0,1,500,191,False,False,South,2024-09,0.7674,1
6359,Morgan Brown,Premium,1499,27,5,1,7,1,1,0,500,172,False,False,West,2024-02,0.7913,0
6360,Reese Khan,Premium,1499,11,0,5,8,2,1,0,500,315,False,False,North,2024-11,0.7939,1
6361,Reese Brown,Premium,1499,14,0,0,5,5,0,1,500,84,False,True,South,2024-06,0.4621,0
6362,Morgan Brown,Premium,1499,40,2,5,7,4,1,1,500,112,False,False,South,2024-09,0.881,1
6363,Casey Nguyen,Plus,999,48,2,2,5,3,0,1,200,228,False,False,West,2024-08,0.8037,1
6364,Jamie Johnson,Basic,699,16,1,7,2,0,0,1,100,237,True,False,East,2024-03,0.3903,0
6365,Casey Johnson,Basic,699,44,7,6,0,0,0,1,100,183,True,False,South,2024-10,0.5253,0
6366,Avery Nguyen,Ultra,2499,49,2,6,0,4,1,1,1000,56,False,False,South,2024-11,0.86,0
6367,Reese Khan,Premium,1499,41,5,4,5,1,1,1,500,77,False,False,South,2024-05,0.6848,1
6368,Avery Martinez,Basic,699,60,5,2,1,1,0,0,100,151,False,False,West,2024-01,0.7295,1
6369,Morgan Nguyen,Basic,699,46,4,6,8,5,0,0,100,126,False,False,West,2024-06,0.8971,1
6370,Jamie Nguyen,Premium,1499,42,5,4,0,5,1,0,500,339,False,False,South,2024-05,0.8881,1
6371,Alex Martinez,Premium,1499,2,2,0,0,2,0,1,500,71,False,False,South,2024-07,0.7419,1
6372,Reese Nguyen,Ultra,2499,8,3,4,7,3,0,1,1000,263,False,True,South,2024-09,0.8615,1
6373,Avery Johnson,Premium,1499,8,8,2,4,2,0,0,500,201,False,False,South,2024-03,0.8317,1
6374,Morgan Nguyen,Premium,1499,47,4,2,2,1,0,0,500,318,False,True,East,2024-02,0.4111,0
6375,Casey Johnson,Ultra,2499,52,0,7,0,0,0,0,1000,190,True,False,South,2024-08,0.6761,1
6376,Reese Garcia,Plus,999,47,2,4,1,4,0,0,200,79,False,False,West,2024-11,0.8467,0
6377,Morgan Martinez,Premium,1499,9,3,5,8,4,0,0,500,97,False,False,South,2024-02,0.6486,1
6378,Jamie Smith,Ultra,2499,51,0,1,7,3,0,0,1000,58,False,True,East,2024-10,0.7721,0
6379,Taylor Patel,Plus,999,14,7,2,7,2,1,0,200,209,False,True,West,2024-03,0.8589,1
6380,Jamie Martinez,Premium,1499,41,7,6,3,1,0,0,500,221,False,True,North,2024-06,0.6082,1
6381,Casey Brown,Premium,1499,9,7,7,8,4,1,1,500,261,True,True,West,2024-04,0.9545,1
6382,Morgan Garcia,Premium,1499,54,1,6,7,4,1,0,500,138,False,False,North,2024-10,0.881,1
6383,Taylor Smith,Premium,1499,2,8,0,6,1,1,0,500,192,False,False,North,2024-03,0.8536,1
6384,Jordan Smith,Plus,999,13,4,2,3,1,0,0,200,181,True,False,West,2024-11,0.4523,0
6385,Taylor Nguyen,Ultra,2499,36,2,1,3,1,1,0,1000,162,False,False,South,2024-07,0.7246,1
6386,Riley Davis,Plus,999,31,0,0,6,3,0,1,200,270,False,False,South,2024-05,0.4006,0
6387,Quinn Martinez,Plus,999,59,4,6,2,5,0,1,200,229,False,False,South,2024-08,0.8858,0
6388,Avery Brown,Ultra,2499,8,4,3,6,2,0,0,1000,169,False,False,North,2024-04,0.5666,1
6389,Quinn Davis,Premium,1499,28,5,6,5,4,1,0,500,104,False,False,West,2024-10,0.765,0
6390,Casey Garcia,Premium,1499,23,6,1,2,5,0,0,500,20,False,False,North,2024-11,0.8638,1
6391,Jamie Khan,Ultra,2499,4,1,3,6,1,1,0,1000,259,True,False,West,2024-06,0.7834,1
6392,Taylor Garcia,Plus,999,36,0,7,5,1,1,1,200,207,False,False,North,2024-11,0.7664,1
6393,Riley Patel,Plus,999,15,8,5,1,3,1,0,200,154,False,False,South,2024-05,0.6484,1
6394,Jamie Brown,Basic,699,56,7,7,5,5,0,1,100,193,False,False,West,2024-10,0.8923,1
6395,Reese Khan,Premium,1499,24,3,0,5,1,1,1,500,111,True,True,North,2024-01,0.817,1
6396,Avery Brown,Premium,1499,45,3,2,8,5,0,1,500,211,False,False,East,2024-05,0.8892,1
6397,Morgan Davis,Basic,699,50,5,7,0,2,0,1,100,297,True,False,South,2024-05,0.8247,1
6398,Jamie Brown,Plus,999,13,1,2,0,2,0,1,200,355,False,False,East,2024-01,0.6465,1
6399,Casey Smith,Basic,699,40,4,3,4,3,1,1,100,112,False,False,West,2024-09,0.5436,1
6400,Avery Nguyen,Premium,1499,21,8,3,1,5,1,0,500,22,False,False,West,2024-02,0.7253,1
6401,Avery Johnson,Plus,999,38,5,4,8,5,0,1,200,291,False,False,South,2024-10,0.8837,1
6402,Reese Lee,Plus,999,47,7,3,2,5,1,1,200,164,False,False,East,2024-02,0.8854,1
6403,Riley Garcia,Ultra,2499,11,3,1,3,4,1,1,1000,112,False,True,North,2024-11,0.4892,0
6404,Jamie Patel,Ultra,2499,42,0,1,6,2,1,0,1000,165,False,False,South,2024-06,0.4114,0
6405,Avery Garcia,Basic,699,15,3,4,3,5,1,1,100,152,False,False,East,2024-05,0.868,1
6406,Alex Smith,Ultra,2499,29,6,7,5,1,0,0,1000,280,False,False,East,2024-11,0.8693,1
6407,Morgan Patel,Plus,999,26,4,4,0,4,1,0,200,191,True,False,West,2024-08,0.6033,1
6408,Jamie Nguyen,Premium,1499,45,4,6,5,4,1,1,500,218,False,False,West,2024-07,0.8982,0
6409,Quinn Martinez,Plus,999,38,8,6,3,1,1,0,200,186,False,False,South,2024-10,0.8735,1
6410,Jamie Lee,Plus,999,33,0,4,1,3,0,1,200,101,False,False,West,2024-01,0.7483,1
6411,Jordan Brown,Ultra,2499,48,7,5,8,2,0,0,1000,280,False,False,East,2024-04,0.8756,1
6412,Quinn Martinez,Basic,699,41,7,2,2,1,0,0,100,193,False,False,West,2024-09,0.4791,0
6413,Avery Smith,Premium,1499,14,7,3,8,5,0,1,500,141,False,False,South,2024-04,0.9131,0
6414,Reese Martinez,Basic,699,25,4,6,6,5,1,0,100,191,False,False,South,2024-10,0.8993,1
6415,Alex Khan,Plus,999,40,2,2,4,1,0,0,200,212,False,False,North,2024-02,0.6759,1
6416,Jamie Davis,Basic,699,19,8,1,8,0,0,0,100,245,False,False,North,2024-06,0.7684,1
6417,Alex Smith,Basic,699,18,0,4,1,5,1,0,100,168,False,False,North,2024-05,0.5339,1
6418,Morgan Brown,Premium,1499,59,2,6,5,2,1,0,500,214,False,False,West,2024-09,0.8303,0
6419,Morgan Khan,Premium,1499,34,0,6,6,1,0,1,500,108,False,False,East,2024-06,0.4527,0
6420,Quinn Johnson,Ultra,2499,43,4,7,8,4,0,0,1000,207,False,False,North,2024-08,0.905,1
6421,Jordan Johnson,Basic,699,8,0,5,0,3,0,1,100,120,False,False,West,2024-07,0.3486,0
6422,Jordan Lee,Basic,699,43,8,6,4,5,0,1,100,199,False,True,West,2024-08,0.9178,1
6423,Reese Garcia,Basic,699,1,6,1,2,5,1,0,100,331,False,False,North,2024-06,0.8739,1
6424,Riley Nguyen,Plus,999,5,4,5,1,2,1,1,200,306,False,False,West,2024-01,0.8091,1
6425,Morgan Smith,Ultra,2499,29,1,1,8,4,0,1,1000,69,False,False,East,2024-02,0.468,0
6426,Jordan Brown,Plus,999,1,6,1,4,5,0,1,200,263,False,True,North,2024-05,0.9116,1
6427,Quinn Johnson,Basic,699,11,0,2,1,5,0,0,100,125,False,False,South,2024-12,0.3801,0
6428,Reese Garcia,Plus,999,44,5,5,7,5,1,1,200,98,False,False,West,2024-03,0.8964,1
6429,Morgan Johnson,Plus,999,60,5,2,1,5,0,0,200,230,False,False,West,2024-10,0.8339,1
6430,Jordan Martinez,Ultra,2499,24,4,0,8,0,0,1,1000,180,False,False,East,2024-03,0.6964,1
6431,Jordan Nguyen,Ultra,2499,47,0,5,3,4,0,0,1000,294,False,False,East,2024-09,0.7866,0
6432,Alex Brown,Ultra,2499,44,5,6,5,3,1,1,1000,217,False,True,North,2024-12,0.894,1
6433,Avery Johnson,Plus,999,30,3,1,6,3,1,1,200,166,False,True,East,2024-12,0.8394,0
6434,Casey Smith,Plus,999,59,5,1,0,2,0,0,200,202,True,False,East,2024-06,0.7546,1
6435,Casey Davis,Ultra,2499,19,8,7,3,5,0,0,1000,214,False,False,East,2024-11,0.8976,1
6436,Alex Martinez,Ultra,2499,39,5,5,3,5,1,0,1000,193,False,False,South,2024-02,0.9078,1
6437,Riley Patel,Ultra,2499,43,0,1,2,2,0,0,1000,196,False,True,West,2024-08,0.3387,0
6438,Jamie Patel,Premium,1499,5,6,4,0,3,0,1,500,90,False,True,West,2024-04,0.8392,1
6439,Morgan Garcia,Ultra,2499,10,8,3,6,0,0,1,1000,25,False,True,West,2024-09,0.8735,0
6440,Avery Khan,Premium,1499,6,3,7,5,5,0,1,500,237,True,False,South,2024-07,0.7343,1
6441,Reese Smith,Plus,999,43,0,6,3,1,0,1,200,201,False,False,West,2024-10,0.323,0
6442,Riley Patel,Basic,699,44,7,1,2,0,0,0,100,108,False,False,West,2024-02,0.7322,0
6443,Riley Lee,Plus,999,38,7,1,5,1,1,1,200,189,True,True,North,2024-12,0.8451,1
6444,Alex Patel,Ultra,2499,41,1,3,4,4,1,1,1000,205,True,False,East,2024-08,0.8391,1
6445,Jamie Patel,Basic,699,55,7,4,4,4,0,1,100,188,True,True,East,2024-08,0.8932,1
6446,Reese Garcia,Premium,1499,30,4,1,7,4,0,0,500,248,False,False,East,2024-05,0.5586,1
6447,Casey Smith,Plus,999,27,1,0,5,1,1,0,200,86,False,False,North,2024-01,0.6669,1
6448,Jordan Martinez,Premium,1499,54,1,4,6,2,0,1,500,155,False,False,West,2024-04,0.5272,1
6449,Jordan Davis,Basic,699,15,0,6,1,1,0,0,100,177,False,True,East,2024-03,0.3757,0
6450,Avery Smith,Ultra,2499,28,0,0,5,5,1,1,1000,92,False,False,East,2024-06,0.8097,1
6451,Riley Nguyen,Basic,699,14,6,6,8,2,0,1,100,134,False,False,South,2024-09,0.8875,1
6452,Quinn Smith,Basic,699,57,8,7,8,3,0,0,100,283,True,True,West,2024-09,0.9253,1
6453,Taylor Johnson,Basic,699,3,6,2,6,0,0,1,100,66,True,True,South,2024-11,0.8299,1
6454,Morgan Garcia,Plus,999,19,8,7,2,2,1,0,200,175,False,False,South,2024-01,0.5813,0
6455,Jamie Garcia,Premium,1499,20,1,3,3,4,1,0,500,225,False,False,West,2024-01,0.5141,1
6456,Avery Johnson,Premium,1499,57,7,5,1,2,0,1,500,191,False,False,South,2024-08,0.8255,1
6457,Riley Garcia,Ultra,2499,30,3,3,0,3,1,1,1000,301,False,False,South,2024-02,0.5833,1
6458,Casey Davis,Ultra,2499,20,0,3,2,2,1,0,1000,160,False,True,North,2024-08,0.4312,0
6459,Reese Johnson,Basic,699,29,4,1,8,3,1,0,100,186,False,False,East,2024-09,0.8308,1
6460,Riley Garcia,Basic,699,8,0,4,7,2,1,1,100,121,False,False,South,2024-01,0.7645,1
6461,Riley Lee,Basic,699,3,6,5,8,1,1,0,100,100,False,False,South,2024-09,0.6793,1
6462,Morgan Brown,Premium,1499,52,5,1,2,5,0,1,500,143,False,False,West,2024-01,0.7779,1
6463,Taylor Patel,Ultra,2499,29,4,4,8,2,1,0,1000,211,False,False,West,2024-11,0.614,0
6464,Jordan Nguyen,Premium,1499,29,0,4,2,3,1,1,500,274,False,False,South,2024-08,0.7801,1
6465,Avery Patel,Basic,699,25,8,1,3,4,0,0,100,76,False,False,East,2024-07,0.7999,1
6466,Avery Garcia,Ultra,2499,46,1,2,0,4,0,0,1000,129,False,True,North,2024-03,0.7244,1
6467,Riley Garcia,Plus,999,16,4,5,3,3,0,0,200,246,False,False,West,2024-07,0.8374,1
6468,Jordan Johnson,Premium,1499,49,7,1,2,2,0,0,500,259,False,True,North,2024-10,0.4604,0
6469,Taylor Martinez,Premium,1499,13,7,7,5,2,1,0,500,247,False,False,West,2024-02,0.912,1
6470,Reese Davis,Plus,999,37,6,7,7,2,1,0,200,38,False,False,East,2024-05,0.7555,1
6471,Jordan Brown,Basic,699,36,1,6,2,0,1,0,100,186,False,False,South,2024-04,0.7482,1
6472,Casey Johnson,Basic,699,47,0,4,6,4,1,0,100,119,False,False,West,2024-02,0.5942,1
6473,Avery Lee,Ultra,2499,5,5,5,5,3,1,0,1000,96,False,False,West,2024-08,0.9149,1
6474,Riley Johnson,Ultra,2499,4,5,7,2,1,1,1,1000,237,False,False,South,2024-01,0.8473,1
6475,Quinn Martinez,Ultra,2499,6,4,6,2,1,1,0,1000,318,True,False,South,2024-11,0.8538,1
6476,Casey Khan,Premium,1499,51,5,1,5,5,0,1,500,225,False,False,South,2024-02,0.839,1
6477,Jamie Brown,Plus,999,16,5,5,1,1,1,0,200,328,True,False,South,2024-04,0.8032,1
6478,Quinn Lee,Basic,699,15,8,0,7,4,1,1,100,251,True,False,East,2024-04,0.8677,1
6479,Riley Davis,Plus,999,33,3,6,6,2,1,0,200,136,False,False,West,2024-04,0.8796,0
6480,Jordan Khan,Premium,1499,14,3,5,5,5,1,1,500,251,True,True,East,2024-05,0.902,1
6481,Reese Davis,Plus,999,9,5,0,3,5,1,0,200,256,False,True,West,2024-03,0.6334,1
6482,Morgan Nguyen,Premium,1499,25,1,7,5,3,1,0,500,114,True,False,West,2024-03,0.6748,0
6483,Morgan Khan,Ultra,2499,52,0,6,6,0,0,1,1000,78,False,False,East,2024-05,0.7625,1
6484,Reese Brown,Basic,699,49,5,3,0,5,0,1,100,213,False,False,West,2024-03,0.518,1
6485,Riley Patel,Premium,1499,43,8,3,0,5,1,0,500,198,False,False,South,2024-01,0.8793,0
6486,Alex Khan,Ultra,2499,43,8,1,5,4,0,0,1000,166,False,False,West,2024-08,0.8792,1
6487,Jamie Lee,Premium,1499,26,4,1,5,3,1,0,500,164,False,False,North,2024-07,0.8409,1
6488,Jamie Patel,Plus,999,22,3,6,1,0,0,1,200,260,False,False,West,2024-05,0.7611,0
6489,Casey Lee,Plus,999,56,0,0,5,1,0,0,200,235,False,False,North,2024-08,0.5909,0
6490,Quinn Lee,Basic,699,19,7,6,5,5,0,0,100,216,False,False,South,2024-09,0.7085,1
6491,Taylor Khan,Ultra,2499,44,0,4,7,0,1,1,1000,90,False,False,North,2024-05,0.7501,0
6492,Taylor Patel,Ultra,2499,40,5,5,3,5,1,0,1000,116,True,False,East,2024-04,0.7519,0
6493,Alex Davis,Basic,699,47,4,0,1,4,1,0,100,237,False,False,East,2024-03,0.3976,0
6494,Jamie Brown,Ultra,2499,2,5,3,6,5,0,1,1000,122,False,False,East,2024-05,0.8881,1
6495,Quinn Smith,Ultra,2499,8,2,6,3,2,0,1,1000,147,False,True,South,2024-08,0.5593,1
6496,Jordan Lee,Ultra,2499,26,3,1,8,4,0,0,1000,163,True,False,East,2024-01,0.5527,1
6497,Morgan Garcia,Plus,999,45,5,0,3,0,0,1,200,271,False,False,West,2024-05,0.6211,1
6498,Avery Brown,Plus,999,22,8,0,4,5,1,1,200,266,False,True,West,2024-09,0.6244,0
6499,Jordan Garcia,Basic,699,17,5,1,7,2,0,1,100,174,False,False,South,2024-06,0.7991,0
6500,Alex Khan,Premium,1499,47,0,1,0,4,1,1,500,288,False,False,North,2024-04,0.6694,1
6501,Quinn Patel,Basic,699,44,7,4,3,3,1,1,100,180,False,True,West,2024-04,0.6702,1
6502,Morgan Garcia,Plus,999,22,0,2,2,3,1,1,200,67,True,False,South,2024-07,0.7334,1
6503,Morgan Smith,Plus,999,54,2,4,3,0,1,1,200,169,False,False,East,2024-11,0.7103,1
6504,Quinn Garcia,Plus,999,47,0,7,1,0,1,0,200,122,False,False,South,2024-09,0.6851,1
6505,Riley Johnson,Premium,1499,39,0,6,1,4,0,0,500,225,False,True,East,2024-03,0.7972,1
6506,Jordan Martinez,Premium,1499,5,7,3,1,2,0,0,500,255,False,False,West,2024-09,0.5026,1
6507,Avery Martinez,Premium,1499,23,2,4,3,2,1,0,500,92,False,True,West,2024-09,0.5936,1
6508,Alex Garcia,Plus,999,35,7,7,0,0,1,0,200,133,False,False,South,2024-02,0.7813,1
6509,Alex Khan,Premium,1499,53,6,5,4,3,0,1,500,58,False,False,South,2024-04,0.7112,0
6510,Taylor Johnson,Ultra,2499,8,1,0,2,1,1,0,1000,156,False,False,East,2024-02,0.3126,0
6511,Avery Garcia,Ultra,2499,42,1,7,3,1,1,1,1000,168,False,True,North,2024-11,0.8295,0
6512,Jamie Martinez,Ultra,2499,42,3,4,3,3,1,1,1000,167,True,False,South,2024-08,0.893,1
6513,Alex Lee,Ultra,2499,19,0,6,2,0,1,0,1000,189,False,False,South,2024-12,0.7594,1
6514,Jamie Martinez,Ultra,2499,37,5,4,5,3,0,1,1000,236,False,False,East,2024-03,0.8693,1
6515,Taylor Johnson,Plus,999,57,7,3,0,3,0,0,200,138,False,False,East,2024-04,0.5224,1
6516,Avery Nguyen,Plus,999,19,6,0,7,0,1,0,200,215,False,False,North,2024-03,0.4661,0
6517,Taylor Nguyen,Basic,699,21,5,3,8,1,0,1,100,191,True,True,North,2024-09,0.6284,0
6518,Jordan Khan,Ultra,2499,50,7,6,4,2,0,0,1000,324,True,False,South,2024-04,0.9045,0
6519,Avery Khan,Basic,699,15,5,4,8,0,1,0,100,310,False,False,South,2024-02,0.8228,1
6520,Jordan Nguyen,Ultra,2499,2,1,5,0,0,1,0,1000,229,False,False,West,2024-10,0.438,0
6521,Jordan Garcia,Plus,999,45,7,0,4,1,0,1,200,117,False,False,North,2024-04,0.4273,0
6522,Jamie Khan,Basic,699,40,3,7,8,4,0,0,100,301,False,False,West,2024-06,0.8646,1
6523,Casey Davis,Plus,999,38,3,1,2,5,0,1,200,86,False,False,South,2024-10,0.8248,0
6524,Casey Patel,Ultra,2499,19,7,1,4,5,1,1,1000,263,False,False,South,2024-04,0.8942,1
6525,Taylor Davis,Basic,699,32,4,3,4,1,0,1,100,176,False,False,East,2024-09,0.7639,1
6526,Taylor Lee,Plus,999,7,2,2,8,3,0,1,200,199,True,True,North,2024-11,0.6052,0
6527,Jamie Johnson,Ultra,2499,16,4,4,3,0,0,0,1000,196,False,False,North,2024-10,0.5312,0
6528,Casey Smith,Basic,699,57,6,2,8,3,0,0,100,117,False,False,South,2024-06,0.8602,0
6529,Casey Martinez,Basic,699,18,2,6,1,5,1,0,100,153,False,False,West,2024-12,0.833,0
6530,Morgan Khan,Plus,999,26,3,3,3,0,0,0,200,169,False,False,East,2024-07,0.7236,0
6531,Avery Garcia,Plus,999,50,2,2,0,5,0,1,200,216,False,False,West,2024-08,0.8124,0
6532,Taylor Smith,Ultra,2499,3,3,2,1,2,1,1,1000,212,False,False,West,2024-10,0.5131,1
6533,Alex Khan,Ultra,2499,11,0,4,3,4,0,1,1000,184,True,True,East,2024-06,0.8559,1
6534,Taylor Martinez,Ultra,2499,10,0,0,8,0,1,0,1000,347,False,False,East,2024-06,0.6878,1
6535,Casey Johnson,Premium,1499,12,3,1,5,4,0,0,500,110,True,False,East,2024-10,0.8231,1
6536,Alex Khan,Basic,699,27,0,1,0,3,1,1,100,199,False,False,East,2024-05,0.6767,1
6537,Casey Khan,Premium,1499,26,1,5,7,1,0,1,500,228,False,False,East,2024-01,0.8004,1
6538,Alex Martinez,Ultra,2499,21,4,3,8,4,1,0,1000,180,False,True,South,2024-04,0.658,1
6539,Quinn Smith,Plus,999,31,6,1,5,0,1,0,200,208,False,True,North,2024-08,0.8517,1
6540,Quinn Johnson,Basic,699,42,7,2,7,1,1,1,100,251,False,True,North,2024-12,0.8665,1
6541,Jamie Patel,Basic,699,22,0,3,0,4,0,0,100,252,False,False,South,2024-09,0.3553,0
6542,Jamie Brown,Basic,699,2,2,7,3,5,1,0,100,144,False,False,South,2024-06,0.8719,0
6543,Jamie Smith,Premium,1499,44,1,4,3,3,0,1,500,171,False,False,East,2024-12,0.4493,0
6544,Reese Patel,Plus,999,53,8,2,8,5,1,0,200,264,False,True,West,2024-05,0.9071,1
6545,Casey Khan,Ultra,2499,46,0,6,7,4,0,1,1000,123,False,True,South,2024-10,0.892,1
6546,Alex Khan,Basic,699,12,2,3,7,1,0,0,100,148,True,False,West,2024-06,0.4758,0
6547,Jordan Johnson,Basic,699,9,6,6,0,3,0,0,100,211,False,True,North,2024-03,0.8415,0
6548,Casey Martinez,Basic,699,55,4,0,1,4,0,1,100,266,False,True,South,2024-10,0.7884,1
6549,Jamie Smith,Plus,999,56,4,3,4,3,0,0,200,289,False,False,South,2024-10,0.805,1
6550,Jordan Brown,Ultra,2499,48,4,6,8,0,1,0,1000,186,True,False,South,2024-08,0.8717,1
6551,Taylor Brown,Basic,699,26,2,4,7,0,0,0,100,198,False,True,South,2024-06,0.7314,1
6552,Jamie Davis,Premium,1499,49,3,7,6,5,0,0,500,187,False,True,East,2024-11,0.8915,1
6553,Quinn Johnson,Basic,699,32,6,5,4,5,1,0,100,205,False,False,South,2024-04,0.6617,1
6554,Jamie Brown,Premium,1499,30,0,2,6,0,0,1,500,50,False,False,West,2024-05,0.3972,0
6555,Quinn Johnson,Ultra,2499,36,0,5,4,5,1,0,1000,141,False,False,North,2024-06,0.5503,1
6556,Casey Khan,Plus,999,31,7,2,5,1,0,0,200,268,False,False,West,2024-09,0.8189,1
6557,Quinn Brown,Plus,999,38,0,6,4,5,0,0,200,241,False,True,South,2024-06,0.8449,1
6558,Morgan Nguyen,Basic,699,43,0,3,5,1,0,1,100,367,False,False,West,2024-09,0.679,0
6559,Casey Martinez,Premium,1499,6,6,6,0,3,1,0,500,302,False,False,West,2024-04,0.8766,1
6560,Riley Khan,Ultra,2499,29,1,7,1,5,0,0,1000,64,True,False,South,2024-03,0.8667,1
6561,Quinn Garcia,Plus,999,11,7,6,7,1,0,0,200,202,False,True,North,2024-08,0.8679,1
6562,Casey Davis,Basic,699,37,5,5,7,3,1,1,100,115,False,False,West,2024-02,0.8953,1
6563,Riley Patel,Plus,999,56,1,0,8,1,0,0,200,204,False,False,North,2024-01,0.5913,1
6564,Casey Davis,Plus,999,28,1,6,2,1,0,1,200,253,False,True,South,2024-07,0.4124,0
6565,Alex Lee,Premium,1499,14,4,3,2,4,1,0,500,86,False,False,West,2024-01,0.6157,1
6566,Jordan Johnson,Basic,699,26,6,0,7,1,1,1,100,178,False,True,South,2024-07,0.8548,1
6567,Reese Lee,Premium,1499,2,7,6,5,3,1,0,500,210,False,False,West,2024-06,0.7446,1
6568,Avery Patel,Plus,999,11,4,1,4,5,0,0,200,169,False,False,East,2024-04,0.8419,1
6569,Riley Patel,Premium,1499,47,4,4,1,4,0,1,500,151,False,False,East,2024-01,0.8134,1
6570,Morgan Martinez,Basic,699,51,6,5,8,3,0,0,100,222,False,False,South,2024-08,0.8907,1
6571,Casey Nguyen,Basic,699,31,6,6,7,1,0,0,100,182,False,True,East,2024-03,0.9006,1
6572,Quinn Johnson,Basic,699,26,3,7,0,2,0,1,100,172,False,True,South,2024-06,0.4856,0
6573,Quinn Lee,Ultra,2499,55,1,4,2,2,1,1,1000,138,True,False,East,2024-06,0.7981,1
6574,Alex Martinez,Plus,999,13,8,7,6,2,1,1,200,204,False,False,South,2024-05,0.7241,1
6575,Alex Patel,Plus,999,38,3,6,6,0,1,1,200,139,False,True,South,2024-10,0.5551,1
6576,Quinn Davis,Ultra,2499,48,1,6,2,3,1,1,1000,235,False,True,North,2024-06,0.8413,1
6577,Jamie Garcia,Premium,1499,42,8,4,2,4,1,0,500,116,False,False,West,2024-03,0.906,1
6578,Morgan Martinez,Plus,999,13,8,0,5,0,0,0,200,61,False,False,East,2024-09,0.7921,1
6579,Alex Johnson,Ultra,2499,33,3,5,1,0,0,0,1000,91,False,False,South,2024-08,0.7863,1
6580,Reese Smith,Plus,999,33,8,5,6,4,1,0,200,71,False,False,South,2024-06,0.936,1
6581,Reese Davis,Plus,999,31,7,2,3,3,0,0,200,174,False,False,East,2024-03,0.5312,1
6582,Morgan Smith,Plus,999,47,7,6,8,2,1,0,200,192,True,False,North,2024-07,0.9202,1
6583,Alex Garcia,Plus,999,40,6,3,1,5,1,1,200,116,False,False,East,2024-03,0.8615,1
6584,Reese Khan,Ultra,2499,20,6,5,3,5,0,0,1000,225,False,True,East,2024-11,0.6646,0
6585,Avery Smith,Ultra,2499,46,5,1,5,1,1,1,1000,139,False,False,East,2024-03,0.8728,1
6586,Jordan Martinez,Basic,699,27,7,3,8,0,1,1,100,112,False,False,West,2024-09,0.8608,1
6587,Alex Lee,Plus,999,45,8,4,4,0,0,0,200,138,True,True,East,2024-10,0.5833,1
6588,Morgan Johnson,Basic,699,48,6,1,8,4,1,0,100,225,True,False,East,2024-11,0.7108,1
6589,Quinn Smith,Ultra,2499,38,8,3,2,4,0,1,1000,165,False,True,West,2024-11,0.9019,1
6590,Jamie Nguyen,Premium,1499,37,3,2,8,5,0,0,500,138,False,False,East,2024-05,0.8647,1
6591,Casey Garcia,Premium,1499,35,3,5,4,0,0,0,500,197,True,False,West,2024-10,0.7706,0
6592,Morgan Khan,Basic,699,16,0,1,4,2,1,1,100,159,True,True,West,2024-09,0.7492,1
6593,Jordan Patel,Ultra,2499,26,1,4,4,5,0,1,1000,149,False,True,South,2024-01,0.6651,0
6594,Reese Martinez,Premium,1499,46,7,1,6,4,1,0,500,121,False,True,East,2024-07,0.9143,1
6595,Taylor Brown,Premium,1499,29,5,6,2,0,1,1,500,239,False,False,West,2024-06,0.8303,1
6596,Avery Garcia,Premium,1499,36,5,2,7,3,0,0,500,119,True,False,West,2024-07,0.595,1
6597,Morgan Nguyen,Premium,1499,43,5,1,3,1,1,0,500,143,True,False,North,2024-06,0.4408,0
6598,Avery Patel,Ultra,2499,54,7,7,4,5,1,1,1000,109,False,False,West,2024-04,0.9127,1
6599,Taylor Smith,Basic,699,13,2,0,6,3,0,0,100,274,False,False,West,2024-11,0.7743,1
6600,Jamie Martinez,Basic,699,20,4,2,4,0,1,1,100,235,False,False,North,2024-08,0.4597,0
6601,Riley Martinez,Premium,1499,22,3,4,5,3,1,1,500,191,False,False,East,2024-09,0.6523,1
6602,Jamie Patel,Plus,999,17,8,4,3,1,0,0,200,137,False,False,North,2024-01,0.529,1
6603,Morgan Nguyen,Plus,999,36,7,6,1,5,1,1,200,232,False,True,South,2024-01,0.8958,1
6604,Jordan Brown,Premium,1499,43,3,4,1,0,0,1,500,396,False,False,East,2024-12,0.7159,1
6605,Riley Johnson,Premium,1499,14,0,7,3,0,0,0,500,189,True,False,North,2024-01,0.7736,1
6606,Alex Khan,Premium,1499,24,5,0,4,2,1,0,500,244,True,False,South,2024-07,0.8257,0
6607,Taylor Johnson,Premium,1499,16,8,0,2,4,0,0,500,189,False,True,North,2024-03,0.4986,0
6608,Avery Martinez,Premium,1499,46,0,1,1,3,1,0,500,141,False,False,West,2024-10,0.7125,1
6609,Alex Patel,Basic,699,51,5,5,5,0,1,1,100,211,True,False,North,2024-09,0.8758,1
6610,Quinn Lee,Basic,699,8,7,6,2,0,0,1,100,171,True,False,North,2024-10,0.8056,0
6611,Reese Davis,Plus,999,22,4,6,3,0,1,1,200,253,False,False,East,2024-04,0.8436,1
6612,Taylor Nguyen,Plus,999,22,5,4,5,4,1,0,200,242,False,False,South,2024-02,0.8895,1
6613,Taylor Brown,Premium,1499,2,2,7,5,3,0,1,500,253,False,False,West,2024-06,0.9156,1
6614,Avery Nguyen,Ultra,2499,25,8,6,7,3,0,0,1000,188,False,False,West,2024-10,0.8912,1
6615,Morgan Patel,Premium,1499,28,8,7,4,5,0,0,500,138,True,False,South,2024-01,0.933,1
6616,Casey Johnson,Basic,699,10,1,5,5,0,0,0,100,67,False,False,South,2024-03,0.7587,0
6617,Avery Johnson,Premium,1499,5,8,7,4,1,1,0,500,206,False,False,North,2024-07,0.9122,1
6618,Reese Johnson,Premium,1499,16,4,5,7,4,1,0,500,271,False,True,East,2024-08,0.9227,1
6619,Quinn Garcia,Plus,999,41,7,7,2,0,0,1,200,28,False,False,South,2024-06,0.8479,1
6620,Morgan Lee,Basic,699,26,6,6,1,1,0,1,100,229,False,True,North,2024-10,0.8427,1
6621,Jamie Martinez,Ultra,2499,50,2,1,2,4,1,0,1000,58,False,True,South,2024-10,0.7979,1
6622,Jamie Garcia,Basic,699,24,2,1,5,1,1,1,100,98,False,False,South,2024-03,0.6743,0
6623,Morgan Lee,Premium,1499,13,4,6,1,4,0,1,500,179,False,False,East,2024-09,0.5696,0
6624,Reese Smith,Ultra,2499,12,3,2,6,0,0,0,1000,363,False,False,South,2024-02,0.7493,1
6625,Riley Patel,Premium,1499,49,1,0,1,5,0,0,500,270,False,False,North,2024-06,0.3418,0
6626,Taylor Patel,Ultra,2499,44,1,7,2,5,0,0,1000,142,True,False,South,2024-08,0.8575,1
6627,Casey Khan,Ultra,2499,4,7,3,1,4,1,0,1000,116,False,False,West,2024-03,0.8729,1
6628,Alex Brown,Premium,1499,60,6,6,3,5,1,1,500,164,False,False,West,2024-04,0.9209,1
6629,Quinn Martinez,Ultra,2499,10,4,0,1,4,0,1,1000,309,False,False,North,2024-09,0.7836,1
6630,Avery Khan,Ultra,2499,59,1,5,5,2,0,1,1000,213,False,False,South,2024-06,0.8117,1
6631,Taylor Nguyen,Ultra,2499,27,7,6,8,2,0,1,1000,222,False,False,East,2024-11,0.8954,1
6632,Jordan Patel,Premium,1499,18,6,2,2,3,1,1,500,157,False,False,West,2024-01,0.8526,1
6633,Quinn Smith,Basic,699,14,4,3,4,1,1,1,100,260,False,True,North,2024-09,0.8401,1
6634,Jamie Khan,Basic,699,48,6,4,2,0,0,0,100,163,False,True,West,2024-11,0.8169,1
6635,Reese Khan,Plus,999,35,0,5,7,4,0,0,200,166,True,True,East,2024-04,0.8538,1
6636,Taylor Nguyen,Ultra,2499,38,7,3,7,0,1,1,1000,146,False,False,North,2024-10,0.8459,1
6637,Jamie Johnson,Premium,1499,3,2,1,3,5,0,0,500,273,False,False,South,2024-12,0.8136,1
6638,Jamie Brown,Ultra,2499,16,3,1,0,3,0,0,1000,189,False,False,West,2024-03,0.3414,0
6639,Alex Garcia,Basic,699,21,8,6,1,5,1,1,100,158,False,False,South,2024-11,0.9015,1
6640,Morgan Lee,Ultra,2499,3,4,6,1,1,0,1,1000,121,False,False,South,2024-09,0.5283,1
6641,Jamie Smith,Basic,699,41,6,1,3,3,1,1,100,149,True,False,East,2024-12,0.8535,1
6642,Jordan Lee,Premium,1499,30,8,3,5,0,0,1,500,188,False,True,South,2024-04,0.811,1
6643,Alex Khan,Basic,699,30,2,6,6,5,1,0,100,152,False,False,East,2024-07,0.686,0
6644,Jordan Patel,Basic,699,25,5,7,4,2,0,0,100,262,False,True,East,2024-01,0.8742,1
6645,Alex Khan,Basic,699,59,2,3,7,0,0,1,100,133,False,False,North,2024-10,0.7465,0
6646,Reese Nguyen,Plus,999,25,5,2,1,5,0,1,200,299,False,False,South,2024-12,0.5787,1
6647,Quinn Garcia,Premium,1499,28,8,4,0,0,1,1,500,218,False,False,East,2024-09,0.5147,1
6648,Taylor Khan,Premium,1499,59,1,2,4,1,1,1,500,280,False,False,North,2024-01,0.7634,1
6649,Avery Garcia,Ultra,2499,6,2,1,0,1,0,1,1000,219,False,False,North,2024-01,0.6792,1
6650,Quinn Brown,Ultra,2499,7,6,4,5,2,1,0,1000,104,True,True,East,2024-02,0.8834,1
6651,Morgan Lee,Basic,699,42,7,5,0,5,0,0,100,190,False,False,North,2024-02,0.8733,1
6652,Jordan Smith,Plus,999,37,2,2,0,4,0,0,200,141,True,False,North,2024-08,0.461,0
6653,Casey Nguyen,Basic,699,34,7,5,4,5,0,1,100,49,True,True,East,2024-06,0.9227,1
6654,Taylor Patel,Basic,699,49,4,3,3,0,1,0,100,146,True,False,East,2024-03,0.7397,1
6655,Alex Patel,Ultra,2499,42,1,3,4,0,0,1,1000,284,True,True,West,2024-11,0.3627,0
6656,Casey Brown,Plus,999,8,4,5,3,0,0,1,200,138,False,False,West,2024-09,0.8,1
6657,Avery Martinez,Plus,999,40,1,3,2,3,0,1,200,225,False,True,South,2024-06,0.3855,0
6658,Casey Smith,Plus,999,20,5,1,2,4,0,1,200,227,False,False,North,2024-10,0.8121,1
6659,Quinn Nguyen,Ultra,2499,18,2,2,5,4,1,0,1000,343,False,True,East,2024-01,0.5964,1
6660,Quinn Brown,Premium,1499,22,7,0,8,5,1,1,500,170,False,False,South,2024-09,0.881,1
6661,Jamie Khan,Plus,999,11,4,7,6,0,0,1,200,127,False,True,South,2024-04,0.8272,1
6662,Quinn Patel,Premium,1499,19,4,6,8,5,1,0,500,275,False,False,East,2024-06,0.7489,0
6663,Quinn Johnson,Ultra,2499,6,7,6,5,1,0,0,1000,219,False,True,North,2024-02,0.9061,1
6664,Avery Brown,Premium,1499,39,6,4,6,5,1,1,500,20,False,True,East,2024-08,0.9489,1
6665,Taylor Lee,Basic,699,37,2,6,4,5,0,1,100,183,False,True,East,2024-09,0.8834,1
6666,Jamie Martinez,Basic,699,27,1,2,5,2,0,0,100,122,False,False,East,2024-10,0.7082,1
6667,Morgan Patel,Plus,999,17,3,7,0,1,1,0,200,214,True,True,South,2024-06,0.8615,1
6668,Quinn Patel,Basic,699,59,3,7,4,0,1,0,100,250,False,False,North,2024-05,0.8348,1
6669,Morgan Smith,Ultra,2499,1,2,0,1,2,0,0,1000,166,False,False,North,2024-05,0.666,0
6670,Quinn Brown,Basic,699,45,0,2,4,1,1,0,100,125,False,True,South,2024-07,0.3628,0
6671,Reese Garcia,Ultra,2499,28,0,6,3,3,0,0,1000,36,True,True,East,2024-12,0.8251,1
6672,Casey Nguyen,Plus,999,29,3,1,0,3,0,0,200,140,False,True,North,2024-12,0.7219,1
6673,Avery Davis,Ultra,2499,31,0,2,7,0,0,0,1000,189,True,False,North,2024-11,0.718,1
6674,Alex Nguyen,Plus,999,25,2,6,6,2,1,0,200,178,False,False,East,2024-01,0.5653,1
6675,Reese Garcia,Ultra,2499,31,1,7,6,2,0,1,1000,42,False,False,East,2024-03,0.8283,1
6676,Taylor Khan,Basic,699,51,4,7,1,4,0,0,100,111,False,True,North,2024-01,0.6201,0
6677,Reese Khan,Premium,1499,32,0,5,4,0,1,1,500,243,False,False,South,2024-02,0.7669,1
6678,Quinn Brown,Ultra,2499,58,6,1,8,2,1,1,1000,232,False,False,West,2024-03,0.8569,1
6679,Avery Patel,Premium,1499,6,8,1,8,2,0,0,500,143,False,False,South,2024-02,0.8246,1
6680,Taylor Khan,Premium,1499,30,8,2,4,5,0,1,500,74,False,False,North,2024-11,0.9063,1
6681,Reese Patel,Plus,999,6,5,5,0,1,1,0,200,167,True,False,South,2024-02,0.7897,0
6682,Taylor Davis,Ultra,2499,48,4,2,2,0,1,0,1000,122,False,False,East,2024-07,0.7191,1
6683,Avery Khan,Premium,1499,37,4,5,1,1,0,1,500,183,False,False,East,2024-08,0.8085,1
6684,Riley Johnson,Basic,699,46,7,3,0,5,0,0,100,155,False,False,North,2024-04,0.7993,1
6685,Jordan Patel,Premium,1499,40,8,4,5,3,1,0,500,166,True,False,East,2024-03,0.9061,1
6686,Jordan Garcia,Ultra,2499,38,6,1,3,4,1,0,1000,164,False,False,East,2024-04,0.8527,1
6687,Quinn Garcia,Basic,699,46,2,3,4,3,1,0,100,195,False,False,North,2024-03,0.51,0
6688,Jordan Brown,Plus,999,37,3,7,2,4,0,1,200,178,False,True,South,2024-11,0.6087,1
6689,Morgan Brown,Premium,1499,3,3,0,6,4,1,0,500,149,False,False,North,2024-05,0.8398,1
6690,Morgan Patel,Ultra,2499,12,7,7,1,2,0,1,1000,276,False,False,West,2024-11,0.8634,1
6691,Casey Davis,Ultra,2499,9,7,3,1,1,1,1,1000,237,False,False,West,2024-07,0.5705,1
6692,Taylor Patel,Premium,1499,26,1,4,2,5,1,1,500,216,False,False,North,2024-06,0.5864,0
6693,Taylor Martinez,Plus,999,15,0,0,8,4,0,1,200,69,False,False,West,2024-05,0.7633,1
6694,Jordan Garcia,Basic,699,58,1,4,6,5,0,0,100,167,True,True,West,2024-03,0.6839,1
6695,Alex Nguyen,Ultra,2499,19,8,7,8,5,0,0,1000,244,False,True,South,2024-01,0.9299,1
6696,Quinn Martinez,Ultra,2499,21,4,0,2,5,1,1,1000,206,False,False,West,2024-01,0.8313,1
6697,Morgan Garcia,Basic,699,41,1,3,4,3,1,0,100,211,False,False,East,2024-06,0.7608,1
6698,Reese Nguyen,Ultra,2499,22,0,0,5,3,0,1,1000,205,False,False,North,2024-10,0.3695,0
6699,Morgan Lee,Premium,1499,39,3,7,1,1,1,1,500,199,False,True,South,2024-11,0.8024,1
6700,Quinn Khan,Premium,1499,28,4,5,7,2,0,1,500,139,False,False,North,2024-11,0.8804,0
6701,Casey Brown,Ultra,2499,1,2,0,4,0,1,1,1000,106,False,True,North,2024-02,0.7054,0
6702,Avery Johnson,Ultra,2499,15,1,2,1,5,0,0,1000,176,False,True,North,2024-01,0.7621,0
6703,Avery Patel,Plus,999,38,5,1,2,5,1,0,200,118,False,False,North,2024-09,0.8489,0
6704,Taylor Khan,Basic,699,38,1,3,2,2,0,0,100,74,False,True,North,2024-12,0.3796,0
6705,Avery Nguyen,Basic,699,1,3,1,8,2,0,0,100,323,False,False,North,2024-06,0.4972,0
6706,Avery Nguyen,Premium,1499,26,5,5,5,2,0,0,500,127,False,True,West,2024-01,0.8832,1
6707,Casey Brown,Ultra,2499,53,4,0,8,3,0,0,1000,219,False,False,North,2024-03,0.8333,0
6708,Quinn Khan,Ultra,2499,36,4,4,3,3,1,0,1000,171,True,False,East,2024-10,0.654,1
6709,Casey Martinez,Basic,699,18,8,1,3,2,0,1,100,37,False,False,South,2024-10,0.4704,0
6710,Jordan Martinez,Premium,1499,32,1,6,7,0,0,0,500,191,True,False,East,2024-02,0.8099,1
6711,Taylor Nguyen,Basic,699,18,3,6,2,5,1,0,100,116,False,False,East,2024-04,0.6477,1
6712,Alex Khan,Basic,699,13,5,2,6,5,0,0,100,136,False,False,West,2024-10,0.8742,0
6713,Riley Lee,Plus,999,49,4,6,2,1,0,0,200,251,False,False,South,2024-05,0.82,1
6714,Casey Lee,Plus,999,14,2,4,0,4,0,1,200,110,True,True,North,2024-04,0.4654,0
6715,Casey Martinez,Ultra,2499,18,1,1,6,1,0,0,1000,151,False,True,North,2024-08,0.7342,1
6716,Jamie Johnson,Basic,699,3,0,7,2,4,0,1,100,133,False,False,North,2024-07,0.5513,0
6717,Reese Nguyen,Ultra,2499,29,3,2,3,5,0,1,1000,204,True,True,South,2024-04,0.8654,0
6718,Jamie Davis,Basic,699,6,7,1,1,0,1,1,100,91,True,False,East,2024-06,0.7982,1
6719,Reese Smith,Ultra,2499,20,1,6,4,5,0,1,1000,20,False,False,East,2024-10,0.6559,1
6720,Jordan Johnson,Ultra,2499,4,2,1,8,0,0,1,1000,245,False,False,East,2024-09,0.7241,1
6721,Riley Martinez,Ultra,2499,36,0,7,3,4,1,1,1000,269,False,True,North,2024-03,0.8482,1
6722,Taylor Johnson,Premium,1499,51,0,1,6,5,1,0,500,184,False,False,East,2024-07,0.5401,1
6723,Jordan Khan,Plus,999,36,7,3,4,2,1,1,200,403,False,True,South,2024-02,0.6619,0
6724,Jamie Garcia,Premium,1499,38,0,1,2,3,0,0,500,229,False,True,East,2024-09,0.6733,1
6725,Jordan Nguyen,Premium,1499,32,0,2,6,2,0,1,500,190,False,False,South,2024-04,0.7146,1
6726,Casey Martinez,Premium,1499,32,8,2,6,5,0,0,500,237,True,False,North,2024-02,0.9106,1
6727,Jamie Smith,Ultra,2499,25,8,0,4,4,1,0,1000,101,False,False,East,2024-01,0.8632,0
6728,Reese Khan,Plus,999,32,7,2,8,3,1,0,200,120,False,False,East,2024-11,0.644,1
6729,Reese Johnson,Basic,699,15,1,4,1,3,1,1,100,119,False,True,East,2024-09,0.7814,1
6730,Jamie Martinez,Ultra,2499,48,0,4,5,0,1,0,1000,232,False,True,West,2024-02,0.7544,1
6731,Casey Khan,Basic,699,7,0,4,7,5,1,1,100,152,False,True,North,2024-09,0.8688,1
6732,Avery Khan,Basic,699,7,7,1,3,2,1,0,100,228,True,False,North,2024-03,0.8091,1
6733,Jamie Martinez,Premium,1499,27,7,5,7,3,0,0,500,198,True,True,East,2024-09,0.7716,1
6734,Taylor Smith,Plus,999,59,6,6,1,4,1,0,200,220,False,False,West,2024-03,0.8927,1
6735,Reese Johnson,Ultra,2499,28,7,2,7,5,0,1,1000,224,False,True,South,2024-04,0.7207,1
6736,Jordan Smith,Plus,999,16,8,3,6,5,0,1,200,232,False,True,North,2024-08,0.6448,1
6737,Taylor Garcia,Basic,699,19,7,4,6,1,1,0,100,71,False,False,West,2024-11,0.8948,1
6738,Morgan Nguyen,Ultra,2499,2,3,0,8,0,1,0,1000,74,False,False,East,2024-02,0.4826,0
6739,Jamie Khan,Plus,999,30,4,4,7,5,1,0,200,155,True,False,South,2024-02,0.8985,1
6740,Morgan Nguyen,Basic,699,41,1,4,3,3,0,1,100,204,False,True,North,2024-03,0.4776,0
6741,Alex Lee,Basic,699,2,1,2,8,4,0,0,100,327,False,False,South,2024-01,0.4916,0
6742,Taylor Smith,Basic,699,35,5,6,1,4,1,1,100,280,False,False,East,2024-07,0.6554,1
6743,Morgan Brown,Basic,699,28,8,2,8,0,0,1,100,133,True,False,North,2024-01,0.5597,1
6744,Taylor Johnson,Ultra,2499,9,5,3,8,2,1,0,1000,219,False,False,South,2024-12,0.6214,1
6745,Jamie Lee,Basic,699,15,3,0,7,3,1,0,100,198,True,False,South,2024-12,0.5101,0
6746,Quinn Garcia,Basic,699,31,8,0,1,2,0,0,100,122,False,False,South,2024-03,0.7674,1
6747,Riley Khan,Plus,999,50,6,4,2,2,0,1,200,164,True,False,West,2024-04,0.8413,0
6748,Taylor Garcia,Basic,699,21,6,5,1,0,0,0,100,199,False,False,South,2024-06,0.7925,1
6749,Jamie Khan,Premium,1499,12,4,0,3,5,0,1,500,79,True,False,West,2024-02,0.8713,1
6750,Quinn Khan,Ultra,2499,32,2,7,7,0,1,0,1000,188,False,False,West,2024-03,0.8205,0
6751,Taylor Nguyen,Basic,699,58,3,5,7,1,1,1,100,210,False,False,North,2024-01,0.841,1
6752,Riley Khan,Basic,699,48,6,2,6,5,0,0,100,233,False,False,South,2024-11,0.8985,1
6753,Riley Lee,Plus,999,16,6,2,3,2,0,1,200,230,False,False,West,2024-07,0.8379,1
6754,Quinn Davis,Plus,999,10,5,5,7,1,0,1,200,241,True,False,South,2024-07,0.8636,1
6755,Riley Davis,Premium,1499,59,5,0,5,4,0,0,500,101,False,False,South,2024-08,0.6201,0
6756,Casey Smith,Basic,699,2,4,2,8,2,1,1,100,163,False,False,South,2024-12,0.8388,1
6757,Casey Brown,Plus,999,14,0,0,3,2,1,1,200,58,True,False,South,2024-02,0.7193,1
6758,Morgan Lee,Ultra,2499,26,6,0,4,5,1,1,1000,190,False,False,East,2024-12,0.851,1
6759,Reese Garcia,Ultra,2499,52,8,4,7,5,0,1,1000,211,False,False,East,2024-10,0.9093,1
6760,Riley Smith,Plus,999,20,5,3,0,2,1,0,200,368,False,False,East,2024-07,0.7764,1
6761,Avery Martinez,Ultra,2499,51,2,5,6,1,1,1,1000,149,False,False,West,2024-03,0.8113,1
6762,Jordan Khan,Basic,699,1,8,5,7,4,0,0,100,269,False,False,South,2024-05,0.7118,1
6763,Quinn Khan,Ultra,2499,19,4,3,2,4,0,1,1000,129,False,False,East,2024-12,0.8437,1
6764,Reese Davis,Ultra,2499,51,4,5,4,5,1,0,1000,83,False,False,North,2024-05,0.9108,1
6765,Morgan Johnson,Premium,1499,42,5,2,4,4,1,0,500,304,False,False,East,2024-11,0.6445,1
6766,Reese Martinez,Ultra,2499,31,1,2,8,5,0,0,1000,224,False,False,North,2024-01,0.8469,0
6767,Taylor Nguyen,Plus,999,20,1,7,4,3,1,0,200,299,False,False,East,2024-07,0.8571,1
6768,Casey Johnson,Basic,699,45,5,3,0,2,0,0,100,210,True,True,West,2024-03,0.8228,1
6769,Morgan Nguyen,Plus,999,11,3,0,8,4,1,0,200,117,False,False,South,2024-06,0.5662,1
6770,Riley Patel,Premium,1499,39,7,5,2,1,1,1,500,109,False,False,South,2024-02,0.8449,1
6771,Jamie Khan,Ultra,2499,31,5,7,4,0,0,1,1000,20,False,False,South,2024-05,0.5891,1
6772,Avery Lee,Basic,699,9,5,6,2,1,1,1,100,134,True,False,South,2024-09,0.8773,1
6773,Taylor Khan,Ultra,2499,20,7,0,7,3,1,0,1000,207,False,True,East,2024-02,0.6723,0
6774,Casey Lee,Ultra,2499,28,1,3,8,3,1,0,1000,104,False,True,South,2024-11,0.8588,1
6775,Avery Johnson,Premium,1499,35,1,2,8,2,1,1,500,327,True,False,South,2024-06,0.8241,1
6776,Casey Brown,Ultra,2499,34,7,3,8,2,0,0,1000,235,True,False,South,2024-11,0.8814,1
6777,Alex Davis,Basic,699,48,1,7,1,1,0,1,100,143,False,True,East,2024-09,0.4389,0
6778,Morgan Nguyen,Plus,999,40,8,2,8,0,0,0,200,74,False,False,North,2024-11,0.808,0
6779,Jordan Lee,Plus,999,37,4,1,4,3,0,0,200,56,False,False,East,2024-02,0.7883,1
6780,Jamie Smith,Ultra,2499,47,7,5,0,2,0,0,1000,224,False,False,West,2024-09,0.5636,1
6781,Casey Martinez,Plus,999,47,3,6,6,4,1,0,200,183,False,False,North,2024-12,0.898,1
6782,Jordan Smith,Basic,699,36,8,2,3,4,0,0,100,47,False,True,South,2024-09,0.8658,0
6783,Riley Patel,Premium,1499,52,6,3,7,2,1,1,500,132,False,False,North,2024-09,0.8711,1
6784,Avery Martinez,Ultra,2499,43,3,7,1,0,1,0,1000,221,False,True,East,2024-12,0.7757,1
6785,Riley Lee,Ultra,2499,33,0,3,2,2,0,1,1000,137,False,True,South,2024-09,0.3115,0
6786,Casey Patel,Premium,1499,35,0,0,2,4,0,1,500,159,False,False,South,2024-07,0.654,1
6787,Alex Smith,Basic,699,54,6,0,7,1,0,0,100,185,False,False,West,2024-01,0.7681,0
6788,Jordan Patel,Basic,699,41,8,1,1,5,1,0,100,187,False,True,North,2024-12,0.8616,1
6789,Morgan Davis,Basic,699,12,6,7,6,0,0,0,100,297,False,False,North,2024-01,0.867,1
6790,Avery Garcia,Basic,699,1,3,5,7,2,0,0,100,51,False,False,West,2024-08,0.5573,1
6791,Avery Martinez,Plus,999,36,7,2,1,1,0,0,200,183,False,True,South,2024-01,0.7504,1
6792,Quinn Johnson,Ultra,2499,14,0,3,6,2,1,1,1000,20,False,True,East,2024-01,0.8445,1
6793,Alex Davis,Basic,699,45,8,3,1,4,0,0,100,230,True,False,South,2024-07,0.8651,1
6794,Jamie Khan,Premium,1499,44,0,1,2,1,1,0,500,137,False,False,South,2024-04,0.3305,0
6795,Alex Patel,Basic,699,50,5,6,1,2,1,1,100,130,False,True,South,2024-05,0.6084,1
6796,Taylor Garcia,Basic,699,17,4,1,6,4,0,0,100,115,False,False,West,2024-08,0.8638,1
6797,Riley Patel,Plus,999,29,5,0,2,2,1,1,200,70,False,False,South,2024-08,0.5187,1
6798,Quinn Garcia,Basic,699,54,5,5,0,0,1,0,100,182,False,False,North,2024-04,0.4444,0
6799,Jamie Johnson,Ultra,2499,29,7,2,0,5,0,1,1000,191,False,True,West,2024-02,0.871,1
6800,Riley Nguyen,Basic,699,15,6,0,5,5,0,0,100,275,False,True,North,2024-07,0.8773,1
6801,Casey Smith,Plus,999,5,6,7,1,5,1,1,200,117,False,True,South,2024-04,0.9233,1
6802,Alex Smith,Basic,699,46,8,3,7,4,1,0,100,307,False,False,East,2024-11,0.7334,0
6803,Jordan Martinez,Premium,1499,5,6,1,6,3,0,1,500,243,False,True,East,2024-02,0.8956,1
6804,Morgan Khan,Premium,1499,34,1,3,2,5,1,1,500,228,False,True,East,2024-05,0.8562,1
6805,Jordan Nguyen,Plus,999,26,5,4,5,1,1,1,200,148,True,False,South,2024-03,0.5515,1
6806,Jordan Johnson,Plus,999,8,0,3,3,3,0,0,200,184,False,True,North,2024-04,0.7186,1
6807,Taylor Martinez,Basic,699,46,7,3,3,4,0,0,100,106,False,True,North,2024-09,0.8596,1
6808,Casey Patel,Ultra,2499,52,7,6,3,4,0,1,1000,353,False,False,North,2024-08,0.9021,1
6809,Riley Davis,Basic,699,15,2,6,8,2,0,0,100,205,True,False,North,2024-07,0.823,1
6810,Alex Garcia,Plus,999,12,3,6,7,0,1,0,200,50,False,False,North,2024-12,0.5417,1
6811,Casey Garcia,Plus,999,17,0,7,2,4,0,1,200,280,False,True,West,2024-11,0.8131,1
6812,Jordan Davis,Premium,1499,43,3,3,6,0,0,0,500,221,True,False,East,2024-04,0.5127,1
6813,Avery Martinez,Basic,699,10,2,3,3,1,1,1,100,138,False,True,West,2024-01,0.8035,1
6814,Avery Davis,Ultra,2499,15,8,6,4,4,0,1,1000,135,False,False,North,2024-09,0.9235,1
6815,Jamie Nguyen,Basic,699,56,8,4,4,1,0,1,100,210,False,False,East,2024-07,0.7878,1
6816,Reese Smith,Basic,699,24,6,7,5,0,1,1,100,127,True,False,West,2024-09,0.8484,1
6817,Quinn Patel,Plus,999,1,7,6,8,4,1,0,200,261,False,False,South,2024-04,0.7696,1
6818,Jamie Garcia,Plus,999,56,5,1,6,2,1,1,200,24,False,False,South,2024-04,0.854,1
6819,Alex Nguyen,Ultra,2499,2,3,7,3,5,0,0,1000,142,True,False,North,2024-02,0.8784,1
6820,Avery Brown,Ultra,2499,32,7,1,2,2,0,0,1000,297,False,False,East,2024-06,0.7951,1
6821,Morgan Khan,Basic,699,36,1,0,7,2,1,0,100,159,False,False,North,2024-10,0.7251,1
6822,Quinn Nguyen,Plus,999,10,1,0,0,4,0,1,200,74,False,False,North,2024-04,0.3131,0
6823,Avery Brown,Ultra,2499,8,3,2,7,4,0,0,1000,269,False,True,South,2024-06,0.8467,1
6824,Taylor Khan,Basic,699,3,0,1,4,5,1,0,100,181,False,False,West,2024-01,0.7433,0
6825,Taylor Davis,Ultra,2499,10,5,4,7,1,0,1,1000,87,False,True,West,2024-01,0.8723,1
6826,Jordan Johnson,Premium,1499,43,7,2,8,3,1,1,500,206,False,True,West,2024-12,0.9178,1
6827,Jordan Martinez,Premium,1499,34,0,4,8,4,0,1,500,274,False,False,West,2024-05,0.8154,1
6828,Morgan Patel,Basic,699,19,3,1,3,1,0,0,100,213,False,False,North,2024-11,0.6884,1
6829,Jamie Khan,Premium,1499,22,5,4,1,5,0,0,500,323,False,False,West,2024-05,0.653,0
6830,Morgan Nguyen,Premium,1499,9,4,5,8,4,0,0,500,191,False,False,North,2024-12,0.8938,1
6831,Alex Brown,Plus,999,32,2,2,2,0,0,0,200,281,False,False,West,2024-07,0.6653,1
6832,Reese Khan,Premium,1499,38,1,7,2,1,0,0,500,289,False,True,East,2024-06,0.7049,1
6833,Reese Nguyen,Premium,1499,48,7,4,0,4,1,0,500,212,False,False,West,2024-11,0.8621,1
6834,Casey Martinez,Premium,1499,25,8,2,0,3,0,1,500,302,True,False,East,2024-11,0.8547,1
6835,Avery Brown,Ultra,2499,2,0,4,2,3,1,1,1000,182,True,False,West,2024-01,0.8443,1
6836,Avery Nguyen,Basic,699,18,5,0,6,5,1,0,100,304,False,True,East,2024-12,0.8851,0
6837,Taylor Martinez,Ultra,2499,25,7,1,4,4,0,0,1000,353,True,False,West,2024-11,0.8694,1
6838,Casey Lee,Premium,1499,60,7,7,7,5,0,0,500,164,False,False,North,2024-07,0.9376,1
6839,Casey Martinez,Ultra,2499,53,1,3,2,4,1,1,1000,155,False,True,East,2024-11,0.815,1
6840,Taylor Patel,Plus,999,5,7,4,8,1,1,1,200,278,False,False,North,2024-01,0.6509,1
6841,Morgan Brown,Plus,999,12,5,0,7,4,1,1,200,61,False,False,East,2024-02,0.8749,1
6842,Avery Garcia,Plus,999,24,5,4,3,4,1,0,200,131,False,True,East,2024-03,0.8984,1
6843,Morgan Martinez,Premium,1499,47,6,2,1,1,1,0,500,228,False,True,South,2024-02,0.8443,1
6844,Jordan Davis,Basic,699,9,2,2,7,4,1,0,100,243,True,True,North,2024-01,0.6487,0
6845,Riley Smith,Basic,699,1,2,6,5,2,0,0,100,133,False,False,West,2024-02,0.8508,1
6846,Reese Smith,Premium,1499,16,3,4,2,3,1,0,500,317,True,False,West,2024-11,0.8302,1
6847,Taylor Garcia,Basic,699,31,5,2,5,3,0,1,100,305,False,False,North,2024-04,0.8231,1
6848,Morgan Johnson,Plus,999,45,0,6,6,1,0,0,200,120,False,False,West,2024-12,0.4662,0
6849,Riley Garcia,Plus,999,50,5,2,7,5,1,1,200,230,False,False,East,2024-10,0.9061,1
6850,Avery Martinez,Plus,999,9,7,5,3,5,0,1,200,112,False,False,North,2024-01,0.9051,1
6851,Alex Martinez,Premium,1499,45,4,0,6,4,1,1,500,132,False,True,West,2024-11,0.8357,1
6852,Quinn Johnson,Premium,1499,7,2,0,6,2,0,0,500,114,True,False,East,2024-09,0.7479,1
6853,Morgan Khan,Ultra,2499,45,0,5,6,1,1,0,1000,216,False,False,East,2024-07,0.821,0
6854,Morgan Brown,Plus,999,19,3,0,5,5,0,0,200,76,False,False,North,2024-08,0.8338,1
6855,Reese Nguyen,Plus,999,34,3,4,8,1,0,0,200,97,False,True,East,2024-12,0.8284,1
6856,Avery Martinez,Basic,699,50,3,7,4,1,0,0,100,136,False,False,South,2024-09,0.4656,0
6857,Avery Khan,Premium,1499,16,8,3,2,5,0,0,500,235,True,False,North,2024-10,0.88,1
6858,Alex Davis,Premium,1499,12,7,6,2,4,1,1,500,157,False,True,East,2024-09,0.8846,1
6859,Taylor Nguyen,Premium,1499,10,1,7,2,3,0,0,500,246,True,False,North,2024-03,0.8352,1
6860,Riley Garcia,Basic,699,55,0,7,8,2,1,1,100,180,False,False,West,2024-12,0.4703,0
6861,Morgan Davis,Plus,999,14,2,7,3,4,0,1,200,264,False,False,West,2024-12,0.8235,1
6862,Reese Lee,Ultra,2499,15,1,7,7,0,1,1,1000,148,False,True,North,2024-05,0.8672,1
6863,Riley Brown,Plus,999,8,1,2,4,2,0,1,200,130,False,True,South,2024-12,0.4406,0
6864,Morgan Martinez,Basic,699,39,0,6,0,3,1,0,100,219,False,False,East,2024-07,0.7736,1
6865,Quinn Smith,Premium,1499,48,7,3,1,4,1,1,500,199,False,True,North,2024-05,0.8856,1
6866,Alex Martinez,Plus,999,29,8,3,8,2,0,1,200,199,False,False,South,2024-03,0.8547,1
6867,Quinn Patel,Plus,999,51,1,7,3,0,0,0,200,285,False,False,North,2024-04,0.682,0
6868,Jordan Lee,Basic,699,44,3,6,1,2,1,1,100,251,False,False,North,2024-03,0.8311,1
6869,Morgan Garcia,Basic,699,36,1,3,3,0,0,1,100,228,False,False,West,2024-05,0.6958,1
6870,Quinn Davis,Ultra,2499,52,3,1,2,4,1,0,1000,173,False,False,North,2024-10,0.4328,0
6871,Reese Brown,Premium,1499,60,4,5,7,2,1,1,500,174,False,True,North,2024-11,0.8723,1
6872,Taylor Patel,Basic,699,35,6,1,7,3,1,1,100,128,False,False,West,2024-08,0.8434,1
6873,Alex Garcia,Premium,1499,37,0,0,5,4,1,1,500,146,False,False,North,2024-06,0.7504,1
6874,Alex Smith,Ultra,2499,58,1,7,1,4,0,0,1000,20,False,True,North,2024-01,0.8513,0
6875,Riley Smith,Ultra,2499,29,8,7,0,1,0,1,1000,335,False,False,East,2024-05,0.5575,1
6876,Riley Martinez,Plus,999,56,4,0,2,3,0,0,200,165,False,False,South,2024-05,0.7411,1
6877,Casey Khan,Ultra,2499,21,3,6,3,3,1,1,1000,150,False,False,East,2024-05,0.8657,1
6878,Morgan Garcia,Basic,699,26,0,0,6,2,1,0,100,177,False,False,South,2024-03,0.6865,1
6879,Casey Martinez,Premium,1499,22,0,0,2,1,0,1,500,297,False,False,North,2024-05,0.5392,1
6880,Casey Brown,Premium,1499,10,6,0,4,0,1,1,500,230,False,False,East,2024-10,0.7833,1
6881,Avery Martinez,Plus,999,11,2,4,0,0,1,0,200,313,False,False,East,2024-08,0.3638,0
6882,Taylor Davis,Basic,699,27,3,2,8,1,0,0,100,154,False,False,East,2024-07,0.4361,0
6883,Casey Garcia,Premium,1499,53,4,5,0,3,1,0,500,182,True,False,West,2024-06,0.829,1
6884,Morgan Martinez,Plus,999,7,4,3,0,0,0,0,200,126,False,False,West,2024-11,0.6253,0
6885,Jordan Nguyen,Basic,699,9,7,7,5,4,1,0,100,115,True,False,South,2024-05,0.7621,0
6886,Jordan Johnson,Ultra,2499,53,8,7,0,5,1,1,1000,201,False,False,South,2024-08,0.8758,1
6887,Reese Brown,Ultra,2499,19,7,4,2,3,1,1,1000,170,False,False,East,2024-07,0.8823,1
6888,Casey Brown,Ultra,2499,23,8,0,8,3,0,0,1000,168,False,False,South,2024-06,0.8327,1
6889,Riley Patel,Plus,999,58,5,1,5,5,1,0,200,151,False,False,North,2024-09,0.8663,1
6890,Taylor Davis,Basic,699,26,1,4,3,2,1,0,100,135,False,False,South,2024-10,0.7714,1
6891,Avery Davis,Basic,699,36,8,4,4,1,1,1,100,341,False,True,West,2024-03,0.8479,1
6892,Jordan Garcia,Plus,999,53,2,2,3,2,0,1,200,157,False,False,South,2024-03,0.3899,0
6893,Reese Khan,Plus,999,10,4,5,2,5,1,1,200,131,False,True,East,2024-01,0.9076,1
6894,Riley Garcia,Premium,1499,39,4,6,5,4,1,0,500,20,True,False,East,2024-09,0.9176,1
6895,Alex Lee,Plus,999,34,1,1,1,4,1,1,200,237,False,False,South,2024-04,0.3931,0
6896,Morgan Davis,Basic,699,33,1,5,3,2,0,0,100,122,True,True,West,2024-03,0.8063,0
6897,Avery Nguyen,Plus,999,5,8,3,6,2,0,1,200,243,False,True,West,2024-01,0.8851,1
6898,Quinn Martinez,Plus,999,28,2,2,4,5,1,1,200,123,False,False,West,2024-06,0.8427,1
6899,Avery Davis,Premium,1499,3,5,3,5,2,1,0,500,151,False,True,South,2024-12,0.893,1
6900,Avery Khan,Plus,999,30,5,1,4,0,0,1,200,283,False,False,West,2024-03,0.6523,1
6901,Jordan Lee,Premium,1499,16,3,2,6,2,1,0,500,187,False,True,South,2024-10,0.8005,1
6902,Jordan Brown,Basic,699,41,4,1,2,5,0,1,100,350,True,False,East,2024-12,0.816,0
6903,Casey Brown,Premium,1499,8,2,4,2,1,1,1,500,232,False,False,North,2024-10,0.7676,1
6904,Riley Garcia,Basic,699,22,2,2,6,2,1,0,100,123,False,False,South,2024-05,0.7706,1
6905,Jordan Smith,Premium,1499,26,7,0,7,5,0,1,500,290,True,False,West,2024-05,0.9041,1
6906,Reese Smith,Basic,699,28,1,0,6,0,1,1,100,316,False,False,East,2024-01,0.681,1
6907,Casey Smith,Plus,999,5,8,1,3,2,0,0,200,200,False,False,North,2024-09,0.8022,1
6908,Avery Martinez,Premium,1499,24,2,7,6,0,0,1,500,159,False,False,West,2024-03,0.7762,0
6909,Morgan Johnson,Plus,999,38,3,4,4,5,1,0,200,185,False,False,South,2024-04,0.6015,0
6910,Casey Martinez,Premium,1499,16,8,6,1,0,0,0,500,210,False,True,West,2024-05,0.8328,1
6911,Jordan Khan,Premium,1499,14,7,1,6,2,0,1,500,200,False,True,East,2024-06,0.6482,1
6912,Quinn Garcia,Ultra,2499,52,5,7,5,1,1,0,1000,177,False,False,West,2024-02,0.8893,1
6913,Taylor Khan,Basic,699,32,3,3,6,3,0,0,100,323,False,True,South,2024-12,0.8648,1
6914,Riley Davis,Basic,699,49,8,1,1,0,0,1,100,260,True,False,North,2024-08,0.3951,0
6915,Casey Khan,Premium,1499,48,3,6,8,3,0,0,500,196,False,False,West,2024-08,0.851,1
6916,Casey Nguyen,Premium,1499,50,0,5,6,3,1,0,500,214,False,False,South,2024-08,0.8417,1
6917,Morgan Davis,Premium,1499,13,2,4,3,4,1,1,500,181,False,True,West,2024-04,0.8726,0
6918,Riley Smith,Premium,1499,17,8,3,2,5,1,0,500,95,False,False,North,2024-09,0.7222,1
6919,Avery Johnson,Plus,999,37,4,1,4,3,0,1,200,243,False,True,North,2024-11,0.8037,0
6920,Jordan Martinez,Ultra,2499,50,3,1,7,3,0,1,1000,169,False,False,North,2024-05,0.8194,1
6921,Casey Smith,Basic,699,28,8,6,7,5,1,1,100,286,True,False,South,2024-12,0.9419,1
6922,Reese Davis,Plus,999,45,8,2,3,5,1,0,200,190,False,True,North,2024-04,0.8921,1
6923,Reese Martinez,Plus,999,56,5,3,1,4,0,1,200,304,False,True,North,2024-11,0.8299,1
6924,Reese Khan,Premium,1499,48,6,6,0,3,0,0,500,177,False,True,West,2024-09,0.8947,1
6925,Riley Davis,Premium,1499,11,3,0,6,2,1,1,500,190,False,False,West,2024-01,0.825,1
6926,Avery Patel,Premium,1499,10,5,5,2,0,1,0,500,116,False,False,East,2024-02,0.8114,1
6927,Taylor Brown,Ultra,2499,60,1,0,7,1,1,0,1000,283,False,False,North,2024-06,0.3702,0
6928,Casey Khan,Plus,999,33,0,0,4,3,0,1,200,169,False,False,West,2024-12,0.6854,1
6929,Riley Davis,Basic,699,18,3,1,3,1,1,1,100,110,False,False,East,2024-09,0.3841,0
6930,Jordan Garcia,Premium,1499,33,5,4,5,5,1,1,500,187,False,False,East,2024-04,0.9119,1
6931,Jordan Garcia,Plus,999,51,4,7,8,4,1,1,200,269,False,False,West,2024-03,0.9242,1
6932,Quinn Khan,Premium,1499,5,1,1,5,0,1,0,500,120,False,False,East,2024-12,0.3933,0
6933,Jamie Nguyen,Ultra,2499,47,8,7,8,5,1,1,1000,227,False,False,East,2024-08,0.826,1
6934,Jamie Brown,Plus,999,39,3,0,3,3,1,1,200,230,True,False,South,2024-07,0.7914,1
6935,Avery Martinez,Basic,699,60,3,6,8,5,0,1,100,226,False,False,North,2024-07,0.6987,1
6936,Casey Garcia,Plus,999,44,1,2,0,4,1,1,200,115,True,False,South,2024-08,0.7648,1
6937,Casey Smith,Premium,1499,6,1,2,3,3,0,1,500,282,False,False,East,2024-06,0.7425,1
6938,Taylor Davis,Premium,1499,57,3,3,6,5,1,0,500,189,False,False,North,2024-11,0.8843,1
6939,Jamie Lee,Ultra,2499,59,5,1,4,3,0,0,1000,20,False,True,South,2024-02,0.8485,1
6940,Taylor Brown,Premium,1499,21,6,3,0,5,0,0,500,201,False,False,West,2024-05,0.8485,1
6941,Jamie Lee,Basic,699,52,0,5,7,1,1,1,100,99,False,False,East,2024-03,0.7573,0
6942,Casey Khan,Basic,699,21,2,7,0,5,0,0,100,233,False,True,West,2024-04,0.8739,1
6943,Jordan Lee,Ultra,2499,53,5,7,6,0,0,1,1000,276,False,False,South,2024-11,0.8261,1
6944,Riley Johnson,Basic,699,58,5,3,5,0,0,1,100,239,False,False,North,2024-02,0.7686,1
6945,Morgan Martinez,Ultra,2499,34,4,5,4,5,0,1,1000,139,False,False,South,2024-02,0.6481,1
6946,Taylor Davis,Ultra,2499,56,4,7,5,5,0,1,1000,229,False,True,East,2024-08,0.9244,0
6947,Reese Garcia,Plus,999,9,8,1,4,4,1,0,200,173,False,False,North,2024-10,0.8627,0
6948,Casey Martinez,Ultra,2499,27,8,4,1,2,0,1,1000,212,True,True,West,2024-10,0.8659,1
6949,Taylor Garcia,Premium,1499,23,0,4,4,0,0,0,500,262,False,False,West,2024-03,0.6473,0
6950,Jamie Johnson,Ultra,2499,28,5,4,8,3,1,1,1000,181,False,False,North,2024-11,0.8776,0
6951,Alex Davis,Ultra,2499,54,8,4,2,3,0,1,1000,176,False,True,East,2024-08,0.6097,0
6952,Taylor Garcia,Plus,999,21,2,5,7,4,0,1,200,176,False,False,East,2024-10,0.8402,1
6953,Taylor Lee,Premium,1499,14,0,6,6,4,0,1,500,75,True,False,South,2024-08,0.8356,1
6954,Riley Brown,Basic,699,40,8,6,2,3,1,0,100,170,False,False,East,2024-09,0.8793,1
6955,Avery Garcia,Premium,1499,53,7,3,7,2,1,0,500,132,False,False,South,2024-02,0.901,1
6956,Jordan Nguyen,Basic,699,1,7,1,6,1,0,0,100,119,True,True,West,2024-08,0.8779,1
6957,Casey Johnson,Plus,999,43,2,0,4,1,1,0,200,293,False,False,West,2024-04,0.301,0
6958,Jamie Khan,Plus,999,2,5,2,5,3,0,0,200,186,False,False,West,2024-06,0.5646,0
6959,Avery Smith,Plus,999,33,0,6,1,2,0,1,200,20,False,False,South,2024-09,0.6992,1
6960,Jordan Brown,Premium,1499,3,6,2,8,4,0,1,500,234,False,True,East,2024-03,0.9291,1
6961,Taylor Lee,Ultra,2499,17,6,3,4,4,1,1,1000,243,False,True,East,2024-10,0.9071,1
6962,Morgan Johnson,Plus,999,55,5,6,0,4,1,1,200,178,False,True,North,2024-02,0.9057,1
6963,Quinn Lee,Ultra,2499,7,8,1,5,0,1,1,1000,330,False,False,North,2024-03,0.8009,1
6964,Jamie Brown,Premium,1499,52,3,0,0,0,0,1,500,40,False,False,West,2024-01,0.5561,1
6965,Taylor Nguyen,Premium,1499,23,1,6,0,4,0,0,500,272,False,False,East,2024-10,0.7946,0
6966,Jordan Davis,Plus,999,46,8,7,1,2,1,1,200,192,False,True,East,2024-09,0.8404,1
6967,Casey Garcia,Ultra,2499,34,8,1,1,0,0,0,1000,127,False,False,South,2024-08,0.386,0
6968,Casey Garcia,Ultra,2499,35,7,2,8,5,0,0,1000,194,False,False,South,2024-12,0.6727,1
6969,Quinn Khan,Basic,699,44,7,6,1,3,1,1,100,107,False,False,East,2024-08,0.6112,0
6970,Jamie Patel,Basic,699,36,2,0,1,3,0,1,100,264,False,False,East,2024-06,0.685,1
6971,Morgan Johnson,Plus,999,11,7,3,4,5,1,1,200,222,False,False,East,2024-02,0.8895,1
6972,Alex Johnson,Plus,999,27,2,1,3,3,1,0,200,20,False,True,West,2024-04,0.781,0
6973,Casey Garcia,Plus,999,25,3,4,7,5,1,1,200,119,True,True,South,2024-07,0.9139,1
6974,Taylor Davis,Plus,999,55,7,6,1,0,0,1,200,410,False,False,South,2024-02,0.8182,1
6975,Avery Garcia,Ultra,2499,1,1,0,3,5,0,1,1000,371,False,True,South,2024-07,0.5138,1
6976,Riley Johnson,Ultra,2499,10,2,6,0,5,0,1,1000,135,False,False,East,2024-02,0.8458,1
6977,Taylor Nguyen,Ultra,2499,57,7,4,5,0,0,1,1000,304,False,False,South,2024-08,0.867,1
6978,Casey Lee,Ultra,2499,29,6,3,2,5,1,1,1000,139,True,False,East,2024-07,0.7043,1
6979,Quinn Davis,Basic,699,42,8,2,5,5,1,0,100,79,False,False,West,2024-08,0.9163,1
6980,Alex Smith,Ultra,2499,49,0,3,3,2,1,0,1000,288,False,False,South,2024-08,0.7419,0
6981,Riley Smith,Plus,999,13,6,7,1,3,1,1,200,133,True,True,South,2024-06,0.9041,1
6982,Jordan Lee,Ultra,2499,58,6,1,6,2,1,0,1000,209,True,False,East,2024-11,0.8746,1
6983,Reese Nguyen,Basic,699,42,3,7,5,1,0,0,100,192,False,False,South,2024-02,0.5185,1
6984,Avery Patel,Basic,699,31,5,2,5,1,0,0,100,249,False,False,North,2024-11,0.8101,1
6985,Reese Smith,Plus,999,53,5,2,0,3,1,0,200,111,False,False,North,2024-09,0.7718,1
6986,Alex Johnson,Premium,1499,26,3,7,7,1,0,1,500,162,True,False,North,2024-10,0.8688,0
6987,Riley Johnson,Ultra,2499,21,1,0,2,5,1,1,1000,190,False,False,South,2024-04,0.7528,0
6988,Jamie Garcia,Plus,999,38,8,0,6,4,0,0,200,198,False,False,East,2024-02,0.8469,1
6989,Avery Martinez,Premium,1499,37,3,1,6,2,0,1,500,241,False,False,North,2024-08,0.7941,1
6990,Taylor Garcia,Premium,1499,48,1,5,7,1,0,0,500,157,False,False,South,2024-09,0.7949,1
6991,Quinn Brown,Basic,699,11,5,1,8,2,0,0,100,272,False,True,East,2024-09,0.5186,1
6992,Quinn Garcia,Plus,999,50,7,2,1,5,1,0,200,208,False,False,West,2024-06,0.8629,1
6993,Alex Nguyen,Premium,1499,53,3,7,3,2,0,0,500,209,False,True,South,2024-06,0.8266,1
6994,Riley Patel,Ultra,2499,58,5,2,0,5,1,0,1000,187,False,False,East,2024-11,0.8695,1
6995,Taylor Martinez,Plus,999,56,8,3,0,2,1,1,200,114,False,False,North,2024-03,0.4627,0
6996,Quinn Patel,Ultra,2499,53,8,2,0,1,1,1,1000,89,True,True,North,2024-06,0.4836,0
6997,Taylor Martinez,Basic,699,49,5,6,1,3,1,0,100,221,False,False,East,2024-09,0.8374,1
6998,Casey Martinez,Plus,999,8,4,2,7,3,0,0,200,159,False,False,East,2024-11,0.5678,1
6999,Alex Brown,Plus,999,58,1,0,8,2,1,1,200,209,False,False,South,2024-04,0.3946,0
7000,Jordan Martinez,Premium,1499,55,4,1,1,1,1,1,500,193,False,False,South,2024-08,0.4124,0
7001,Riley Garcia,Plus,999,10,8,4,8,4,0,1,200,164,False,False,East,2024-02,0.681,1
7002,Riley Nguyen,Basic,699,18,6,7,2,3,1,1,100,336,False,False,North,2024-09,0.8977,1
7003,Riley Brown,Premium,1499,40,5,0,8,2,0,1,500,353,False,False,West,2024-01,0.4914,0
7004,Reese Nguyen,Basic,699,37,6,6,6,1,0,0,100,174,False,False,West,2024-10,0.5842,1
7005,Casey Garcia,Basic,699,39,1,7,7,5,1,0,100,123,True,True,North,2024-11,0.9279,1
7006,Taylor Davis,Basic,699,27,4,5,4,2,0,1,100,143,False,False,South,2024-11,0.8662,0
7007,Casey Garcia,Basic,699,17,2,1,4,5,0,0,100,92,True,False,South,2024-09,0.7895,0
7008,Avery Brown,Plus,999,45,8,1,3,1,1,1,200,156,False,False,North,2024-08,0.4851,0
7009,Jordan Lee,Ultra,2499,46,3,7,4,3,1,0,1000,244,False,True,West,2024-07,0.6677,1
7010,Alex Johnson,Basic,699,14,5,3,4,5,0,0,100,150,False,False,East,2024-02,0.8699,1
7011,Morgan Garcia,Plus,999,49,7,0,7,2,1,0,200,157,False,False,West,2024-11,0.8165,1
7012,Jordan Johnson,Ultra,2499,51,8,5,1,2,1,1,1000,117,True,True,West,2024-07,0.8988,1
7013,Jordan Patel,Basic,699,27,6,0,1,5,0,0,100,52,False,True,North,2024-04,0.6324,1
7014,Casey Patel,Plus,999,15,6,1,8,4,0,1,200,155,False,False,East,2024-08,0.8512,1
7015,Jamie Smith,Plus,999,47,2,0,1,2,0,0,200,231,False,False,West,2024-05,0.6948,1
7016,Jamie Brown,Plus,999,34,5,5,3,1,0,0,200,258,False,False,North,2024-05,0.8257,1
7017,Reese Nguyen,Ultra,2499,28,5,0,8,2,0,1,1000,256,False,True,West,2024-12,0.4707,0
7018,Avery Martinez,Basic,699,39,3,2,7,2,0,1,100,143,True,True,North,2024-01,0.8027,1
7019,Alex Nguyen,Plus,999,1,0,4,0,4,1,1,200,265,True,False,East,2024-05,0.7863,1
7020,Jamie Patel,Basic,699,40,0,5,5,4,0,1,100,239,False,False,East,2024-12,0.8235,1
7021,Reese Brown,Basic,699,30,2,7,4,4,1,0,100,119,False,False,East,2024-02,0.5943,0
7022,Morgan Patel,Basic,699,44,7,4,0,2,0,0,100,270,False,False,East,2024-10,0.471,0
7023,Taylor Nguyen,Basic,699,2,3,7,5,1,1,1,100,188,False,True,East,2024-04,0.5897,1
7024,Reese Garcia,Ultra,2499,46,1,2,7,5,1,0,1000,158,False,False,South,2024-07,0.8485,1
7025,Quinn Brown,Ultra,2499,50,3,5,6,3,1,1,1000,125,True,True,North,2024-02,0.6606,1
7026,Taylor Brown,Ultra,2499,51,3,0,7,2,0,1,1000,200,False,False,West,2024-09,0.7452,1
7027,Casey Khan,Ultra,2499,6,7,3,5,3,1,1,1000,123,False,True,South,2024-03,0.6591,0
7028,Riley Smith,Basic,699,38,2,5,7,3,0,1,100,174,False,False,North,2024-07,0.5942,0
7029,Riley Brown,Plus,999,58,7,1,8,1,0,1,200,285,False,True,West,2024-07,0.8071,0
7030,Jamie Smith,Ultra,2499,58,0,6,5,1,1,1,1000,330,True,False,South,2024-03,0.7924,1
7031,Morgan Patel,Basic,699,4,1,6,1,2,0,0,100,255,False,False,East,2024-06,0.7449,1
7032,Quinn Smith,Ultra,2499,24,0,0,4,0,0,0,1000,119,False,False,North,2024-08,0.5716,0
7033,Taylor Brown,Plus,999,38,4,1,4,0,1,0,200,176,False,False,South,2024-11,0.4346,0
7034,Riley Lee,Basic,699,55,3,0,3,4,1,1,100,226,False,True,West,2024-06,0.4671,0
7035,Casey Nguyen,Premium,1499,3,6,3,1,1,0,1,500,110,False,False,North,2024-02,0.7879,1
7036,Riley Nguyen,Basic,699,29,2,7,2,0,1,1,100,172,False,False,North,2024-12,0.7537,1
7037,Taylor Lee,Ultra,2499,13,6,2,0,1,1,0,1000,113,False,False,West,2024-08,0.7909,0
7038,Reese Patel,Plus,999,43,8,3,1,5,1,0,200,338,False,False,North,2024-12,0.6164,0
7039,Jordan Johnson,Plus,999,50,4,7,6,1,0,1,200,149,False,False,East,2024-12,0.8562,1
7040,Casey Khan,Ultra,2499,24,0,3,8,1,0,1,1000,140,True,False,North,2024-01,0.7721,1
7041,Jordan Patel,Ultra,2499,45,4,3,6,4,1,0,1000,129,False,False,East,2024-02,0.9109,1
7042,Casey Smith,Ultra,2499,35,1,1,0,5,1,0,1000,204,True,False,South,2024-12,0.4445,0
7043,Quinn Lee,Premium,1499,48,7,7,4,2,0,0,500,138,False,False,East,2024-09,0.8725,1
7044,Alex Martinez,Plus,999,47,3,1,3,4,1,0,200,276,False,False,South,2024-06,0.772,1
7045,Casey Lee,Ultra,2499,3,7,7,2,5,0,0,1000,133,False,False,East,2024-11,0.7059,1
7046,Morgan Davis,Basic,699,5,2,0,4,2,0,0,100,178,False,False,West,2024-11,0.7108,1
7047,Morgan Patel,Basic,699,4,4,6,4,2,1,1,100,75,False,False,West,2024-06,0.8808,1
7048,Casey Martinez,Plus,999,30,2,7,6,3,0,1,200,173,False,False,East,2024-04,0.5611,0
7049,Avery Smith,Premium,1499,29,0,4,0,2,1,1,500,228,False,False,East,2024-10,0.4129,0
7050,Avery Martinez,Basic,699,1,1,4,1,3,1,1,100,174,False,False,South,2024-03,0.4837,0
7051,Taylor Davis,Premium,1499,17,1,6,8,5,1,1,500,28,False,False,East,2024-11,0.8972,1
7052,Riley Lee,Basic,699,49,5,5,4,4,1,0,100,250,False,False,South,2024-05,0.8876,1
7053,Alex Khan,Ultra,2499,30,8,4,7,5,1,0,1000,128,False,True,East,2024-07,0.9513,1
7054,Jordan Nguyen,Basic,699,4,8,3,1,0,0,0,100,307,False,True,North,2024-12,0.7974,1
7055,Avery Khan,Premium,1499,36,2,7,6,5,1,1,500,259,False,False,East,2024-02,0.8717,1
7056,Jordan Nguyen,Basic,699,39,6,3,7,3,1,0,100,124,False,True,South,2024-07,0.8909,1
7057,Jamie Johnson,Premium,1499,3,5,0,2,3,1,0,500,163,False,False,West,2024-03,0.8079,1
7058,Jordan Martinez,Ultra,2499,43,8,6,1,2,0,0,1000,20,False,False,East,2024-03,0.6267,1
7059,Jamie Nguyen,Basic,699,36,1,1,6,3,0,1,100,218,False,False,West,2024-01,0.7958,0
7060,Quinn Patel,Plus,999,10,3,4,7,5,0,1,200,124,False,False,South,2024-05,0.8629,1
7061,Morgan Patel,Premium,1499,51,2,6,0,1,0,0,500,20,False,False,South,2024-05,0.4295,0
7062,Quinn Patel,Premium,1499,48,6,2,1,5,0,0,500,243,False,True,North,2024-01,0.8567,1
7063,Taylor Smith,Ultra,2499,39,1,3,6,2,0,0,1000,330,False,True,West,2024-05,0.4804,0
7064,Jordan Smith,Basic,699,33,2,5,7,4,0,0,100,190,True,True,South,2024-12,0.5976,0
7065,Riley Brown,Ultra,2499,32,5,3,6,1,1,1,1000,200,False,False,East,2024-07,0.5133,1
7066,Morgan Martinez,Basic,699,31,6,0,6,3,0,1,100,228,False,False,North,2024-02,0.5814,0
7067,Morgan Garcia,Plus,999,6,4,6,1,0,0,0,200,275,False,False,South,2024-05,0.403,0
7068,Taylor Patel,Premium,1499,14,0,6,1,0,1,0,500,191,False,False,South,2024-12,0.73,1
7069,Alex Garcia,Basic,699,20,8,7,3,2,1,1,100,210,False,True,West,2024-11,0.8766,1
7070,Morgan Lee,Ultra,2499,41,1,4,3,2,1,0,1000,20,False,False,North,2024-06,0.8057,1
7071,Reese Khan,Ultra,2499,14,0,1,4,5,1,0,1000,169,False,False,West,2024-07,0.7799,1
7072,Quinn Martinez,Basic,699,26,2,5,1,2,1,0,100,233,False,False,North,2024-09,0.7761,1
7073,Jamie Lee,Plus,999,17,2,1,1,5,0,1,200,87,False,True,South,2024-07,0.3847,0
7074,Reese Martinez,Ultra,2499,57,3,3,6,2,1,1,1000,100,False,False,North,2024-10,0.6477,1
7075,Riley Brown,Basic,699,36,6,4,5,5,0,1,100,230,False,True,East,2024-02,0.7208,1
7076,Taylor Garcia,Basic,699,20,4,0,2,1,0,0,100,167,False,False,North,2024-02,0.3414,0
7077,Morgan Brown,Premium,1499,10,0,0,0,4,0,1,500,261,False,False,East,2024-05,0.6448,0
7078,Riley Martinez,Premium,1499,56,7,7,1,1,1,1,500,220,False,False,West,2024-02,0.8478,1
7079,Casey Davis,Premium,1499,13,7,6,8,1,1,0,500,315,False,False,West,2024-03,0.7071,1
7080,Alex Martinez,Plus,999,47,7,7,4,2,1,0,200,267,False,False,West,2024-03,0.6416,1
7081,Avery Smith,Ultra,2499,35,4,6,7,4,1,0,1000,254,False,True,South,2024-03,0.9171,1
7082,Avery Davis,Basic,699,5,3,6,0,0,1,1,100,187,False,False,East,2024-01,0.5213,1
7083,Quinn Smith,Premium,1499,1,8,7,2,0,1,1,500,107,False,False,East,2024-10,0.6155,1
7084,Riley Davis,Premium,1499,4,6,6,0,4,1,1,500,210,False,False,South,2024-07,0.9104,1
7085,Morgan Nguyen,Premium,1499,55,1,7,4,2,1,0,500,148,False,False,East,2024-09,0.8656,1
7086,Casey Nguyen,Ultra,2499,18,1,5,7,1,0,0,1000,89,True,False,West,2024-05,0.8401,0
7087,Avery Garcia,Plus,999,57,4,2,4,3,1,0,200,265,False,False,West,2024-10,0.8647,1
7088,Jamie Brown,Plus,999,15,4,3,5,2,0,1,200,68,False,False,East,2024-10,0.5074,0
7089,Alex Martinez,Ultra,2499,38,4,6,8,1,0,1,1000,284,False,True,North,2024-02,0.8318,1
7090,Alex Brown,Basic,699,60,6,6,5,4,0,1,100,67,False,True,North,2024-01,0.9173,1
7091,Reese Garcia,Basic,699,57,7,4,3,2,1,1,100,193,False,False,West,2024-04,0.8838,1
7092,Casey Garcia,Ultra,2499,10,7,6,2,1,1,1,1000,167,False,False,North,2024-02,0.8568,1
7093,Casey Patel,Plus,999,44,1,1,7,5,1,0,200,201,True,False,East,2024-04,0.5843,1
7094,Morgan Johnson,Ultra,2499,12,2,6,7,4,1,0,1000,210,False,True,North,2024-09,0.6864,0
7095,Alex Martinez,Basic,699,55,0,5,2,2,0,0,100,43,False,True,North,2024-04,0.7315,1
7096,Morgan Smith,Ultra,2499,11,5,1,0,0,0,0,1000,279,True,False,East,2024-06,0.7167,1
7097,Riley Patel,Ultra,2499,39,0,7,0,3,0,1,1000,157,False,False,South,2024-03,0.467,0
7098,Alex Lee,Plus,999,59,0,5,0,5,0,1,200,100,False,True,North,2024-02,0.7801,1
7099,Jamie Lee,Basic,699,38,8,5,7,0,0,1,100,189,True,False,East,2024-01,0.8524,1
7100,Alex Lee,Premium,1499,27,0,6,4,0,0,0,500,187,False,False,East,2024-06,0.3946,0
7101,Reese Davis,Basic,699,52,2,7,7,0,0,1,100,82,False,False,West,2024-02,0.7937,0
7102,Casey Nguyen,Premium,1499,5,3,4,1,1,0,1,500,87,False,False,South,2024-11,0.7712,0
7103,Avery Smith,Basic,699,50,4,4,6,0,1,1,100,276,False,False,West,2024-12,0.517,1
7104,Taylor Khan,Premium,1499,16,8,1,5,1,1,1,500,97,True,False,West,2024-05,0.8443,1
7105,Riley Johnson,Premium,1499,1,5,0,3,3,0,0,500,121,False,True,South,2024-01,0.8361,0
7106,Riley Johnson,Premium,1499,3,1,2,8,5,0,1,500,169,False,False,North,2024-03,0.6379,0
7107,Jordan Nguyen,Premium,1499,10,5,1,2,2,0,1,500,261,False,True,North,2024-11,0.4818,0
7108,Casey Patel,Basic,699,12,2,4,6,0,1,1,100,230,False,False,West,2024-08,0.4529,0
7109,Jordan Smith,Plus,999,45,5,6,6,3,0,1,200,182,False,True,East,2024-12,0.8953,1
7110,Avery Garcia,Plus,999,30,5,6,5,3,0,0,200,233,False,False,East,2024-09,0.9033,1
7111,Jamie Garcia,Plus,999,13,5,0,6,3,1,1,200,235,False,False,South,2024-04,0.8567,1
7112,Avery Khan,Plus,999,46,5,6,7,4,1,1,200,244,True,False,South,2024-08,0.9304,1
7113,Avery Lee,Basic,699,21,7,4,2,3,1,0,100,100,False,False,South,2024-07,0.8914,0
7114,Alex Lee,Basic,699,13,8,1,0,0,1,1,100,306,False,False,South,2024-05,0.3858,0
7115,Casey Patel,Premium,1499,8,2,3,4,1,0,1,500,154,False,False,South,2024-02,0.7689,1
7116,Quinn Smith,Premium,1499,1,7,4,1,5,1,0,500,218,False,True,East,2024-05,0.7109,1
7117,Reese Smith,Plus,999,48,0,4,2,5,0,1,200,92,False,False,North,2024-04,0.4765,0
7118,Morgan Martinez,Basic,699,59,0,6,5,1,0,0,100,218,False,False,East,2024-10,0.7771,1
7119,Alex Patel,Premium,1499,19,5,7,0,5,1,1,500,204,False,False,South,2024-12,0.8899,1
7120,Reese Davis,Basic,699,19,5,6,1,3,1,1,100,249,False,True,East,2024-12,0.6364,0
7121,Reese Lee,Plus,999,46,3,2,5,0,0,0,200,147,False,False,South,2024-07,0.7177,1
7122,Jamie Smith,Ultra,2499,33,6,3,2,0,1,1,1000,57,False,False,East,2024-02,0.815,1
7123,Casey Nguyen,Plus,999,11,5,5,3,4,0,0,200,228,False,False,North,2024-08,0.8756,1
7124,Reese Johnson,Basic,699,11,0,4,2,3,0,1,100,286,False,False,West,2024-06,0.7252,1
7125,Morgan Smith,Ultra,2499,9,5,1,2,0,0,0,1000,214,False,False,North,2024-07,0.7425,1
7126,Taylor Martinez,Ultra,2499,49,1,5,3,1,0,0,1000,343,False,False,East,2024-07,0.7506,1
7127,Avery Smith,Ultra,2499,38,0,2,3,0,1,1,1000,106,True,False,East,2024-12,0.7145,1
7128,Alex Smith,Plus,999,6,6,2,8,1,0,0,200,310,True,False,South,2024-06,0.8336,1
7129,Jamie Davis,Basic,699,56,8,1,1,4,1,1,100,238,False,True,East,2024-09,0.8692,1
7130,Quinn Garcia,Ultra,2499,53,3,5,8,4,0,1,1000,251,False,False,West,2024-08,0.8807,1
7131,Riley Lee,Plus,999,47,4,0,5,1,1,1,200,131,False,False,East,2024-03,0.4397,0
7132,Avery Garcia,Basic,699,23,5,2,0,5,1,0,100,212,False,False,West,2024-06,0.8565,1
7133,Jordan Johnson,Basic,699,42,0,5,2,4,0,1,100,203,False,False,East,2024-01,0.7619,1
7134,Morgan Garcia,Basic,699,18,3,7,0,4,0,0,100,218,False,False,East,2024-03,0.8388,1
7135,Alex Smith,Ultra,2499,27,1,6,7,2,0,1,1000,206,False,True,East,2024-08,0.8227,1
7136,Reese Brown,Ultra,2499,4,6,4,4,4,0,0,1000,167,False,False,North,2024-01,0.9107,1
7137,Avery Smith,Ultra,2499,29,5,6,1,2,1,1,1000,83,False,False,East,2024-07,0.814,1
7138,Riley Khan,Plus,999,16,0,5,2,0,1,1,200,285,False,True,South,2024-03,0.3981,0
7139,Jordan Khan,Premium,1499,49,8,2,1,5,0,1,500,222,False,True,South,2024-07,0.8479,1
7140,Jamie Smith,Premium,1499,43,8,6,3,4,1,1,500,231,False,False,North,2024-07,0.9162,1
7141,Casey Nguyen,Premium,1499,49,8,1,6,3,1,0,500,69,False,True,North,2024-03,0.7239,0
7142,Morgan Nguyen,Basic,699,40,7,5,5,4,1,0,100,191,False,True,North,2024-12,0.9146,1
7143,Quinn Smith,Basic,699,8,8,3,3,1,1,0,100,153,False,False,South,2024-02,0.462,0
7144,Casey Martinez,Plus,999,44,2,0,4,2,0,0,200,221,False,False,East,2024-05,0.7067,1
7145,Reese Martinez,Plus,999,56,2,2,6,5,1,0,200,166,False,False,East,2024-09,0.8767,1
7146,Avery Nguyen,Premium,1499,18,2,3,4,5,0,0,500,83,False,False,South,2024-07,0.825,1
7147,Reese Khan,Ultra,2499,37,0,4,2,3,0,1,1000,120,True,False,East,2024-02,0.7573,1
7148,Morgan Khan,Plus,999,5,4,6,8,1,1,1,200,184,False,True,East,2024-07,0.678,1
7149,Morgan Davis,Premium,1499,58,5,2,0,5,0,1,500,155,False,False,North,2024-06,0.8098,1
7150,Morgan Lee,Plus,999,44,0,2,2,5,1,0,200,298,False,False,South,2024-03,0.5428,0
7151,Avery Smith,Plus,999,29,1,6,0,0,1,0,200,190,False,False,East,2024-06,0.6806,1
7152,Riley Martinez,Plus,999,34,5,0,2,4,0,0,200,283,True,False,West,2024-11,0.7726,1
7153,Riley Patel,Basic,699,28,2,5,2,4,0,1,100,156,False,True,South,2024-03,0.8109,1
7154,Avery Brown,Plus,999,10,5,1,7,0,1,1,200,98,False,False,West,2024-06,0.7888,1
7155,Casey Johnson,Plus,999,59,2,1,5,5,1,0,200,119,True,False,West,2024-04,0.8471,1
7156,Reese Brown,Plus,999,25,0,7,2,3,0,0,200,181,False,False,North,2024-11,0.7478,1
7157,Jamie Khan,Premium,1499,48,4,5,2,5,0,1,500,154,False,False,East,2024-07,0.8682,1
7158,Morgan Patel,Basic,699,10,5,1,6,2,1,1,100,236,False,False,East,2024-05,0.8345,1
7159,Taylor Brown,Basic,699,50,3,2,7,0,0,0,100,237,False,False,North,2024-08,0.4324,0
7160,Reese Brown,Premium,1499,50,7,6,1,3,1,0,500,220,False,False,West,2024-06,0.9054,1
7161,Quinn Brown,Ultra,2499,4,2,6,0,4,0,0,1000,101,False,False,North,2024-04,0.5272,1
7162,Riley Garcia,Ultra,2499,18,8,3,4,4,0,1,1000,303,False,False,West,2024-05,0.8745,1
7163,Jordan Garcia,Plus,999,12,0,4,1,2,1,0,200,20,False,False,South,2024-05,0.3964,0
7164,Casey Khan,Basic,699,51,5,2,8,4,1,0,100,189,False,True,West,2024-11,0.8452,1
7165,Quinn Nguyen,Ultra,2499,36,4,0,3,4,0,0,1000,273,False,True,West,2024-01,0.7946,0
7166,Reese Smith,Premium,1499,20,0,3,2,2,0,1,500,202,False,False,South,2024-01,0.687,1
7167,Jamie Khan,Premium,1499,16,1,0,7,0,0,1,500,89,False,True,West,2024-09,0.3142,0
7168,Casey Nguyen,Plus,999,33,1,0,0,3,0,0,200,114,False,False,West,2024-04,0.3324,0
7169,Jamie Khan,Premium,1499,50,4,3,6,1,0,0,500,169,False,False,North,2024-02,0.8025,1
7170,Alex Brown,Ultra,2499,17,0,7,2,0,1,0,1000,114,False,False,South,2024-04,0.763,0
7171,Casey Martinez,Basic,699,37,4,4,6,4,0,0,100,282,False,True,North,2024-09,0.6895,0
7172,Alex Davis,Basic,699,57,3,6,3,5,1,0,100,214,False,False,West,2024-02,0.8903,1
7173,Avery Martinez,Plus,999,28,6,2,3,4,1,1,200,94,False,False,North,2024-03,0.8621,0
7174,Quinn Patel,Premium,1499,42,2,5,4,2,1,1,500,132,False,False,North,2024-12,0.7852,1
7175,Taylor Garcia,Plus,999,50,7,2,4,0,1,1,200,253,False,False,East,2024-07,0.7834,1
7176,Quinn Lee,Premium,1499,10,6,7,7,2,1,0,500,263,False,False,North,2024-06,0.92,1
7177,Jamie Khan,Plus,999,18,3,0,5,2,0,1,200,218,False,True,East,2024-04,0.7742,1
7178,Taylor Garcia,Premium,1499,8,0,7,5,3,0,1,500,136,False,True,East,2024-03,0.6245,0
7179,Reese Nguyen,Plus,999,28,0,5,7,5,1,0,200,183,False,True,West,2024-11,0.64,1
7180,Casey Khan,Plus,999,10,0,4,7,3,0,1,200,134,False,False,South,2024-07,0.7668,0
7181,Alex Johnson,Ultra,2499,32,2,7,2,2,1,1,1000,213,True,False,East,2024-11,0.8406,1
7182,Quinn Nguyen,Plus,999,11,1,7,1,2,1,1,200,124,False,False,North,2024-06,0.412,0
7183,Casey Nguyen,Basic,699,18,6,2,1,5,1,0,100,91,False,False,East,2024-09,0.6524,1
7184,Reese Lee,Ultra,2499,60,0,7,6,3,0,1,1000,137,False,False,South,2024-03,0.8219,1
7185,Riley Johnson,Plus,999,37,1,7,3,1,1,0,200,281,False,False,West,2024-01,0.7468,1
7186,Alex Brown,Premium,1499,60,0,3,7,4,0,1,500,129,False,False,North,2024-08,0.4762,0
7187,Casey Garcia,Plus,999,8,3,5,4,5,1,1,200,293,False,False,South,2024-06,0.7229,1
7188,Quinn Khan,Plus,999,50,5,5,5,5,0,0,200,232,True,False,South,2024-11,0.9196,1
7189,Taylor Nguyen,Basic,699,60,1,6,2,2,0,0,100,139,False,True,South,2024-03,0.8252,1
7190,Jamie Smith,Premium,1499,38,1,6,6,5,0,0,500,198,False,False,West,2024-05,0.8917,1
7191,Riley Lee,Basic,699,54,6,1,1,0,1,1,100,172,False,False,East,2024-08,0.733,0
7192,Taylor Nguyen,Premium,1499,1,7,1,8,0,0,0,500,296,False,False,North,2024-09,0.8265,0
7193,Casey Garcia,Premium,1499,18,7,2,7,2,1,1,500,281,False,False,North,2024-08,0.8753,1
7194,Quinn Nguyen,Ultra,2499,3,8,4,6,0,1,1,1000,120,False,False,North,2024-11,0.8667,1
7195,Taylor Brown,Basic,699,59,1,3,3,4,1,0,100,187,False,False,North,2024-02,0.7818,1
7196,Avery Smith,Basic,699,2,2,4,6,2,0,1,100,102,False,False,North,2024-11,0.5769,1
7197,Quinn Khan,Premium,1499,6,1,0,2,2,1,0,500,141,False,False,North,2024-07,0.6923,0
7198,Casey Garcia,Ultra,2499,55,2,0,7,5,0,0,1000,200,False,False,East,2024-07,0.804,1
7199,Casey Nguyen,Ultra,2499,15,3,7,1,4,0,0,1000,281,False,False,South,2024-04,0.5281,1
7200,Reese Khan,Ultra,2499,30,3,0,6,0,0,1,1000,198,False,True,South,2024-09,0.7421,0
7201,Riley Brown,Ultra,2499,58,3,2,7,5,1,0,1000,176,False,False,South,2024-01,0.8551,1
7202,Alex Martinez,Basic,699,22,8,0,8,5,1,0,100,240,False,False,North,2024-10,0.8967,1
7203,Jordan Davis,Plus,999,54,4,5,2,2,1,1,200,132,False,False,East,2024-03,0.5686,1
7204,Jordan Davis,Basic,699,58,4,3,8,5,0,0,100,206,True,False,West,2024-08,0.8685,1
7205,Taylor Khan,Basic,699,27,0,1,2,3,1,1,100,120,False,False,East,2024-04,0.4015,0
7206,Alex Garcia,Basic,699,47,8,6,5,4,0,1,100,201,True,True,South,2024-07,0.918,1
7207,Reese Johnson,Premium,1499,40,1,6,4,5,0,0,500,119,False,False,West,2024-08,0.851,1
7208,Jamie Khan,Premium,1499,49,8,7,3,3,1,0,500,148,False,False,West,2024-12,0.8893,1
7209,Reese Martinez,Premium,1499,39,2,3,0,2,1,1,500,58,False,False,West,2024-04,0.7893,1
7210,Taylor Johnson,Ultra,2499,43,0,7,2,0,1,0,1000,247,False,False,East,2024-04,0.6898,1
7211,Jamie Patel,Premium,1499,31,3,6,8,4,0,0,500,189,True,False,North,2024-09,0.8874,1
7212,Casey Martinez,Basic,699,29,7,4,8,2,0,0,100,161,True,False,East,2024-02,0.8753,1
7213,Morgan Martinez,Plus,999,19,2,6,0,1,1,0,200,150,True,True,East,2024-02,0.839,1
7214,Avery Brown,Plus,999,37,2,6,5,3,0,1,200,149,False,True,North,2024-05,0.8374,1
7215,Riley Patel,Ultra,2499,60,4,6,6,0,0,1,1000,126,False,True,South,2024-08,0.8695,1
7216,Casey Davis,Premium,1499,30,8,6,5,2,0,0,500,64,False,False,South,2024-08,0.8875,1
7217,Morgan Nguyen,Basic,699,28,4,7,6,2,0,1,100,281,False,False,East,2024-05,0.6169,1
7218,Taylor Patel,Ultra,2499,38,2,1,5,5,0,1,1000,193,True,False,East,2024-05,0.8765,1
7219,Riley Nguyen,Plus,999,17,6,4,3,4,1,1,200,197,False,False,West,2024-01,0.6373,1
7220,Riley Smith,Premium,1499,35,8,4,4,2,1,0,500,160,True,False,East,2024-08,0.6224,1
7221,Jamie Patel,Basic,699,34,2,0,3,0,0,0,100,267,False,False,North,2024-01,0.6379,0
7222,Reese Khan,Basic,699,46,3,2,5,2,0,1,100,258,False,False,East,2024-05,0.8056,1
7223,Alex Garcia,Ultra,2499,43,6,1,4,1,1,1,1000,151,False,False,South,2024-05,0.7971,1
7224,Alex Smith,Plus,999,17,1,7,4,1,1,1,200,176,True,True,South,2024-01,0.8052,0
7225,Quinn Khan,Plus,999,35,5,0,2,2,1,0,200,191,False,False,West,2024-04,0.7957,1
7226,Avery Khan,Basic,699,38,8,0,4,2,0,0,100,168,False,False,East,2024-08,0.4856,0
7227,Casey Davis,Ultra,2499,37,5,3,6,4,0,0,1000,173,True,False,West,2024-09,0.7027,1
7228,Alex Davis,Ultra,2499,3,3,6,7,2,0,0,1000,133,False,True,East,2024-10,0.5672,1
7229,Avery Lee,Premium,1499,21,0,0,5,1,1,1,500,212,True,False,West,2024-01,0.7385,1
7230,Casey Martinez,Plus,999,44,4,1,1,2,1,0,200,211,False,True,South,2024-11,0.7491,1
7231,Jamie Lee,Basic,699,34,6,3,6,3,0,0,100,100,False,False,South,2024-01,0.8802,1
7232,Avery Garcia,Plus,999,5,5,6,0,2,1,1,200,189,False,False,West,2024-10,0.8508,1
7233,Morgan Martinez,Premium,1499,33,7,5,4,4,1,0,500,307,True,False,West,2024-06,0.9095,1
7234,Riley Smith,Ultra,2499,38,3,3,2,1,1,1,1000,304,False,False,North,2024-08,0.4489,0
7235,Riley Davis,Ultra,2499,17,5,6,2,4,0,0,1000,51,False,True,North,2024-07,0.8978,1
7236,Casey Lee,Ultra,2499,9,7,0,4,3,1,1,1000,247,False,True,West,2024-04,0.8539,1
7237,Taylor Davis,Plus,999,14,6,3,0,3,0,1,200,76,False,False,South,2024-09,0.5288,0
7238,Riley Davis,Premium,1499,25,2,3,1,5,0,1,500,119,False,False,East,2024-01,0.5184,0
7239,Casey Khan,Ultra,2499,51,1,7,1,3,1,1,1000,234,False,False,North,2024-02,0.4729,0
7240,Casey Smith,Plus,999,42,8,6,2,3,1,1,200,130,False,False,West,2024-06,0.8969,1
7241,Casey Johnson,Basic,699,56,8,3,5,4,0,1,100,119,False,False,North,2024-07,0.6029,1
7242,Jamie Smith,Basic,699,34,2,3,2,2,1,1,100,97,False,False,South,2024-11,0.7655,0
7243,Quinn Johnson,Basic,699,56,6,7,3,4,1,1,100,201,False,False,East,2024-01,0.8973,1
7244,Reese Garcia,Premium,1499,23,5,1,0,3,0,0,500,180,False,False,East,2024-11,0.5073,0
7245,Quinn Martinez,Plus,999,42,0,2,4,4,0,1,200,111,False,False,West,2024-02,0.3514,0
7246,Avery Khan,Plus,999,11,7,5,3,1,1,0,200,211,False,True,South,2024-01,0.8622,1
7247,Quinn Nguyen,Ultra,2499,20,7,6,7,1,0,1,1000,130,False,False,West,2024-07,0.6721,1
7248,Alex Patel,Basic,699,44,1,3,2,0,1,0,100,238,False,True,East,2024-11,0.6222,0
7249,Alex Khan,Plus,999,46,1,0,3,1,1,1,200,134,True,False,South,2024-03,0.7535,1
7250,Alex Smith,Ultra,2499,36,3,3,7,4,0,1,1000,220,True,False,South,2024-10,0.8809,1
7251,Alex Patel,Premium,1499,42,6,7,2,0,0,0,500,262,False,True,North,2024-06,0.5653,1
7252,Jordan Brown,Basic,699,54,1,6,8,2,1,1,100,235,False,False,West,2024-02,0.8504,0
7253,Alex Brown,Plus,999,46,7,5,4,3,1,0,200,217,False,False,North,2024-06,0.8871,1
7254,Riley Khan,Plus,999,10,6,3,5,0,0,1,200,192,False,False,South,2024-07,0.796,1
7255,Riley Patel,Ultra,2499,16,0,3,2,3,0,1,1000,180,False,False,South,2024-08,0.6867,1
7256,Morgan Martinez,Ultra,2499,2,4,4,2,4,1,1,1000,124,True,True,West,2024-02,0.8945,1
7257,Casey Garcia,Ultra,2499,14,5,5,6,1,0,1,1000,113,False,False,South,2024-01,0.8487,1
7258,Jamie Patel,Basic,699,53,7,6,7,1,0,1,100,168,True,False,South,2024-08,0.6727,0
7259,Alex Garcia,Ultra,2499,16,1,4,7,4,0,1,1000,246,False,False,East,2024-12,0.8278,1
7260,Casey Johnson,Plus,999,34,2,4,4,2,0,0,200,273,False,False,East,2024-07,0.4952,0
7261,Avery Lee,Premium,1499,60,7,5,4,0,0,1,500,215,False,True,East,2024-05,0.5849,1
7262,Avery Nguyen,Premium,1499,39,4,2,1,2,0,0,500,202,False,False,East,2024-04,0.4745,0
7263,Reese Smith,Basic,699,41,0,0,6,5,1,0,100,265,False,True,North,2024-04,0.5573,0
7264,Jamie Smith,Premium,1499,20,1,4,1,3,0,1,500,182,False,False,South,2024-11,0.7655,1
7265,Riley Lee,Premium,1499,13,5,1,6,0,0,0,500,274,False,False,East,2024-02,0.7625,1
7266,Morgan Garcia,Plus,999,34,1,1,6,1,1,0,200,157,False,False,South,2024-03,0.7296,1
7267,Riley Johnson,Ultra,2499,33,8,5,1,5,0,1,1000,242,False,False,East,2024-05,0.9018,1
7268,Taylor Lee,Premium,1499,8,6,0,3,2,0,0,500,163,False,False,West,2024-10,0.7491,1
7269,Reese Brown,Ultra,2499,21,3,2,0,1,1,0,1000,197,False,False,North,2024-10,0.6883,0
7270,Jamie Garcia,Basic,699,30,8,0,0,3,0,0,100,75,True,False,West,2024-02,0.4429,0
7271,Jamie Lee,Plus,999,47,3,6,0,5,1,0,200,202,False,False,North,2024-01,0.8823,1
7272,Alex Khan,Premium,1499,32,3,4,0,3,0,1,500,182,False,False,West,2024-05,0.473,0
7273,Reese Khan,Ultra,2499,43,2,3,8,2,0,0,1000,262,False,False,North,2024-07,0.7592,1
7274,Avery Brown,Premium,1499,40,3,7,7,5,1,1,500,216,False,True,West,2024-03,0.9219,0
7275,Quinn Smith,Ultra,2499,60,7,1,6,5,1,0,1000,219,False,False,South,2024-03,0.8964,1
7276,Alex Patel,Ultra,2499,9,1,0,5,4,1,0,1000,122,True,True,North,2024-02,0.8251,1
7277,Riley Johnson,Basic,699,24,5,3,8,2,0,0,100,295,False,False,East,2024-09,0.8568,0
7278,Avery Patel,Ultra,2499,44,3,4,1,3,0,0,1000,144,False,False,West,2024-12,0.7575,0
7279,Riley Garcia,Ultra,2499,33,7,2,6,2,0,1,1000,62,True,False,East,2024-04,0.8982,1
7280,Reese Garcia,Plus,999,5,3,7,1,2,1,0,200,113,False,True,South,2024-08,0.835,1
7281,Jordan Davis,Ultra,2499,26,1,2,1,5,1,1,1000,272,False,False,North,2024-01,0.748,1
7282,Reese Lee,Ultra,2499,52,6,6,4,4,1,1,1000,284,True,False,West,2024-02,0.925,1
7283,Taylor Johnson,Ultra,2499,33,1,5,7,5,1,0,1000,99,False,False,North,2024-06,0.644,0
7284,Riley Johnson,Premium,1499,46,2,6,2,1,1,1,500,129,False,True,North,2024-05,0.8229,0
7285,Casey Lee,Plus,999,23,6,3,2,0,0,0,200,134,True,True,East,2024-06,0.7527,1
7286,Reese Garcia,Plus,999,40,6,6,7,0,1,1,200,164,False,False,East,2024-06,0.8515,1
7287,Morgan Nguyen,Plus,999,45,5,1,7,1,0,1,200,194,False,False,East,2024-04,0.758,1
7288,Alex Lee,Basic,699,39,8,0,0,1,1,1,100,145,False,True,North,2024-10,0.7572,1
7289,Avery Patel,Premium,1499,40,6,3,5,2,0,1,500,165,False,True,West,2024-08,0.8719,0
7290,Taylor Garcia,Plus,999,34,6,3,0,0,0,0,200,227,False,False,West,2024-05,0.6998,1
7291,Morgan Brown,Plus,999,57,2,7,7,3,1,0,200,175,True,False,North,2024-01,0.8191,1
7292,Morgan Nguyen,Premium,1499,47,7,4,6,2,0,0,500,197,False,True,North,2024-03,0.8824,1
7293,Jordan Nguyen,Plus,999,16,6,5,7,3,0,0,200,111,False,True,East,2024-09,0.9061,1
7294,Alex Johnson,Plus,999,13,4,1,8,3,1,1,200,262,False,False,South,2024-05,0.8262,1
7295,Taylor Lee,Premium,1499,5,6,5,0,2,1,0,500,113,False,True,West,2024-05,0.876,1
7296,Avery Lee,Premium,1499,51,5,3,8,5,0,0,500,86,False,False,West,2024-07,0.887,1
7297,Alex Smith,Ultra,2499,6,8,6,6,4,0,1,1000,265,False,False,East,2024-02,0.9227,1
7298,Taylor Johnson,Basic,699,12,3,6,6,0,0,0,100,48,True,False,West,2024-07,0.8007,1
7299,Reese Khan,Premium,1499,13,0,2,3,3,0,0,500,191,False,False,North,2024-03,0.7445,1
7300,Riley Johnson,Plus,999,10,3,5,3,1,0,0,200,66,False,False,East,2024-10,0.8034,1
7301,Jamie Lee,Basic,699,53,3,2,1,2,0,0,100,273,False,False,South,2024-12,0.7691,0
7302,Alex Khan,Plus,999,33,6,6,5,5,1,0,200,203,False,False,South,2024-04,0.9338,1
7303,Jordan Martinez,Basic,699,26,7,3,0,5,0,0,100,30,False,True,West,2024-09,0.9033,1
7304,Casey Khan,Plus,999,26,0,4,8,2,0,0,200,139,True,True,West,2024-06,0.7756,1
7305,Riley Nguyen,Basic,699,3,6,2,0,1,1,1,100,162,False,False,North,2024-10,0.8273,1
7306,Riley Davis,Premium,1499,27,4,4,8,2,1,1,500,334,False,False,North,2024-04,0.8686,1
7307,Reese Lee,Basic,699,28,4,5,4,3,1,0,100,249,False,False,East,2024-09,0.8672,1
7308,Morgan Martinez,Basic,699,24,6,6,0,5,0,1,100,107,False,False,West,2024-06,0.9039,1
7309,Morgan Martinez,Plus,999,23,0,5,7,4,1,1,200,136,False,True,South,2024-08,0.8829,1
7310,Reese Nguyen,Ultra,2499,57,1,0,0,2,1,1,1000,270,False,False,East,2024-12,0.6731,1
7311,Taylor Nguyen,Plus,999,31,6,6,6,4,0,1,200,308,False,False,South,2024-05,0.785,1
7312,Casey Khan,Ultra,2499,36,3,1,1,0,1,0,1000,167,True,False,North,2024-09,0.6832,0
7313,Jamie Johnson,Premium,1499,16,3,4,0,2,1,0,500,49,False,False,South,2024-11,0.8464,1
7314,Avery Brown,Basic,699,18,7,6,0,5,1,0,100,149,False,False,West,2024-02,0.9122,1
7315,Reese Lee,Basic,699,16,3,7,8,0,0,1,100,128,False,False,East,2024-01,0.8417,1
7316,Jamie Smith,Premium,1499,37,5,2,5,4,1,1,500,130,False,False,South,2024-05,0.6014,1
7317,Morgan Smith,Plus,999,50,3,7,4,3,1,1,200,165,False,False,West,2024-06,0.8545,1
7318,Alex Garcia,Premium,1499,37,4,1,4,0,1,1,500,221,False,False,East,2024-12,0.7544,1
7319,Reese Johnson,Plus,999,8,2,0,1,5,1,0,200,223,True,True,East,2024-04,0.7935,1
7320,Jordan Smith,Ultra,2499,24,7,4,1,4,0,1,1000,133,False,False,East,2024-02,0.8523,0
7321,Alex Johnson,Plus,999,46,2,2,0,4,1,1,200,323,False,True,West,2024-02,0.7831,1
7322,Riley Garcia,Basic,699,40,3,3,7,3,0,0,100,41,False,False,West,2024-03,0.8295,1
7323,Taylor Khan,Plus,999,33,4,0,5,2,1,1,200,186,False,True,West,2024-03,0.8438,1
7324,Riley Brown,Ultra,2499,18,1,3,3,0,1,0,1000,252,False,False,South,2024-12,0.6796,1
7325,Jordan Martinez,Ultra,2499,60,1,5,5,4,0,1,1000,349,False,True,West,2024-05,0.8526,1
7326,Reese Patel,Ultra,2499,17,1,4,5,1,1,0,1000,267,False,False,North,2024-03,0.4297,0
7327,Reese Garcia,Plus,999,23,1,3,4,2,1,1,200,20,False,False,West,2024-02,0.7424,1
7328,Jamie Garcia,Basic,699,2,1,4,5,0,1,0,100,20,False,False,North,2024-06,0.5466,1
7329,Jordan Patel,Ultra,2499,4,6,1,4,2,1,0,1000,195,True,True,West,2024-08,0.8619,1
7330,Jamie Davis,Plus,999,58,5,5,2,1,1,1,200,211,False,True,West,2024-05,0.8427,1
7331,Avery Nguyen,Plus,999,6,2,1,8,5,1,1,200,223,False,True,South,2024-02,0.6414,1
7332,Taylor Garcia,Plus,999,42,7,0,3,2,0,1,200,159,False,False,East,2024-04,0.7518,1
7333,Avery Martinez,Plus,999,44,7,1,1,5,1,1,200,237,False,False,West,2024-02,0.8665,0
7334,Reese Nguyen,Premium,1499,3,7,6,6,4,1,0,500,187,False,False,West,2024-09,0.8343,1
7335,Avery Johnson,Basic,699,14,6,7,2,1,0,0,100,149,False,False,East,2024-05,0.8153,1
7336,Riley Martinez,Basic,699,7,5,4,8,1,1,0,100,209,False,True,West,2024-12,0.8543,1
7337,Avery Garcia,Premium,1499,35,0,0,8,5,1,1,500,214,False,False,North,2024-08,0.7833,1
7338,Avery Lee,Premium,1499,12,6,5,7,5,0,0,500,151,False,True,North,2024-04,0.946,1
7339,Quinn Smith,Premium,1499,23,6,1,2,5,1,1,500,151,True,False,North,2024-06,0.6248,0
7340,Reese Garcia,Ultra,2499,9,3,6,1,0,1,1,1000,261,False,False,West,2024-10,0.7581,1
7341,Reese Lee,Ultra,2499,59,8,4,3,1,0,0,1000,131,False,True,North,2024-10,0.5906,0
7342,Riley Lee,Basic,699,46,6,4,4,1,0,1,100,245,True,False,North,2024-03,0.868,1
7343,Taylor Khan,Basic,699,56,2,2,0,4,0,1,100,127,False,True,West,2024-03,0.7666,1
7344,Taylor Patel,Premium,1499,37,2,5,6,0,0,1,500,147,False,False,South,2024-02,0.4524,0
7345,Jordan Nguyen,Basic,699,36,2,0,5,4,0,0,100,264,False,False,West,2024-10,0.4299,0
7346,Riley Lee,Ultra,2499,4,2,1,6,0,1,0,1000,199,False,False,South,2024-05,0.7637,1
7347,Taylor Khan,Basic,699,57,0,1,5,2,1,0,100,105,False,True,South,2024-02,0.444,0
7348,Avery Nguyen,Ultra,2499,16,1,6,4,0,1,1,1000,219,False,False,South,2024-05,0.7255,1
7349,Jamie Lee,Premium,1499,2,4,4,4,5,1,1,500,199,False,False,West,2024-09,0.8951,1
7350,Jamie Lee,Ultra,2499,52,8,2,3,3,0,0,1000,256,False,False,East,2024-12,0.8089,1
7351,Reese Davis,Plus,999,43,2,1,1,2,0,0,200,155,True,True,West,2024-05,0.726,0
7352,Jordan Davis,Premium,1499,40,5,6,2,4,1,1,500,183,True,True,South,2024-09,0.923,1
7353,Casey Patel,Plus,999,45,1,0,2,4,1,1,200,73,True,False,East,2024-06,0.5144,1
7354,Jordan Brown,Premium,1499,15,6,5,7,0,1,0,500,216,True,True,South,2024-09,0.9132,1
7355,Avery Patel,Basic,699,36,1,4,7,5,0,0,100,241,True,False,North,2024-11,0.8604,1
7356,Quinn Nguyen,Plus,999,30,7,3,0,4,1,0,200,90,True,False,South,2024-06,0.8539,1
7357,Morgan Johnson,Ultra,2499,18,6,5,6,1,0,1,1000,291,False,False,South,2024-03,0.6743,1
7358,Riley Nguyen,Premium,1499,36,3,0,2,2,0,0,500,136,False,True,East,2024-11,0.6358,0
7359,Riley Brown,Premium,1499,29,1,0,2,1,1,1,500,165,False,True,North,2024-08,0.6697,0
7360,Morgan Khan,Premium,1499,9,0,4,4,2,1,0,500,162,False,False,North,2024-01,0.7874,1
7361,Alex Martinez,Premium,1499,41,7,1,2,4,0,0,500,241,False,True,East,2024-04,0.8663,1
7362,Jamie Lee,Basic,699,5,6,6,5,3,0,1,100,211,True,True,West,2024-05,0.902,1
7363,Alex Khan,Basic,699,9,3,6,6,5,0,0,100,156,False,True,North,2024-12,0.9299,1
7364,Jordan Khan,Premium,1499,41,7,1,5,5,1,1,500,206,True,False,North,2024-07,0.9109,1
7365,Jordan Smith,Premium,1499,48,1,2,6,4,0,0,500,205,False,False,South,2024-04,0.8179,1
7366,Morgan Martinez,Plus,999,50,5,3,1,4,1,1,200,20,False,False,North,2024-12,0.8525,1
7367,Avery Garcia,Plus,999,17,8,4,3,2,0,1,200,177,True,True,North,2024-11,0.8862,1
7368,Alex Smith,Plus,999,34,0,4,7,4,0,1,200,183,False,False,East,2024-02,0.7673,1
7369,Jordan Lee,Ultra,2499,13,7,3,0,1,0,1,1000,210,False,False,South,2024-08,0.4303,0
7370,Morgan Nguyen,Ultra,2499,58,0,2,8,2,0,1,1000,94,False,False,South,2024-07,0.381,0
7371,Alex Khan,Ultra,2499,15,2,0,1,3,0,0,1000,217,False,True,South,2024-01,0.4277,0
7372,Jordan Patel,Ultra,2499,43,2,3,2,1,0,1,1000,213,False,True,North,2024-08,0.4292,0
7373,Alex Lee,Basic,699,38,4,5,0,1,1,1,100,213,False,True,West,2024-11,0.7998,1
7374,Jamie Davis,Plus,999,29,4,1,0,1,0,0,200,228,False,False,North,2024-11,0.2606,0
7375,Avery Nguyen,Plus,999,51,2,7,1,2,1,1,200,187,False,False,South,2024-12,0.7673,1
7376,Morgan Garcia,Ultra,2499,12,4,0,8,4,1,0,1000,261,False,True,West,2024-02,0.8615,1
7377,Morgan Martinez,Basic,699,3,8,2,2,2,1,0,100,182,True,False,North,2024-03,0.8182,1
7378,Jamie Khan,Premium,1499,19,5,1,4,4,0,0,500,251,False,False,West,2024-02,0.8525,1
7379,Casey Smith,Basic,699,44,2,4,4,2,0,0,100,218,False,False,East,2024-05,0.7536,1
7380,Avery Lee,Ultra,2499,5,5,2,6,0,0,1,1000,125,True,True,West,2024-01,0.8511,1
7381,Taylor Smith,Premium,1499,17,5,4,0,3,1,1,500,131,True,False,North,2024-11,0.8624,1
7382,Taylor Brown,Basic,699,16,4,0,4,0,0,0,100,28,False,False,East,2024-10,0.6957,1
7383,Morgan Davis,Premium,1499,56,6,7,8,5,0,0,500,305,False,False,East,2024-08,0.9338,1
7384,Riley Khan,Plus,999,33,3,2,8,2,0,1,200,191,False,False,North,2024-04,0.8345,1
7385,Riley Martinez,Plus,999,32,0,1,0,4,0,0,200,20,False,False,South,2024-11,0.6542,1
7386,Quinn Lee,Plus,999,41,0,0,1,5,0,0,200,151,False,False,South,2024-12,0.7127,0
7387,Morgan Davis,Basic,699,16,4,2,7,1,1,0,100,241,False,False,East,2024-07,0.7892,1
7388,Casey Brown,Premium,1499,19,7,0,4,4,0,0,500,249,False,True,East,2024-07,0.8481,1
7389,Avery Garcia,Basic,699,56,6,6,4,2,1,1,100,264,False,False,West,2024-02,0.626,1
7390,Taylor Nguyen,Ultra,2499,29,0,1,8,0,0,0,1000,171,False,False,West,2024-07,0.6426,1
7391,Jordan Lee,Ultra,2499,6,7,2,7,3,1,1,1000,253,False,False,East,2024-02,0.881,1
7392,Reese Garcia,Ultra,2499,7,1,3,3,2,1,1,1000,177,False,False,North,2024-05,0.7818,1
7393,Jamie Patel,Basic,699,34,1,5,6,2,0,0,100,218,True,False,North,2024-04,0.558,0
7394,Morgan Martinez,Ultra,2499,32,7,4,6,4,0,0,1000,194,False,True,East,2024-07,0.907,1
7395,Alex Lee,Basic,699,43,4,0,6,1,1,1,100,155,False,False,North,2024-08,0.4635,0
7396,Casey Nguyen,Premium,1499,27,8,1,5,4,1,1,500,197,False,False,South,2024-06,0.8795,1
7397,Reese Davis,Basic,699,17,6,6,1,4,0,0,100,181,False,False,East,2024-04,0.8497,1
7398,Quinn Khan,Basic,699,33,5,7,4,0,1,0,100,226,True,True,South,2024-12,0.8718,0
7399,Avery Patel,Ultra,2499,19,6,1,1,1,0,0,1000,250,False,False,West,2024-02,0.754,1
7400,Reese Smith,Ultra,2499,41,1,1,7,3,1,0,1000,58,False,False,North,2024-09,0.8016,1
7401,Morgan Garcia,Basic,699,53,3,0,6,4,1,0,100,166,False,False,North,2024-02,0.8404,1
7402,Riley Johnson,Basic,699,3,3,1,0,0,0,1,100,35,False,False,East,2024-12,0.6673,1
7403,Reese Smith,Plus,999,6,7,6,1,1,1,0,200,215,False,False,North,2024-02,0.8307,1
7404,Jamie Patel,Basic,699,47,6,2,8,0,1,1,100,185,True,False,West,2024-03,0.8286,1
7405,Taylor Lee,Ultra,2499,36,0,1,5,4,1,0,1000,128,False,False,North,2024-10,0.7736,0
7406,Alex Garcia,Basic,699,15,7,5,4,2,0,1,100,130,False,False,North,2024-02,0.8724,1
7407,Taylor Smith,Premium,1499,40,0,3,4,3,1,1,500,128,False,False,West,2024-04,0.7567,0
7408,Alex Nguyen,Ultra,2499,57,4,5,1,5,1,1,1000,303,False,False,East,2024-10,0.6757,0
7409,Taylor Martinez,Basic,699,6,4,1,2,5,0,0,100,49,True,False,South,2024-07,0.8242,0
7410,Jordan Martinez,Premium,1499,58,5,1,5,1,0,1,500,196,False,False,West,2024-08,0.4921,0
7411,Casey Brown,Basic,699,57,3,3,2,4,0,0,100,75,False,False,East,2024-01,0.8394,1
7412,Riley Brown,Plus,999,23,1,1,7,5,0,1,200,237,False,False,West,2024-08,0.8134,0
7413,Jordan Garcia,Premium,1499,25,2,0,6,0,0,0,500,274,True,True,East,2024-09,0.748,1
7414,Avery Patel,Premium,1499,56,3,2,2,3,1,0,500,211,False,False,West,2024-12,0.8325,1
7415,Taylor Patel,Premium,1499,30,2,4,5,3,0,0,500,257,False,False,South,2024-09,0.5034,0
7416,Taylor Lee,Basic,699,53,0,1,5,2,1,1,100,224,False,False,West,2024-10,0.6964,1
7417,Reese Lee,Premium,1499,14,6,1,1,3,1,1,500,215,False,False,East,2024-01,0.835,1
7418,Avery Davis,Ultra,2499,20,1,6,4,2,0,1,1000,83,False,True,East,2024-03,0.8148,1
7419,Jamie Davis,Premium,1499,35,3,3,0,2,0,0,500,198,False,False,South,2024-08,0.722,1
7420,Jamie Brown,Plus,999,55,7,1,1,2,1,0,200,202,False,True,South,2024-07,0.825,1
7421,Casey Johnson,Plus,999,15,2,3,6,0,1,1,200,177,False,False,East,2024-02,0.7692,1
7422,Avery Johnson,Premium,1499,20,5,3,7,0,1,1,500,276,True,True,East,2024-01,0.87,1
7423,Jordan Smith,Premium,1499,25,7,0,2,3,0,1,500,194,False,False,East,2024-10,0.7749,1
7424,Casey Smith,Basic,699,31,8,0,8,4,0,0,100,226,False,False,West,2024-08,0.601,1
7425,Avery Lee,Basic,699,38,8,7,1,3,0,0,100,269,True,True,East,2024-11,0.8856,1
7426,Alex Nguyen,Basic,699,49,4,2,2,5,0,0,100,52,False,False,East,2024-11,0.4962,0
7427,Avery Brown,Basic,699,44,7,4,7,0,1,0,100,231,False,False,West,2024-05,0.5657,1
7428,Jamie Davis,Ultra,2499,24,8,4,7,2,0,1,1000,210,False,True,South,2024-02,0.8887,0
7429,Jamie Patel,Basic,699,52,7,5,6,0,1,0,100,168,False,False,West,2024-02,0.6072,0
7430,Alex Garcia,Ultra,2499,59,0,0,2,4,1,1,1000,119,False,True,South,2024-03,0.4128,0
7431,Casey Nguyen,Ultra,2499,4,1,0,3,1,0,1,1000,139,True,False,West,2024-07,0.6844,0
7432,Quinn Patel,Premium,1499,9,3,0,7,4,0,0,500,157,False,False,East,2024-06,0.5115,1
7433,Avery Brown,Ultra,2499,15,6,1,2,5,1,0,1000,244,True,False,South,2024-10,0.8819,1
7434,Jordan Brown,Plus,999,25,7,7,7,3,0,1,200,251,False,False,West,2024-03,0.9206,1
7435,Quinn Brown,Basic,699,36,2,3,4,0,0,0,100,239,False,False,South,2024-10,0.7191,1
7436,Jamie Smith,Plus,999,22,0,7,6,1,1,0,200,202,False,False,North,2024-01,0.5249,1
7437,Jamie Garcia,Basic,699,32,8,4,1,4,1,0,100,186,True,False,East,2024-12,0.8982,1
7438,Quinn Khan,Ultra,2499,15,3,1,6,4,1,1,1000,222,False,False,South,2024-08,0.8424,1
7439,Morgan Nguyen,Ultra,2499,43,0,1,8,5,0,1,1000,242,False,False,North,2024-07,0.798,1
7440,Casey Martinez,Ultra,2499,15,3,0,1,4,1,1,1000,172,False,False,West,2024-12,0.7611,1
7441,Quinn Patel,Premium,1499,3,1,6,2,5,1,0,500,191,False,False,North,2024-06,0.6591,1
7442,Reese Lee,Plus,999,12,5,1,7,2,0,1,200,242,True,True,North,2024-06,0.8498,1
7443,Riley Khan,Premium,1499,2,0,6,1,4,0,0,500,221,False,False,East,2024-05,0.8335,1
7444,Quinn Martinez,Basic,699,51,5,5,4,4,1,0,100,169,False,False,South,2024-08,0.8768,1
7445,Alex Lee,Ultra,2499,17,3,3,3,2,1,1,1000,271,False,False,East,2024-11,0.7909,1
7446,Taylor Davis,Premium,1499,48,4,1,3,5,0,1,500,131,False,False,East,2024-04,0.7909,1
7447,Taylor Johnson,Plus,999,16,0,5,6,0,0,1,200,219,True,True,West,2024-04,0.7225,0
7448,Taylor Patel,Premium,1499,2,7,6,5,5,1,0,500,127,False,False,East,2024-12,0.9447,1
7449,Riley Lee,Basic,699,1,0,2,3,5,1,0,100,230,False,True,East,2024-04,0.801,1
7450,Morgan Johnson,Premium,1499,7,4,2,0,1,0,0,500,170,False,False,East,2024-07,0.3473,0
7451,Casey Lee,Ultra,2499,21,8,4,5,5,1,1,1000,141,False,True,East,2024-09,0.9302,1
7452,Alex Lee,Basic,699,7,1,7,1,0,0,0,100,144,False,False,West,2024-02,0.6821,1
7453,Riley Khan,Premium,1499,35,1,2,4,2,0,0,500,77,True,False,North,2024-12,0.8006,1
7454,Reese Lee,Premium,1499,19,6,2,6,4,0,1,500,215,False,True,East,2024-01,0.9054,1
7455,Riley Patel,Basic,699,4,0,7,3,2,0,0,100,270,True,False,South,2024-04,0.7714,0
7456,Alex Johnson,Basic,699,53,0,7,0,0,0,0,100,154,False,False,North,2024-05,0.5783,0
7457,Morgan Nguyen,Basic,699,35,7,4,1,4,1,0,100,399,False,False,West,2024-05,0.8685,1
7458,Riley Brown,Ultra,2499,55,5,0,8,3,0,0,1000,252,False,False,South,2024-03,0.4986,0
7459,Taylor Khan,Ultra,2499,57,7,2,0,5,0,0,1000,249,False,False,North,2024-02,0.8785,1
7460,Riley Patel,Ultra,2499,40,7,2,2,2,1,0,1000,175,False,False,South,2024-01,0.8082,1
7461,Quinn Nguyen,Premium,1499,24,2,2,5,1,1,0,500,170,False,False,West,2024-07,0.706,1
7462,Taylor Davis,Plus,999,2,1,5,4,1,0,1,200,177,False,False,East,2024-04,0.4833,0
7463,Morgan Davis,Plus,999,31,8,6,3,1,0,0,200,177,False,False,East,2024-02,0.8399,1
7464,Reese Brown,Plus,999,37,8,3,4,1,1,1,200,216,False,False,West,2024-05,0.8482,1
7465,Taylor Garcia,Plus,999,19,5,6,1,4,1,0,200,63,False,False,South,2024-01,0.8912,0
7466,Casey Martinez,Basic,699,11,6,4,5,0,1,1,100,350,False,False,East,2024-12,0.5249,0
7467,Jamie Johnson,Premium,1499,16,4,4,3,2,1,1,500,174,False,False,North,2024-03,0.8723,1
7468,Riley Lee,Plus,999,22,6,1,4,3,1,1,200,257,False,True,South,2024-07,0.8498,0
7469,Jamie Garcia,Plus,999,38,3,3,0,5,0,0,200,194,False,False,East,2024-07,0.4899,0
7470,Jordan Johnson,Basic,699,41,4,2,4,5,1,1,100,127,False,False,North,2024-12,0.8628,1
7471,Avery Martinez,Basic,699,34,4,6,4,4,1,0,100,160,False,False,North,2024-08,0.8935,1
7472,Casey Smith,Premium,1499,51,2,2,3,1,1,0,500,127,False,False,North,2024-11,0.7023,1
7473,Avery Brown,Plus,999,35,8,5,0,3,1,0,200,177,False,True,North,2024-07,0.8954,1
7474,Avery Patel,Ultra,2499,37,3,5,7,1,0,1,1000,185,False,False,West,2024-05,0.8191,0
7475,Morgan Nguyen,Premium,1499,32,8,5,1,0,0,1,500,232,False,False,West,2024-11,0.4891,0
7476,Quinn Khan,Plus,999,7,7,3,6,0,0,0,200,310,False,False,East,2024-07,0.8175,1
7477,Alex Johnson,Plus,999,49,2,4,7,4,1,1,200,229,False,False,South,2024-09,0.8477,1
7478,Jordan Smith,Ultra,2499,43,5,4,3,0,0,1,1000,215,False,False,East,2024-12,0.4903,0
7479,Jordan Smith,Ultra,2499,29,2,4,8,1,0,0,1000,176,False,False,West,2024-06,0.7798,1
7480,Alex Martinez,Basic,699,13,2,1,4,0,0,1,100,135,True,False,East,2024-07,0.6947,1
7481,Morgan Nguyen,Ultra,2499,23,3,4,6,4,0,0,1000,224,False,False,South,2024-09,0.6132,1
7482,Morgan Khan,Ultra,2499,54,5,2,8,0,1,1,1000,200,False,False,North,2024-02,0.8182,1
7483,Reese Nguyen,Basic,699,45,2,7,3,5,0,0,100,186,False,False,East,2024-10,0.8519,1
7484,Jordan Lee,Plus,999,48,4,4,5,4,1,1,200,181,False,False,North,2024-11,0.9164,1
7485,Avery Johnson,Basic,699,14,1,5,2,5,0,1,100,201,True,False,East,2024-07,0.8451,1
7486,Reese Brown,Basic,699,23,0,2,1,3,0,1,100,210,True,False,North,2024-07,0.3499,0
7487,Casey Johnson,Ultra,2499,17,6,1,0,4,0,0,1000,270,False,False,North,2024-03,0.8048,1
7488,Morgan Smith,Plus,999,39,5,0,3,4,0,0,200,253,False,True,East,2024-05,0.5125,0
7489,Jamie Smith,Basic,699,20,7,1,3,5,0,1,100,112,False,False,West,2024-04,0.8599,1
7490,Casey Davis,Ultra,2499,2,6,0,4,5,0,1,1000,102,False,True,North,2024-05,0.8938,1
7491,Morgan Davis,Ultra,2499,52,0,3,3,4,1,1,1000,96,False,True,South,2024-08,0.4955,0
7492,Quinn Garcia,Ultra,2499,10,8,2,1,5,0,0,1000,79,False,False,West,2024-09,0.7117,0
7493,Morgan Johnson,Premium,1499,53,2,2,8,4,0,0,500,64,False,False,West,2024-07,0.565,1
7494,Jordan Davis,Premium,1499,48,6,5,8,5,1,0,500,260,True,False,South,2024-08,0.9481,0
7495,Avery Lee,Basic,699,7,0,7,8,0,0,1,100,239,False,True,North,2024-10,0.7618,1
7496,Quinn Smith,Basic,699,5,4,6,0,3,0,1,100,274,False,False,East,2024-10,0.8541,0
7497,Avery Lee,Basic,699,17,1,2,7,2,0,1,100,194,False,False,East,2024-09,0.7533,1
7498,Jamie Khan,Basic,699,56,4,4,5,5,1,1,100,158,False,False,South,2024-10,0.8801,1
7499,Riley Martinez,Ultra,2499,1,3,1,2,3,0,1,1000,266,True,False,West,2024-10,0.8273,1
7500,Casey Martinez,Ultra,2499,8,2,5,8,0,0,0,1000,118,True,False,East,2024-06,0.8017,1
7501,Jordan Davis,Premium,1499,49,5,3,8,0,0,1,500,169,False,False,West,2024-08,0.5138,1
7502,Reese Nguyen,Ultra,2499,10,0,6,5,0,1,0,1000,184,False,False,East,2024-10,0.7977,1
7503,Casey Nguyen,Basic,699,23,0,6,8,4,1,1,100,127,False,False,North,2024-08,0.8406,1
7504,Reese Lee,Basic,699,27,2,7,4,5,0,0,100,266,False,True,South,2024-01,0.6202,0
7505,Jamie Garcia,Plus,999,28,4,5,1,1,1,1,200,91,False,False,East,2024-05,0.782,1
7506,Jordan Garcia,Plus,999,19,7,5,3,0,0,0,200,156,False,True,East,2024-05,0.8573,1
7507,Jamie Martinez,Basic,699,20,6,4,7,1,0,0,100,244,True,False,East,2024-10,0.8841,1
7508,Avery Khan,Ultra,2499,14,2,2,1,5,1,1,1000,237,True,True,North,2024-05,0.8596,1
7509,Casey Brown,Ultra,2499,47,6,7,0,2,0,1,1000,131,False,False,North,2024-06,0.8389,1
7510,Reese Smith,Basic,699,3,2,1,8,3,1,0,100,110,False,False,East,2024-06,0.8113,0
7511,Reese Davis,Plus,999,26,5,0,6,1,0,1,200,227,False,False,West,2024-11,0.4601,0
7512,Casey Smith,Premium,1499,22,3,5,2,5,1,1,500,271,False,False,North,2024-04,0.8555,1
7513,Taylor Davis,Ultra,2499,23,0,6,5,5,0,1,1000,215,True,False,East,2024-11,0.8472,1
7514,Morgan Garcia,Ultra,2499,24,0,2,1,0,1,1,1000,186,False,False,East,2024-10,0.6505,1
7515,Jamie Brown,Premium,1499,40,6,3,2,2,0,0,500,164,True,True,North,2024-06,0.6089,1
7516,Riley Khan,Ultra,2499,20,2,1,0,5,0,1,1000,112,False,True,South,2024-01,0.3942,0
7517,Morgan Brown,Ultra,2499,49,0,2,3,2,0,0,1000,218,False,False,East,2024-06,0.743,1
7518,Taylor Lee,Plus,999,25,0,6,0,3,1,0,200,110,False,True,East,2024-04,0.8105,1
7519,Morgan Garcia,Ultra,2499,48,3,3,7,5,0,1,1000,183,False,False,West,2024-07,0.8481,0
7520,Riley Smith,Premium,1499,6,0,3,0,0,1,1,500,100,False,True,North,2024-01,0.6598,1
7521,Taylor Khan,Plus,999,47,4,2,0,1,0,1,200,151,False,True,West,2024-05,0.3369,0
7522,Morgan Khan,Premium,1499,45,4,3,6,2,1,0,500,61,False,False,East,2024-06,0.5849,1
7523,Avery Patel,Plus,999,41,7,6,8,4,1,1,200,193,True,False,East,2024-08,0.7737,1
7524,Jamie Smith,Premium,1499,12,2,0,2,0,1,1,500,144,False,False,East,2024-05,0.3231,0
7525,Morgan Davis,Ultra,2499,23,3,7,6,2,0,0,1000,252,False,False,North,2024-11,0.8652,1
7526,Reese Nguyen,Ultra,2499,8,1,6,1,0,1,0,1000,171,False,False,North,2024-05,0.763,0
7527,Jamie Patel,Plus,999,41,8,5,3,2,0,1,200,112,False,True,West,2024-08,0.8589,1
7528,Quinn Brown,Premium,1499,41,6,0,3,5,1,0,500,165,False,False,North,2024-08,0.8461,1
7529,Avery Johnson,Basic,699,9,3,6,1,5,0,0,100,150,False,False,West,2024-10,0.5072,0
7530,Quinn Martinez,Basic,699,54,0,1,5,2,0,1,100,313,False,False,West,2024-07,0.6546,0
7531,Alex Khan,Premium,1499,18,4,2,1,1,0,1,500,291,True,False,East,2024-04,0.7513,0
7532,Avery Garcia,Ultra,2499,25,2,3,0,2,0,0,1000,219,True,False,North,2024-01,0.3886,0
7533,Riley Khan,Basic,699,47,2,5,3,1,1,0,100,194,False,False,South,2024-11,0.4919,0
7534,Jamie Patel,Ultra,2499,15,3,1,0,5,1,0,1000,226,False,False,South,2024-12,0.8185,1
7535,Taylor Smith,Plus,999,55,5,4,4,5,0,0,200,154,False,False,North,2024-08,0.6337,0
7536,Morgan Martinez,Plus,999,3,6,5,1,3,1,0,200,68,False,False,North,2024-02,0.8955,1
7537,Avery Nguyen,Premium,1499,35,6,1,7,2,1,0,500,255,False,False,East,2024-03,0.8862,1
7538,Reese Khan,Basic,699,37,3,4,1,1,1,0,100,201,False,False,North,2024-12,0.734,1
7539,Alex Smith,Basic,699,41,7,4,4,0,1,0,100,61,False,False,West,2024-04,0.8637,1
7540,Taylor Patel,Plus,999,44,3,2,7,2,0,1,200,54,False,True,South,2024-11,0.5172,1
7541,Morgan Patel,Ultra,2499,38,0,6,8,3,0,0,1000,164,False,False,East,2024-01,0.8277,1
7542,Quinn Martinez,Basic,699,36,6,2,0,1,1,0,100,182,False,False,East,2024-03,0.7739,1
7543,Quinn Martinez,Ultra,2499,9,6,2,7,3,1,0,1000,20,False,False,East,2024-01,0.8959,1
7544,Jamie Lee,Plus,999,26,5,6,3,1,1,0,200,23,False,False,North,2024-12,0.8743,0
7545,Casey Nguyen,Ultra,2499,24,3,0,0,2,0,0,1000,141,False,False,East,2024-04,0.5978,0
7546,Jamie Khan,Plus,999,17,8,1,4,0,1,1,200,123,False,False,North,2024-08,0.7693,1
7547,Jamie Garcia,Ultra,2499,29,7,7,4,3,0,1,1000,263,False,True,West,2024-11,0.7046,1
7548,Reese Johnson,Basic,699,40,8,2,6,1,0,0,100,204,False,False,South,2024-07,0.8478,1
7549,Alex Garcia,Ultra,2499,45,5,7,3,4,1,1,1000,173,False,False,South,2024-08,0.9124,1
7550,Avery Patel,Premium,1499,53,1,7,1,3,0,0,500,227,True,False,North,2024-07,0.7733,1
7551,Alex Martinez,Plus,999,18,2,4,5,4,1,1,200,283,False,False,North,2024-12,0.823,1
7552,Reese Johnson,Ultra,2499,54,2,5,3,1,0,0,1000,244,False,False,North,2024-07,0.7256,0
7553,Avery Smith,Ultra,2499,47,7,6,8,1,0,1,1000,222,True,False,East,2024-03,0.7348,0
7554,Casey Johnson,Premium,1499,16,3,3,8,0,0,0,500,165,False,False,South,2024-06,0.7652,0
7555,Alex Khan,Plus,999,49,7,3,1,3,1,0,200,222,False,False,West,2024-12,0.5549,1
7556,Taylor Davis,Ultra,2499,35,4,0,8,4,1,0,1000,307,False,True,North,2024-01,0.8675,1
7557,Casey Johnson,Premium,1499,39,8,5,6,3,0,0,500,157,False,False,North,2024-12,0.8927,1
7558,Jordan Garcia,Basic,699,47,0,5,4,0,1,1,100,114,False,False,South,2024-08,0.706,1
7559,Quinn Smith,Plus,999,35,6,2,2,1,0,0,200,155,False,True,South,2024-06,0.7768,1
7560,Casey Nguyen,Ultra,2499,27,7,7,0,3,1,0,1000,133,False,False,North,2024-08,0.7078,0
7561,Avery Lee,Premium,1499,48,5,2,4,2,0,1,500,107,True,False,North,2024-08,0.8351,1
7562,Jordan Brown,Basic,699,46,3,6,1,4,1,1,100,221,False,True,North,2024-02,0.8748,1
7563,Morgan Smith,Premium,1499,8,6,7,2,3,0,1,500,175,False,False,North,2024-07,0.6397,1
7564,Jordan Brown,Plus,999,5,4,2,2,1,1,1,200,211,False,False,North,2024-05,0.7858,1
7565,Morgan Nguyen,Premium,1499,30,8,5,3,4,0,1,500,161,False,False,East,2024-02,0.866,1
7566,Reese Martinez,Plus,999,60,8,3,4,4,1,0,200,147,True,False,South,2024-07,0.8806,1
7567,Taylor Lee,Plus,999,58,0,1,8,2,1,1,200,133,False,False,South,2024-05,0.4049,0
7568,Taylor Garcia,Ultra,2499,48,0,3,4,3,0,0,1000,205,False,False,West,2024-09,0.8001,1
7569,Alex Nguyen,Basic,699,43,3,6,3,0,1,0,100,142,False,False,South,2024-11,0.8125,1
7570,Jordan Brown,Premium,1499,12,1,3,2,5,1,0,500,201,False,False,South,2024-05,0.8461,1
7571,Jordan Martinez,Premium,1499,40,3,1,0,0,0,0,500,220,False,False,West,2024-01,0.596,0
7572,Jamie Garcia,Basic,699,16,3,2,2,5,1,1,100,59,False,True,East,2024-05,0.8602,1
7573,Morgan Johnson,Premium,1499,59,6,3,6,1,1,1,500,143,False,False,West,2024-11,0.58,1
7574,Quinn Khan,Plus,999,41,1,1,7,4,1,1,200,91,False,True,East,2024-08,0.8226,1
7575,Morgan Patel,Premium,1499,41,2,2,8,3,0,1,500,285,False,False,West,2024-10,0.4897,0
7576,Casey Brown,Basic,699,14,7,6,8,4,1,0,100,221,True,False,South,2024-06,0.7711,1
7577,Jordan Smith,Premium,1499,27,0,1,1,1,0,0,500,89,False,False,South,2024-02,0.2912,0
7578,Reese Smith,Premium,1499,34,5,0,2,3,0,1,500,103,False,False,North,2024-09,0.7796,0
7579,Alex Nguyen,Basic,699,25,8,0,2,5,0,1,100,156,True,False,North,2024-04,0.8622,1
7580,Avery Martinez,Plus,999,43,3,1,2,0,1,0,200,105,False,False,East,2024-04,0.3609,0
7581,Taylor Khan,Premium,1499,24,7,4,7,0,1,1,500,121,True,False,North,2024-07,0.8668,1
7582,Riley Lee,Plus,999,32,5,2,0,5,0,1,200,20,False,True,West,2024-08,0.8822,1
7583,Jamie Nguyen,Premium,1499,4,5,3,1,4,1,0,500,218,False,False,East,2024-10,0.8526,0
7584,Alex Johnson,Ultra,2499,33,2,4,3,2,0,0,1000,101,False,True,South,2024-01,0.78,1
7585,Morgan Garcia,Ultra,2499,59,6,3,1,3,1,1,1000,230,False,False,West,2024-01,0.8125,1
7586,Avery Khan,Ultra,2499,15,5,1,1,4,1,0,1000,170,False,False,South,2024-03,0.8624,1
7587,Morgan Davis,Plus,999,3,0,6,6,2,0,0,200,100,False,False,South,2024-03,0.8134,0
7588,Jamie Davis,Plus,999,17,0,1,1,0,1,0,200,334,False,False,East,2024-04,0.2738,0
7589,Quinn Lee,Ultra,2499,23,4,3,1,5,1,1,1000,188,False,False,East,2024-11,0.866,1
7590,Casey Johnson,Basic,699,55,0,0,7,1,1,0,100,151,True,False,North,2024-11,0.4219,0
7591,Jordan Martinez,Ultra,2499,55,4,2,7,2,0,0,1000,152,False,False,South,2024-07,0.7731,0
7592,Taylor Patel,Ultra,2499,56,8,4,6,2,0,0,1000,152,False,False,South,2024-07,0.86,1
7593,Taylor Brown,Ultra,2499,6,7,5,6,5,1,1,1000,160,False,False,South,2024-07,0.9322,1
7594,Taylor Smith,Basic,699,13,3,4,4,5,1,0,100,263,False,False,West,2024-08,0.8844,1
7595,Reese Brown,Plus,999,14,7,5,2,3,1,1,200,198,False,False,East,2024-09,0.8754,1
7596,Casey Khan,Basic,699,48,3,2,0,5,0,0,100,105,False,False,East,2024-11,0.7176,1
7597,Casey Lee,Ultra,2499,1,1,7,2,5,0,0,1000,187,True,False,West,2024-03,0.8807,1
7598,Avery Lee,Ultra,2499,55,6,3,3,3,1,1,1000,172,False,False,North,2024-09,0.6058,1
7599,Jordan Johnson,Ultra,2499,33,1,5,3,4,0,1,1000,212,False,False,South,2024-05,0.8157,1
7600,Reese Martinez,Premium,1499,3,0,5,4,0,0,1,500,298,True,True,East,2024-06,0.8077,1
7601,Reese Lee,Basic,699,57,6,3,6,0,1,0,100,247,False,False,West,2024-02,0.8537,1
7602,Reese Smith,Premium,1499,39,3,4,4,2,1,1,500,89,True,True,East,2024-05,0.6247,0
7603,Jamie Brown,Plus,999,58,0,2,8,3,1,0,200,206,False,False,South,2024-07,0.7926,1
7604,Quinn Smith,Plus,999,37,8,7,1,1,1,0,200,214,False,False,South,2024-06,0.8529,1
7605,Jamie Smith,Premium,1499,12,7,5,5,3,0,1,500,369,False,False,South,2024-01,0.8917,0
7606,Morgan Patel,Premium,1499,37,8,3,4,3,1,1,500,245,False,False,East,2024-02,0.8721,1
7607,Jamie Davis,Plus,999,30,2,6,0,1,1,1,200,235,False,False,West,2024-12,0.4678,0
7608,Avery Brown,Basic,699,28,1,0,5,4,0,0,100,205,False,True,West,2024-05,0.5076,1
7609,Jamie Khan,Plus,999,7,8,1,2,0,0,0,200,118,False,False,South,2024-08,0.7124,0
7610,Jamie Johnson,Basic,699,12,6,3,5,5,0,1,100,194,False,False,East,2024-01,0.701,0
7611,Reese Patel,Plus,999,43,7,7,2,2,1,1,200,192,True,False,West,2024-04,0.9023,1
7612,Morgan Nguyen,Ultra,2499,11,5,2,4,5,0,0,1000,133,False,True,East,2024-02,0.8616,1
7613,Reese Smith,Premium,1499,60,4,7,4,0,0,1,500,201,True,False,West,2024-05,0.547,0
7614,Avery Khan,Ultra,2499,53,7,3,8,1,1,1,1000,218,False,False,South,2024-01,0.866,1
7615,Alex Patel,Basic,699,40,7,1,4,3,0,1,100,156,False,False,South,2024-05,0.8247,1
7616,Morgan Khan,Ultra,2499,11,7,3,7,0,1,1,1000,182,False,False,East,2024-05,0.8474,1
7617,Morgan Lee,Plus,999,6,3,3,2,1,1,0,200,165,False,False,West,2024-12,0.7407,0
7618,Riley Garcia,Premium,1499,32,4,4,7,5,0,0,500,239,True,False,West,2024-07,0.7087,1
7619,Casey Smith,Premium,1499,33,1,1,1,1,1,1,500,337,True,False,East,2024-08,0.693,1
7620,Jordan Patel,Basic,699,43,1,1,8,3,1,0,100,141,False,False,North,2024-09,0.8417,1
7621,Riley Patel,Plus,999,41,6,4,3,4,0,1,200,208,False,False,East,2024-01,0.8878,1
7622,Alex Davis,Ultra,2499,38,7,7,4,5,1,1,1000,221,False,True,North,2024-08,0.7963,0
7623,Quinn Nguyen,Plus,999,19,4,6,8,1,1,1,200,217,False,False,East,2024-06,0.8435,1
7624,Reese Brown,Basic,699,58,7,3,6,2,0,0,100,205,False,False,East,2024-09,0.8294,1
7625,Taylor Patel,Ultra,2499,43,2,5,5,3,0,1,1000,167,False,False,South,2024-05,0.5327,1
7626,Casey Davis,Ultra,2499,42,7,3,3,3,0,0,1000,205,False,False,South,2024-02,0.6011,1
7627,Avery Lee,Basic,699,52,5,3,4,2,1,1,100,213,False,False,South,2024-04,0.8446,0
7628,Taylor Johnson,Plus,999,11,2,5,2,1,1,0,200,137,False,True,East,2024-07,0.7774,1
7629,Jordan Garcia,Plus,999,56,2,2,0,3,0,1,200,244,False,True,North,2024-01,0.754,1
7630,Reese Johnson,Basic,699,48,4,3,7,0,0,1,100,99,True,True,North,2024-06,0.7774,1
7631,Taylor Nguyen,Premium,1499,53,5,2,6,3,0,1,500,129,False,True,North,2024-04,0.654,0
7632,Reese Patel,Plus,999,18,0,5,1,2,0,0,200,265,False,False,North,2024-04,0.6729,0
7633,Avery Martinez,Premium,1499,39,6,3,4,0,1,1,500,201,False,False,South,2024-05,0.6095,1
7634,Jamie Patel,Premium,1499,29,4,1,2,2,1,1,500,209,False,True,South,2024-10,0.8268,1
7635,Reese Davis,Ultra,2499,25,2,4,6,1,1,1,1000,249,False,False,South,2024-03,0.7947,1
7636,Jordan Nguyen,Ultra,2499,58,8,3,0,5,1,0,1000,166,False,False,North,2024-10,0.6353,1
7637,Avery Brown,Plus,999,30,4,3,2,5,1,0,200,187,False,True,North,2024-01,0.8836,1
7638,Jamie Garcia,Premium,1499,46,8,5,5,4,1,1,500,208,False,True,South,2024-09,0.8879,1
7639,Morgan Garcia,Plus,999,2,3,1,5,4,1,0,200,88,False,True,East,2024-03,0.8087,1
7640,Reese Khan,Basic,699,21,2,4,7,0,0,1,100,192,False,True,West,2024-03,0.7783,0
7641,Jamie Martinez,Premium,1499,5,0,7,7,1,1,0,500,199,False,False,West,2024-11,0.8032,1
7642,Quinn Khan,Basic,699,12,6,7,5,4,0,0,100,227,False,False,North,2024-07,0.9159,1
7643,Quinn Smith,Ultra,2499,25,8,6,5,5,1,1,1000,92,False,False,North,2024-09,0.7369,0
7644,Riley Khan,Ultra,2499,53,2,4,3,4,0,1,1000,179,False,True,North,2024-09,0.6198,0
7645,Casey Garcia,Premium,1499,21,7,3,6,4,0,0,500,298,True,False,South,2024-04,0.9125,1
7646,Casey Brown,Basic,699,59,1,7,5,5,0,0,100,128,False,True,South,2024-01,0.8863,1
7647,Quinn Lee,Basic,699,56,2,7,7,4,0,1,100,148,False,False,South,2024-01,0.8538,1
7648,Jordan Patel,Plus,999,59,0,2,7,4,0,0,200,29,False,False,West,2024-02,0.4888,0
7649,Jordan Davis,Plus,999,5,6,7,0,4,1,0,200,135,False,False,North,2024-08,0.8952,1
7650,Avery Garcia,Premium,1499,35,8,6,6,0,1,1,500,20,False,True,East,2024-10,0.9051,1
7651,Casey Martinez,Ultra,2499,28,5,7,8,5,1,1,1000,20,False,False,West,2024-10,0.9465,1
7652,Reese Patel,Ultra,2499,11,8,7,8,5,1,1,1000,216,False,False,North,2024-08,0.7889,1
7653,Morgan Lee,Premium,1499,28,7,6,4,3,1,0,500,219,False,False,North,2024-06,0.6777,0
7654,Quinn Khan,Premium,1499,53,6,7,5,3,0,1,500,185,False,True,West,2024-06,0.7387,0
7655,Jamie Garcia,Ultra,2499,18,7,3,2,3,1,0,1000,20,False,False,West,2024-02,0.8656,1
7656,Reese Davis,Premium,1499,8,1,2,4,3,0,1,500,178,False,True,West,2024-01,0.7757,0
7657,Reese Martinez,Plus,999,6,7,0,0,0,0,0,200,281,False,False,North,2024-01,0.6345,1
7658,Reese Lee,Basic,699,8,7,1,7,1,0,0,100,136,False,False,East,2024-10,0.76,1
7659,Alex Garcia,Basic,699,15,8,5,2,0,1,0,100,285,True,False,South,2024-04,0.8338,1
7660,Quinn Garcia,Basic,699,21,7,2,3,0,0,1,100,149,False,False,North,2024-08,0.4383,0
7661,Avery Smith,Basic,699,43,0,6,4,0,1,0,100,224,False,False,South,2024-12,0.7544,1
7662,Quinn Martinez,Plus,999,31,8,6,3,0,0,1,200,365,True,True,North,2024-08,0.8639,1
7663,Riley Brown,Premium,1499,48,5,4,0,4,0,1,500,147,True,True,North,2024-01,0.8552,1
7664,Casey Patel,Premium,1499,50,1,0,7,5,1,0,500,152,False,False,South,2024-01,0.7866,1
7665,Avery Smith,Ultra,2499,24,2,7,7,5,1,0,1000,182,True,False,North,2024-04,0.9233,1
7666,Quinn Nguyen,Ultra,2499,49,4,6,4,2,0,1,1000,137,False,False,East,2024-07,0.5594,0
7667,Jordan Brown,Premium,1499,57,4,6,3,3,1,1,500,286,False,False,West,2024-04,0.8527,1
7668,Casey Brown,Premium,1499,30,7,5,2,5,0,1,500,35,False,False,West,2024-01,0.6653,1
7669,Reese Garcia,Premium,1499,47,8,7,6,5,1,1,500,72,False,False,South,2024-07,0.8158,1
7670,Taylor Lee,Premium,1499,5,2,4,6,3,1,1,500,154,False,False,South,2024-09,0.8661,1
7671,Casey Smith,Premium,1499,60,0,4,3,3,1,0,500,260,True,False,East,2024-10,0.7869,1
7672,Alex Martinez,Ultra,2499,31,4,5,5,5,0,1,1000,234,False,True,South,2024-11,0.7478,0
7673,Alex Lee,Basic,699,48,5,5,2,3,0,0,100,148,False,False,South,2024-10,0.857,0
7674,Avery Davis,Plus,999,43,0,6,0,3,1,0,200,163,False,False,West,2024-04,0.7873,0
7675,Quinn Patel,Premium,1499,23,1,5,0,4,0,0,500,69,False,True,South,2024-01,0.7709,1
7676,Alex Davis,Premium,1499,55,4,6,5,2,0,0,500,152,False,False,East,2024-07,0.8464,1
7677,Riley Davis,Ultra,2499,18,5,0,1,4,1,0,1000,143,False,False,West,2024-04,0.808,1
7678,Quinn Nguyen,Ultra,2499,21,8,7,3,5,1,0,1000,230,False,False,West,2024-11,0.7367,0
7679,Alex Martinez,Ultra,2499,11,7,5,4,1,1,1,1000,122,False,False,South,2024-08,0.8684,1
7680,Reese Johnson,Plus,999,16,7,2,6,0,1,1,200,126,False,False,West,2024-09,0.5025,0
7681,Avery Martinez,Plus,999,29,0,7,3,0,1,0,200,67,False,False,South,2024-01,0.7503,1
7682,Taylor Nguyen,Plus,999,17,2,7,7,3,0,0,200,140,False,False,West,2024-02,0.8682,0
7683,Alex Nguyen,Plus,999,38,1,0,8,0,1,1,200,78,False,False,North,2024-06,0.6832,1
7684,Jamie Lee,Ultra,2499,26,4,2,7,5,1,1,1000,306,False,True,East,2024-11,0.6568,1
7685,Taylor Nguyen,Ultra,2499,11,1,6,0,0,0,0,1000,163,True,False,North,2024-04,0.6765,0
7686,Alex Johnson,Ultra,2499,47,3,0,1,4,1,1,1000,85,True,False,South,2024-10,0.8295,1
7687,Jordan Brown,Plus,999,45,7,5,4,0,1,0,200,191,False,True,East,2024-05,0.8594,1
7688,Alex Khan,Ultra,2499,33,2,6,5,4,1,0,1000,61,False,False,East,2024-12,0.8988,1
7689,Riley Khan,Ultra,2499,40,1,1,3,3,0,1,1000,261,False,False,South,2024-12,0.7563,1
7690,Quinn Smith,Basic,699,28,5,0,8,2,1,1,100,226,True,True,East,2024-03,0.8264,1
7691,Casey Smith,Premium,1499,13,8,3,4,2,1,0,500,201,True,False,East,2024-07,0.888,1
7692,Reese Patel,Ultra,2499,15,3,1,2,3,1,1,1000,54,False,False,East,2024-04,0.7688,1
7693,Riley Lee,Basic,699,6,1,7,1,2,1,0,100,242,False,False,West,2024-02,0.796,1
7694,Riley Nguyen,Ultra,2499,20,2,2,3,0,0,0,1000,71,False,False,West,2024-11,0.727,1
7695,Reese Johnson,Basic,699,25,3,7,1,2,0,0,100,186,False,False,West,2024-09,0.5093,1
7696,Taylor Patel,Ultra,2499,42,5,5,6,1,0,0,1000,135,False,False,South,2024-03,0.6217,0
7697,Jordan Garcia,Ultra,2499,42,2,4,0,5,1,1,1000,239,False,False,West,2024-05,0.8201,1
7698,Jamie Garcia,Ultra,2499,51,1,2,5,0,0,0,1000,181,False,False,West,2024-12,0.6688,1
7699,Avery Patel,Ultra,2499,9,4,3,1,1,1,0,1000,295,False,False,West,2024-08,0.4531,0
7700,Jamie Johnson,Plus,999,44,1,1,0,0,0,0,200,115,False,False,South,2024-04,0.5281,0
7701,Quinn Johnson,Ultra,2499,7,4,2,5,2,1,0,1000,188,False,False,West,2024-07,0.5752,0
7702,Jamie Johnson,Basic,699,7,1,0,7,1,1,1,100,86,False,False,South,2024-05,0.768,0
7703,Alex Davis,Plus,999,50,8,6,2,4,1,1,200,201,False,True,South,2024-10,0.7231,1
7704,Reese Garcia,Basic,699,9,1,1,4,4,0,0,100,173,False,False,North,2024-02,0.7508,1
7705,Reese Brown,Plus,999,44,8,4,7,1,0,1,200,169,True,False,South,2024-06,0.6485,1
7706,Jamie Lee,Ultra,2499,54,3,6,8,5,0,1,1000,179,False,False,West,2024-08,0.9117,1
7707,Jordan Patel,Premium,1499,15,8,3,3,2,0,0,500,149,False,True,East,2024-02,0.8519,1
7708,Reese Lee,Premium,1499,47,2,4,0,2,0,1,500,123,False,False,South,2024-09,0.7654,0
7709,Taylor Davis,Ultra,2499,33,7,4,2,5,0,0,1000,121,False,False,North,2024-04,0.882,1
7710,Jordan Johnson,Basic,699,3,7,2,1,1,1,1,100,157,True,False,North,2024-04,0.8156,1
7711,Quinn Johnson,Ultra,2499,15,4,3,5,5,0,0,1000,230,False,False,East,2024-09,0.8713,1
7712,Quinn Martinez,Premium,1499,55,2,0,8,5,0,1,500,277,False,True,South,2024-03,0.5193,0
7713,Jamie Smith,Basic,699,34,4,4,0,2,1,0,100,191,False,False,South,2024-04,0.7674,1
7714,Quinn Davis,Plus,999,13,5,6,6,5,1,1,200,209,False,True,North,2024-09,0.7734,1
7715,Taylor Davis,Ultra,2499,25,7,6,6,5,1,1,1000,169,True,False,West,2024-03,0.9538,1
7716,Taylor Khan,Plus,999,42,3,7,2,2,0,1,200,134,False,False,East,2024-10,0.8158,1
7717,Alex Brown,Ultra,2499,59,1,2,2,4,1,1,1000,126,True,False,South,2024-08,0.8033,1
7718,Reese Brown,Premium,1499,44,5,0,2,1,0,0,500,96,False,False,West,2024-01,0.707,0
7719,Morgan Davis,Plus,999,56,0,0,4,1,1,1,200,174,False,True,East,2024-04,0.7275,1
7720,Morgan Lee,Plus,999,11,8,6,2,4,1,1,200,187,False,False,East,2024-09,0.9219,1
7721,Alex Johnson,Plus,999,38,6,6,4,5,0,1,200,195,False,False,North,2024-02,0.9074,1
7722,Taylor Davis,Ultra,2499,54,1,5,3,2,1,0,1000,287,False,False,South,2024-10,0.8078,1
7723,Riley Davis,Plus,999,58,5,6,7,3,1,0,200,135,False,False,West,2024-02,0.7152,1
7724,Jordan Patel,Basic,699,32,3,4,8,3,0,0,100,159,False,False,West,2024-01,0.796,1
7725,Reese Khan,Plus,999,56,8,2,1,3,1,1,200,245,False,False,East,2024-07,0.85,1
7726,Reese Garcia,Plus,999,53,7,0,6,1,1,1,200,308,False,False,West,2024-11,0.5383,1
7727,Quinn Davis,Premium,1499,14,6,5,0,2,0,1,500,162,False,True,East,2024-03,0.8588,0
7728,Jamie Garcia,Ultra,2499,8,4,7,7,5,1,0,1000,239,False,False,South,2024-02,0.7918,1
7729,Quinn Khan,Basic,699,59,7,5,6,5,0,1,100,176,True,False,South,2024-05,0.9238,0
7730,Jordan Smith,Basic,699,10,0,5,8,5,0,1,100,129,False,False,East,2024-11,0.857,1
7731,Quinn Martinez,Plus,999,6,6,5,3,1,1,0,200,71,True,False,East,2024-05,0.8896,1
7732,Jordan Patel,Ultra,2499,3,3,0,5,5,0,0,1000,221,False,False,North,2024-12,0.5812,0
7733,Taylor Patel,Premium,1499,38,4,0,3,1,1,0,500,189,True,False,South,2024-11,0.8084,1
7734,Casey Khan,Ultra,2499,14,3,2,1,3,1,0,1000,241,False,False,East,2024-08,0.7683,1
7735,Avery Smith,Plus,999,58,2,2,7,5,0,1,200,138,False,False,North,2024-02,0.8158,1
7736,Alex Patel,Plus,999,16,2,5,2,5,1,0,200,218,False,True,East,2024-02,0.8455,1
7737,Morgan Garcia,Basic,699,32,1,5,6,3,1,0,100,255,False,False,South,2024-08,0.615,1
7738,Casey Smith,Basic,699,4,5,5,0,1,1,0,100,118,False,False,East,2024-07,0.8119,0
7739,Morgan Nguyen,Ultra,2499,7,7,1,3,0,1,0,1000,181,False,False,North,2024-07,0.5056,0
7740,Jamie Patel,Ultra,2499,31,7,2,7,5,1,0,1000,292,False,True,North,2024-04,0.8982,1
7741,Riley Patel,Ultra,2499,10,4,4,0,2,0,1,1000,157,False,True,South,2024-08,0.4825,0
7742,Casey Johnson,Premium,1499,18,7,2,1,0,0,1,500,81,False,False,North,2024-09,0.7325,0
7743,Avery Smith,Basic,699,59,6,5,7,5,0,1,100,209,True,True,West,2024-02,0.7646,1
7744,Alex Patel,Basic,699,10,4,0,1,4,1,0,100,71,False,False,East,2024-07,0.8583,1
7745,Alex Brown,Ultra,2499,14,7,5,2,2,0,1,1000,198,False,False,South,2024-02,0.8528,1
7746,Reese Smith,Plus,999,28,2,4,7,1,1,1,200,103,True,False,North,2024-04,0.5422,0
7747,Quinn Garcia,Plus,999,53,3,5,5,5,0,1,200,168,False,False,East,2024-12,0.8425,1
7748,Jamie Martinez,Premium,1499,24,3,5,4,5,1,1,500,105,False,False,East,2024-05,0.9028,0
7749,Casey Johnson,Premium,1499,59,2,2,5,5,1,1,500,316,False,True,North,2024-09,0.8727,1
7750,Alex Martinez,Basic,699,50,1,2,5,4,0,1,100,257,True,False,East,2024-06,0.7985,1
7751,Reese Davis,Ultra,2499,30,7,7,5,4,0,1,1000,173,False,False,North,2024-10,0.9258,1
7752,Morgan Johnson,Basic,699,20,3,4,3,2,0,0,100,296,True,False,West,2024-05,0.5486,1
7753,Avery Patel,Ultra,2499,52,3,7,7,4,0,1,1000,105,False,False,South,2024-01,0.8879,0
7754,Casey Davis,Premium,1499,39,1,2,4,0,0,0,500,199,False,False,East,2024-08,0.664,1
7755,Quinn Patel,Ultra,2499,37,2,2,3,0,1,1,1000,207,True,False,South,2024-12,0.4386,0
7756,Jamie Brown,Ultra,2499,46,4,2,0,2,0,0,1000,250,False,False,South,2024-03,0.4732,0
7757,Avery Nguyen,Basic,699,28,8,3,5,1,0,0,100,156,False,False,West,2024-09,0.795,1
7758,Riley Smith,Plus,999,60,1,4,3,5,1,1,200,205,False,True,South,2024-03,0.644,1
7759,Quinn Brown,Ultra,2499,58,3,2,5,0,0,0,1000,146,False,False,West,2024-02,0.7582,0
7760,Casey Smith,Ultra,2499,42,7,3,8,1,0,0,1000,228,False,True,West,2024-03,0.6103,0
7761,Casey Lee,Ultra,2499,54,5,5,8,0,1,1,1000,180,False,False,South,2024-05,0.8418,1
7762,Jordan Brown,Ultra,2499,16,4,4,7,5,0,0,1000,20,False,True,North,2024-05,0.8978,1
7763,Reese Lee,Plus,999,36,7,6,3,3,1,1,200,152,False,False,North,2024-06,0.9084,1
7764,Avery Garcia,Plus,999,13,3,3,6,5,1,0,200,172,False,False,West,2024-01,0.6253,1
7765,Taylor Patel,Basic,699,26,1,1,2,4,1,0,100,117,False,False,North,2024-07,0.7665,1
7766,Taylor Martinez,Basic,699,30,2,2,2,1,0,1,100,275,False,False,West,2024-05,0.3774,0
7767,Taylor Smith,Basic,699,9,8,3,1,4,1,1,100,222,False,False,East,2024-03,0.8346,1
7768,Taylor Patel,Ultra,2499,20,7,1,0,5,1,0,1000,155,False,True,North,2024-09,0.8949,1
7769,Casey Martinez,Premium,1499,5,8,1,8,2,1,1,500,258,True,False,North,2024-04,0.8617,1
7770,Jordan Davis,Plus,999,24,7,5,3,1,1,1,200,176,False,False,West,2024-11,0.8587,1
7771,Avery Smith,Basic,699,57,1,1,4,1,1,1,100,126,False,False,West,2024-04,0.6186,1
7772,Casey Patel,Premium,1499,37,3,2,8,1,0,1,500,186,False,False,South,2024-01,0.758,1
7773,Reese Smith,Ultra,2499,12,5,7,5,2,0,1,1000,125,False,False,North,2024-05,0.8707,1
7774,Jamie Davis,Ultra,2499,34,4,1,2,4,1,1,1000,170,False,False,East,2024-04,0.8218,0
7775,Taylor Nguyen,Ultra,2499,12,2,7,7,4,1,1,1000,118,True,True,East,2024-10,0.9086,1
7776,Jamie Brown,Plus,999,58,5,5,0,5,1,1,200,56,False,False,South,2024-05,0.8906,1
7777,Jordan Nguyen,Plus,999,49,0,6,2,2,1,1,200,20,False,False,East,2024-03,0.4617,0
7778,Morgan Smith,Basic,699,47,5,6,6,3,1,1,100,244,False,True,West,2024-07,0.6881,1
7779,Jamie Garcia,Ultra,2499,10,5,4,2,5,0,0,1000,230,False,True,East,2024-05,0.6928,0
7780,Morgan Patel,Ultra,2499,9,4,4,0,0,1,1,1000,20,True,True,South,2024-03,0.808,0
7781,Casey Garcia,Premium,1499,59,5,1,8,0,1,0,500,20,False,False,West,2024-11,0.8164,1
7782,Avery Garcia,Premium,1499,31,2,4,8,3,0,0,500,179,False,False,East,2024-03,0.7769,0
7783,Taylor Martinez,Ultra,2499,16,1,5,1,5,0,0,1000,314,False,True,North,2024-07,0.8352,0
7784,Avery Nguyen,Ultra,2499,31,7,4,5,0,0,0,1000,120,False,False,West,2024-02,0.8605,1
7785,Casey Garcia,Premium,1499,53,1,4,2,5,1,1,500,54,False,False,South,2024-11,0.8214,1
7786,Morgan Garcia,Ultra,2499,31,7,5,5,4,1,1,1000,20,False,True,North,2024-10,0.9469,1
7787,Riley Patel,Ultra,2499,22,3,5,7,0,0,0,1000,203,False,False,South,2024-05,0.8204,1
7788,Alex Patel,Ultra,2499,29,4,7,1,3,1,1,1000,201,False,False,West,2024-01,0.6215,1
7789,Avery Martinez,Ultra,2499,32,4,2,1,2,1,1,1000,185,False,False,East,2024-03,0.7876,0
7790,Taylor Brown,Plus,999,14,0,0,7,2,1,0,200,187,False,False,North,2024-12,0.694,1
7791,Riley Johnson,Plus,999,8,4,6,6,2,0,0,200,176,False,False,South,2024-07,0.618,0
7792,Taylor Nguyen,Ultra,2499,2,4,5,2,1,1,1,1000,187,True,False,East,2024-01,0.8232,1
7793,Reese Smith,Ultra,2499,21,2,3,1,4,1,0,1000,85,False,True,South,2024-02,0.8419,1
7794,Avery Patel,Ultra,2499,22,8,1,7,0,1,1,1000,158,False,True,South,2024-01,0.5788,0
7795,Casey Patel,Premium,1499,7,1,5,6,4,1,0,500,103,False,True,West,2024-05,0.8543,1
7796,Avery Garcia,Plus,999,60,4,1,6,3,1,0,200,120,False,True,North,2024-08,0.8451,1
7797,Alex Martinez,Ultra,2499,9,4,1,0,1,1,1,1000,133,False,False,South,2024-05,0.7639,1
7798,Morgan Martinez,Basic,699,42,1,4,1,3,1,1,100,192,False,False,South,2024-01,0.8096,1
7799,Avery Brown,Basic,699,9,0,7,6,0,1,1,100,208,False,True,West,2024-07,0.7307,1
7800,Quinn Martinez,Premium,1499,33,3,4,7,0,0,0,500,253,False,False,East,2024-05,0.7491,1
7801,Casey Brown,Basic,699,51,5,5,7,4,0,0,100,196,False,False,North,2024-05,0.8833,1
7802,Taylor Johnson,Basic,699,39,4,0,5,1,0,0,100,329,False,False,West,2024-12,0.4591,0
7803,Avery Garcia,Ultra,2499,23,3,4,0,5,1,0,1000,128,True,False,East,2024-03,0.857,1
7804,Morgan Johnson,Basic,699,34,7,1,0,3,0,1,100,197,False,True,East,2024-01,0.813,0
7805,Jordan Khan,Premium,1499,22,5,0,7,5,0,0,500,182,False,False,North,2024-09,0.8464,1
7806,Jamie Khan,Plus,999,8,2,7,4,1,0,0,200,129,False,True,East,2024-01,0.4998,0
7807,Morgan Davis,Plus,999,7,0,1,1,2,1,0,200,266,False,False,North,2024-02,0.3261,0
7808,Jordan Nguyen,Plus,999,14,5,3,4,0,0,0,200,125,False,False,West,2024-05,0.4793,0
7809,Taylor Patel,Plus,999,34,4,2,8,5,1,1,200,152,True,False,East,2024-03,0.9058,1
7810,Reese Lee,Ultra,2499,38,2,7,5,1,1,0,1000,356,False,False,North,2024-05,0.8258,1
7811,Taylor Garcia,Premium,1499,54,0,2,5,5,1,0,500,236,False,False,North,2024-02,0.8051,1
7812,Taylor Martinez,Premium,1499,19,5,6,6,4,0,1,500,172,False,False,North,2024-05,0.9109,1
7813,Morgan Garcia,Ultra,2499,41,7,5,0,0,1,0,1000,166,False,False,East,2024-04,0.6034,1
7814,Jamie Smith,Ultra,2499,17,3,2,7,4,0,0,1000,158,False,False,North,2024-05,0.8542,0
7815,Riley Johnson,Basic,699,34,8,1,8,2,1,1,100,44,False,False,East,2024-10,0.8693,1
7816,Casey Lee,Ultra,2499,54,0,6,8,0,1,1,1000,259,False,False,South,2024-03,0.4578,0
7817,Jamie Davis,Premium,1499,50,6,0,6,2,0,1,500,20,False,True,South,2024-07,0.8525,1
7818,Avery Khan,Basic,699,25,6,6,3,3,0,0,100,181,True,True,North,2024-03,0.9096,1
7819,Reese Garcia,Plus,999,33,7,5,7,2,1,0,200,320,False,False,East,2024-05,0.8883,1
7820,Casey Garcia,Premium,1499,5,4,2,5,3,0,0,500,120,False,False,South,2024-05,0.8183,1
7821,Avery Davis,Ultra,2499,49,4,4,2,4,0,1,1000,193,False,False,South,2024-02,0.8522,1
7822,Morgan Garcia,Basic,699,59,8,0,0,5,1,0,100,141,True,True,South,2024-12,0.8707,1
7823,Quinn Davis,Plus,999,12,2,5,5,3,0,1,200,212,False,False,East,2024-11,0.5415,0
7824,Jamie Smith,Premium,1499,20,7,2,6,2,1,0,500,116,False,False,North,2024-04,0.6077,1
7825,Taylor Nguyen,Premium,1499,6,1,7,5,3,1,0,500,20,False,True,West,2024-03,0.8814,0
7826,Morgan Davis,Plus,999,19,3,0,8,1,1,0,200,181,False,False,East,2024-10,0.4399,0
7827,Quinn Patel,Plus,999,20,2,5,8,4,1,0,200,215,True,True,West,2024-04,0.901,1
7828,Riley Garcia,Ultra,2499,51,1,3,1,3,1,1,1000,172,False,True,West,2024-10,0.7786,1
7829,Reese Davis,Premium,1499,27,1,7,3,1,1,1,500,81,False,False,West,2024-07,0.776,1
7830,Reese Khan,Basic,699,51,2,6,0,5,1,1,100,183,False,True,East,2024-07,0.8429,1
7831,Quinn Garcia,Basic,699,55,2,7,5,5,0,0,100,240,True,False,West,2024-07,0.6367,1
7832,Jamie Patel,Plus,999,30,6,5,0,4,1,0,200,195,False,False,East,2024-09,0.8752,1
7833,Riley Nguyen,Plus,999,42,5,6,2,1,1,1,200,232,True,False,South,2024-07,0.8705,1
7834,Avery Nguyen,Premium,1499,51,2,7,3,5,1,0,500,228,False,False,South,2024-06,0.8448,0
7835,Reese Davis,Basic,699,9,0,0,5,3,0,0,100,263,False,True,West,2024-02,0.7593,1
7836,Quinn Johnson,Basic,699,56,2,5,0,2,0,1,100,146,False,False,North,2024-05,0.7418,1
7837,Riley Martinez,Basic,699,23,6,3,4,2,0,1,100,117,False,True,West,2024-01,0.5069,0
7838,Avery Johnson,Plus,999,45,2,1,7,5,0,1,200,128,False,False,South,2024-01,0.8083,1
7839,Avery Brown,Ultra,2499,23,2,5,6,3,1,0,1000,155,False,False,North,2024-10,0.8489,0
7840,Jamie Khan,Ultra,2499,32,4,1,6,5,1,1,1000,128,False,False,West,2024-07,0.8796,1
7841,Morgan Nguyen,Ultra,2499,50,7,7,6,4,0,1,1000,126,False,False,West,2024-04,0.9256,1
7842,Jordan Garcia,Premium,1499,5,8,2,0,4,0,1,500,227,False,False,West,2024-06,0.8857,1
7843,Alex Lee,Premium,1499,4,0,0,2,3,1,1,500,258,True,False,West,2024-04,0.4247,0
7844,Jordan Lee,Premium,1499,60,6,5,2,4,1,1,500,136,True,False,North,2024-12,0.9117,1
7845,Morgan Patel,Basic,699,30,2,0,1,1,1,0,100,202,True,True,West,2024-02,0.3437,0
7846,Jordan Lee,Premium,1499,28,2,6,6,1,0,0,500,234,False,True,South,2024-09,0.8069,1
7847,Jordan Smith,Basic,699,21,5,6,7,1,1,1,100,162,False,True,West,2024-12,0.896,1
7848,Alex Johnson,Ultra,2499,27,1,2,8,3,0,1,1000,159,True,False,East,2024-12,0.4972,0
7849,Morgan Davis,Premium,1499,47,2,6,2,4,0,1,500,170,False,False,East,2024-06,0.5286,1
7850,Reese Khan,Ultra,2499,52,7,7,2,1,0,1,1000,262,False,False,North,2024-09,0.8245,1
7851,Avery Martinez,Basic,699,2,2,5,3,4,1,1,100,202,False,False,East,2024-11,0.8678,1
7852,Avery Garcia,Premium,1499,59,3,7,7,1,0,1,500,113,True,False,East,2024-01,0.857,0
7853,Avery Brown,Ultra,2499,17,8,7,6,0,1,0,1000,116,False,False,West,2024-08,0.9037,1
7854,Reese Lee,Plus,999,38,6,4,7,0,0,0,200,100,True,True,North,2024-10,0.8484,1
7855,Alex Nguyen,Basic,699,18,3,0,1,1,1,0,100,94,False,False,West,2024-11,0.6286,1
7856,Quinn Smith,Premium,1499,39,0,5,5,5,0,1,500,291,True,False,West,2024-02,0.8678,1
7857,Morgan Khan,Ultra,2499,43,6,0,2,3,1,1,1000,189,False,False,West,2024-08,0.5079,0
7858,Jamie Patel,Premium,1499,30,8,4,3,1,1,0,500,243,False,True,North,2024-06,0.8464,1
7859,Casey Nguyen,Plus,999,1,1,3,6,2,1,0,200,235,False,False,North,2024-11,0.7857,1
7860,Riley Patel,Basic,699,34,5,7,8,3,0,0,100,134,False,False,North,2024-06,0.9015,1
7861,Morgan Smith,Plus,999,2,0,5,4,4,0,0,200,240,False,False,North,2024-12,0.8277,1
7862,Jordan Brown,Ultra,2499,13,5,6,4,2,0,0,1000,106,False,False,North,2024-02,0.8597,0
7863,Riley Davis,Basic,699,35,4,1,2,2,0,0,100,190,True,False,East,2024-11,0.7335,1
7864,Jamie Davis,Plus,999,54,7,7,0,3,1,1,200,275,True,False,West,2024-10,0.8389,1
7865,Jamie Brown,Premium,1499,13,3,5,4,2,1,1,500,125,False,False,East,2024-11,0.8339,1
7866,Jordan Davis,Ultra,2499,49,8,0,1,0,1,1,1000,20,False,False,West,2024-08,0.3824,0
7867,Quinn Martinez,Plus,999,14,8,3,1,5,0,1,200,223,False,False,West,2024-07,0.5998,0
7868,Alex Johnson,Basic,699,21,0,3,7,4,1,1,100,290,False,False,East,2024-06,0.8484,1
7869,Quinn Garcia,Ultra,2499,27,2,4,2,1,1,1,1000,210,True,False,West,2024-12,0.4843,0
7870,Morgan Brown,Plus,999,2,5,7,8,2,1,0,200,184,True,True,South,2024-06,0.6529,0
7871,Quinn Khan,Ultra,2499,27,3,2,2,4,1,1,1000,82,True,False,North,2024-04,0.8382,1
7872,Jamie Khan,Ultra,2499,38,5,0,3,5,0,1,1000,223,False,True,North,2024-06,0.5899,1
7873,Jordan Brown,Ultra,2499,10,5,4,0,1,0,0,1000,117,False,False,South,2024-03,0.4902,0
7874,Jamie Johnson,Premium,1499,39,1,0,2,3,1,1,500,283,False,False,South,2024-07,0.7447,0
7875,Taylor Khan,Ultra,2499,9,8,0,6,4,1,0,1000,249,True,False,West,2024-09,0.8835,1
7876,Reese Smith,Plus,999,60,2,1,3,0,0,1,200,255,True,False,South,2024-10,0.3367,0
7877,Riley Garcia,Basic,699,47,2,0,6,1,1,1,100,215,True,False,North,2024-09,0.4464,0
7878,Quinn Nguyen,Basic,699,38,0,5,5,5,1,1,100,171,False,False,East,2024-02,0.555,1
7879,Casey Johnson,Ultra,2499,20,2,7,1,2,0,0,1000,174,False,True,North,2024-04,0.532,0
7880,Quinn Nguyen,Basic,699,46,8,7,5,3,1,0,100,149,False,False,North,2024-09,0.7358,1
7881,Reese Martinez,Basic,699,18,5,2,7,4,0,0,100,231,True,False,North,2024-03,0.8716,0
7882,Alex Brown,Ultra,2499,18,1,1,1,3,1,1,1000,277,False,False,South,2024-12,0.3768,0
7883,Taylor Smith,Plus,999,19,6,7,4,0,0,0,200,285,False,False,West,2024-03,0.8462,1
7884,Riley Brown,Ultra,2499,5,1,2,3,4,1,1,1000,178,False,False,North,2024-02,0.4867,0
7885,Jamie Khan,Ultra,2499,38,3,2,4,1,1,0,1000,173,False,False,East,2024-12,0.772,1
7886,Quinn Smith,Ultra,2499,13,4,7,4,4,0,1,1000,91,True,True,North,2024-07,0.9027,1
7887,Casey Brown,Basic,699,22,3,2,2,3,1,1,100,123,False,False,North,2024-08,0.7987,1
7888,Quinn Martinez,Ultra,2499,13,3,4,2,4,0,0,1000,271,False,False,East,2024-02,0.7983,1
7889,Jamie Johnson,Ultra,2499,2,2,6,8,3,1,1,1000,299,False,False,North,2024-08,0.889,1
7890,Avery Johnson,Basic,699,19,0,4,5,0,0,1,100,111,True,False,East,2024-09,0.7376,0
7891,Casey Brown,Basic,699,58,2,5,3,1,1,0,100,148,False,True,North,2024-06,0.7954,1
7892,Riley Patel,Ultra,2499,14,7,1,7,1,1,1,1000,151,False,False,North,2024-07,0.8246,0
7893,Reese Garcia,Ultra,2499,1,3,3,0,3,1,0,1000,230,False,False,West,2024-07,0.7969,1
7894,Alex Khan,Basic,699,56,0,2,0,4,1,0,100,79,False,False,South,2024-04,0.4238,0
7895,Avery Davis,Plus,999,24,0,3,0,1,0,1,200,95,False,False,West,2024-09,0.5664,0
7896,Jamie Martinez,Basic,699,10,6,3,8,5,0,0,100,263,True,False,South,2024-08,0.6771,1
7897,Avery Martinez,Basic,699,37,0,0,1,2,0,1,100,20,False,False,North,2024-07,0.3002,0
7898,Reese Khan,Basic,699,40,7,4,5,4,0,1,100,158,False,False,East,2024-09,0.6564,0
7899,Alex Patel,Premium,1499,47,8,4,1,1,0,0,500,157,False,True,West,2024-03,0.8256,1
7900,Morgan Lee,Basic,699,41,4,2,2,1,1,0,100,127,False,False,South,2024-07,0.4879,0
7901,Taylor Khan,Basic,699,24,3,6,2,1,0,0,100,76,False,False,South,2024-11,0.5067,0
7902,Jordan Davis,Premium,1499,51,8,1,0,2,1,0,500,224,False,True,East,2024-08,0.7885,1
7903,Jordan Lee,Premium,1499,18,2,5,8,2,0,1,500,108,False,False,East,2024-10,0.5824,1
7904,Morgan Brown,Plus,999,34,8,6,4,3,1,0,200,110,False,False,West,2024-03,0.8927,1
7905,Quinn Smith,Basic,699,10,1,7,3,3,1,0,100,242,False,True,South,2024-04,0.8369,1
7906,Reese Martinez,Basic,699,29,4,5,3,1,0,1,100,54,False,True,North,2024-06,0.8608,1
7907,Morgan Nguyen,Plus,999,12,0,2,6,4,1,1,200,142,True,True,North,2024-07,0.5373,1
7908,Taylor Johnson,Premium,1499,29,7,5,0,5,0,1,500,197,False,False,South,2024-07,0.8903,1
7909,Avery Khan,Premium,1499,43,2,3,4,1,0,0,500,317,False,False,South,2024-02,0.6966,1
7910,Reese Brown,Plus,999,53,7,1,6,4,0,1,200,237,True,True,West,2024-02,0.8995,1
7911,Casey Brown,Premium,1499,42,5,5,0,5,1,1,500,170,False,False,North,2024-06,0.8955,1
7912,Alex Johnson,Basic,699,53,6,2,8,5,1,1,100,245,True,False,South,2024-07,0.8969,0
7913,Reese Smith,Basic,699,7,3,0,6,2,1,1,100,302,False,False,West,2024-05,0.4173,0
7914,Quinn Khan,Premium,1499,51,2,5,3,2,1,1,500,100,False,False,West,2024-09,0.5127,0
7915,Morgan Davis,Premium,1499,4,8,1,6,3,1,1,500,314,True,True,South,2024-05,0.905,0
7916,Jordan Johnson,Premium,1499,13,3,2,1,1,0,0,500,177,False,False,South,2024-06,0.7455,1
7917,Jordan Johnson,Basic,699,29,6,4,7,0,1,0,100,158,False,False,West,2024-09,0.8282,1
7918,Morgan Martinez,Premium,1499,56,2,0,1,0,1,0,500,150,False,True,East,2024-05,0.7017,1
7919,Avery Davis,Premium,1499,46,8,0,5,4,0,0,500,184,False,False,East,2024-03,0.8859,1
7920,Morgan Garcia,Basic,699,56,8,7,1,3,0,0,100,231,False,False,South,2024-08,0.8486,1
7921,Quinn Khan,Ultra,2499,16,2,5,4,5,0,1,1000,183,False,False,East,2024-02,0.5774,1
7922,Jordan Martinez,Basic,699,5,5,0,2,2,0,1,100,133,False,False,West,2024-10,0.8632,1
7923,Quinn Davis,Premium,1499,17,3,1,1,5,1,0,500,251,False,False,North,2024-12,0.8319,1
7924,Alex Martinez,Ultra,2499,24,2,3,6,5,1,0,1000,136,True,False,West,2024-04,0.9093,1
7925,Morgan Smith,Plus,999,45,4,0,7,2,1,1,200,256,True,True,North,2024-04,0.869,1
7926,Alex Smith,Ultra,2499,4,0,3,4,1,0,1,1000,308,True,False,North,2024-11,0.7044,0
7927,Riley Nguyen,Ultra,2499,38,6,1,8,5,1,0,1000,102,False,False,West,2024-01,0.6636,1
7928,Reese Patel,Ultra,2499,13,6,5,2,5,1,1,1000,113,False,False,West,2024-01,0.7228,0
7929,Morgan Davis,Premium,1499,41,4,0,3,3,1,0,500,140,False,True,South,2024-09,0.8558,1
7930,Morgan Johnson,Basic,699,47,7,5,2,2,0,0,100,313,False,False,East,2024-09,0.8401,1
7931,Morgan Martinez,Ultra,2499,26,5,3,8,2,1,0,1000,316,False,False,South,2024-11,0.6711,0
7932,Morgan Davis,Premium,1499,15,0,4,1,4,1,0,500,148,True,False,North,2024-03,0.4228,0
7933,Taylor Martinez,Plus,999,5,8,5,3,3,0,0,200,164,True,False,South,2024-08,0.8811,1
7934,Quinn Johnson,Basic,699,39,6,0,7,2,0,0,100,194,False,False,South,2024-06,0.5233,0
7935,Casey Brown,Plus,999,29,6,0,3,4,0,0,200,184,False,False,East,2024-03,0.5495,1
7936,Jamie Brown,Ultra,2499,31,1,5,0,1,1,0,1000,95,True,True,East,2024-04,0.468,0
7937,Quinn Martinez,Premium,1499,36,1,0,8,2,1,0,500,149,False,False,South,2024-10,0.4354,0
7938,Casey Lee,Basic,699,59,8,4,7,4,1,0,100,247,False,False,South,2024-08,0.8934,1
7939,Riley Patel,Basic,699,50,7,6,4,4,0,1,100,160,False,True,South,2024-10,0.9074,1
7940,Quinn Nguyen,Premium,1499,34,5,4,5,5,1,0,500,144,False,True,West,2024-09,0.9286,1
7941,Morgan Patel,Basic,699,17,0,4,5,5,1,0,100,129,False,False,South,2024-10,0.5416,0
7942,Alex Davis,Plus,999,39,4,5,7,4,1,0,200,130,True,False,East,2024-03,0.9208,1
7943,Riley Garcia,Plus,999,7,5,3,0,0,0,0,200,145,False,False,West,2024-08,0.7249,1
7944,Avery Garcia,Ultra,2499,18,6,2,4,1,0,0,1000,318,False,False,North,2024-04,0.8098,0
7945,Riley Khan,Plus,999,59,8,4,1,1,1,1,200,257,False,True,West,2024-04,0.863,1
7946,Alex Brown,Plus,999,18,3,0,3,2,1,1,200,251,False,False,South,2024-08,0.7364,0
7947,Reese Davis,Plus,999,32,0,6,5,5,1,1,200,224,False,False,West,2024-12,0.5639,1
7948,Casey Patel,Premium,1499,1,0,6,0,0,0,0,500,125,True,False,West,2024-07,0.3565,0
7949,Riley Martinez,Plus,999,10,8,7,7,0,1,1,200,336,False,False,East,2024-03,0.8651,1
7950,Alex Garcia,Plus,999,19,8,4,3,2,0,1,200,122,False,False,North,2024-08,0.8151,1
7951,Reese Patel,Plus,999,2,2,5,6,1,1,0,200,219,False,False,South,2024-12,0.8364,1
7952,Taylor Johnson,Ultra,2499,10,7,4,6,4,1,1,1000,256,False,True,North,2024-06,0.7722,1
7953,Casey Patel,Basic,699,26,3,5,3,1,0,1,100,83,False,False,West,2024-06,0.7538,1
7954,Jamie Johnson,Basic,699,34,7,2,8,0,0,1,100,275,True,False,East,2024-08,0.816,1
7955,Jamie Davis,Premium,1499,1,0,6,3,1,1,1,500,263,False,False,South,2024-09,0.7888,1
7956,Taylor Khan,Basic,699,12,6,1,0,1,1,1,100,112,False,False,West,2024-06,0.4169,0
7957,Riley Davis,Basic,699,35,5,1,8,3,0,1,100,112,False,False,North,2024-12,0.5288,0
7958,Riley Lee,Premium,1499,21,3,4,3,0,0,0,500,194,True,False,South,2024-02,0.7819,0
7959,Jordan Khan,Basic,699,16,5,2,4,3,0,0,100,68,False,False,South,2024-01,0.8372,1
7960,Jordan Nguyen,Premium,1499,12,8,4,8,3,1,1,500,138,False,False,East,2024-08,0.6798,1
7961,Jordan Davis,Basic,699,5,5,5,7,3,0,0,100,189,False,False,North,2024-04,0.6496,0
7962,Quinn Patel,Basic,699,26,7,3,8,5,1,1,100,276,False,True,West,2024-10,0.9327,1
7963,Alex Nguyen,Ultra,2499,10,2,2,8,5,0,0,1000,262,False,False,East,2024-05,0.5562,1
7964,Casey Brown,Ultra,2499,4,4,5,5,3,1,0,1000,112,False,True,West,2024-05,0.904,1
7965,Riley Brown,Premium,1499,5,1,3,3,4,1,0,500,169,False,True,North,2024-11,0.8262,1
7966,Avery Khan,Plus,999,5,7,3,0,4,0,1,200,97,False,False,South,2024-06,0.846,1
7967,Morgan Patel,Ultra,2499,13,2,4,7,3,1,0,1000,151,False,False,South,2024-09,0.8668,1
7968,Riley Davis,Ultra,2499,14,1,5,3,5,0,0,1000,226,True,True,West,2024-04,0.8834,1
7969,Quinn Patel,Basic,699,24,7,4,8,5,0,1,100,91,False,False,West,2024-12,0.7232,0
7970,Reese Nguyen,Premium,1499,43,2,5,7,1,0,0,500,129,False,True,South,2024-03,0.7953,1
7971,Taylor Nguyen,Plus,999,29,6,2,8,3,1,0,200,149,True,False,West,2024-11,0.9047,0
7972,Riley Brown,Plus,999,7,6,7,8,3,1,1,200,153,False,False,North,2024-03,0.9331,1
7973,Jamie Patel,Premium,1499,19,1,4,3,4,1,0,500,218,False,False,East,2024-07,0.5227,1
7974,Casey Smith,Plus,999,44,0,1,6,2,0,1,200,261,True,False,North,2024-06,0.7402,0
7975,Alex Smith,Plus,999,2,7,3,3,4,1,1,200,114,False,False,North,2024-07,0.7269,1
7976,Reese Brown,Plus,999,44,2,5,2,4,0,0,200,198,False,False,South,2024-12,0.5157,1
7977,Reese Johnson,Plus,999,16,8,5,3,0,1,1,200,120,True,False,North,2024-04,0.8707,1
7978,Jamie Khan,Ultra,2499,59,2,1,2,2,1,0,1000,216,True,False,North,2024-05,0.7728,1
7979,Quinn Patel,Basic,699,23,8,6,8,2,1,0,100,144,True,True,South,2024-02,0.9292,1
7980,Taylor Brown,Plus,999,31,5,5,5,1,0,1,200,243,False,False,West,2024-02,0.8234,1
7981,Jamie Davis,Plus,999,39,0,3,7,1,0,0,200,80,True,True,North,2024-02,0.7733,1
7982,Reese Garcia,Premium,1499,24,2,6,5,1,1,1,500,69,True,False,South,2024-08,0.6113,0
7983,Alex Khan,Ultra,2499,60,8,7,3,0,0,0,1000,148,True,False,South,2024-10,0.6325,0
7984,Morgan Khan,Premium,1499,52,5,5,2,0,1,1,500,152,False,True,East,2024-06,0.8527,1
7985,Avery Smith,Ultra,2499,29,6,4,1,0,0,0,1000,144,False,False,South,2024-09,0.5075,1
7986,Taylor Martinez,Plus,999,1,7,4,3,1,0,0,200,324,False,False,North,2024-05,0.8084,1
7987,Reese Johnson,Basic,699,8,1,2,2,0,1,0,100,200,False,False,South,2024-05,0.7393,1
7988,Taylor Brown,Plus,999,23,7,6,3,5,0,0,200,184,True,False,West,2024-05,0.7289,1
7989,Reese Lee,Ultra,2499,23,2,6,8,0,0,0,1000,235,False,False,East,2024-09,0.8032,1
7990,Morgan Garcia,Premium,1499,38,8,3,8,2,1,0,500,60,True,False,South,2024-07,0.9168,1
7991,Morgan Johnson,Plus,999,42,3,5,4,5,0,1,200,39,False,False,South,2024-04,0.8719,0
7992,Alex Khan,Basic,699,39,3,6,8,0,1,1,100,264,False,False,North,2024-03,0.5341,1
7993,Avery Brown,Ultra,2499,5,2,2,7,5,1,0,1000,131,False,False,East,2024-04,0.8891,1
7994,Reese Nguyen,Plus,999,9,6,1,5,2,0,1,200,120,False,False,South,2024-12,0.7936,1
7995,Avery Martinez,Ultra,2499,15,2,1,5,3,0,1,1000,199,True,False,South,2024-04,0.7913,1
7996,Jordan Khan,Premium,1499,45,3,1,7,5,0,0,500,92,False,False,South,2024-01,0.6024,1
7997,Jordan Smith,Plus,999,45,7,3,7,0,0,0,200,212,False,False,South,2024-01,0.8094,1
7998,Riley Khan,Plus,999,41,1,5,4,3,0,1,200,159,False,False,North,2024-06,0.807,1
7999,Taylor Khan,Basic,699,58,8,3,1,3,1,0,100,263,False,False,East,2024-05,0.8358,0
8000,Jordan Johnson,Basic,699,50,1,2,6,5,0,1,100,225,True,True,East,2024-11,0.8587,1
